{
    "init": -1.0,
    "total_training": 18.55166530609131,
    "largest_real_time_delta": 15.493749380111694,
    "fit_time": -1.0,
    "write_model_time": -1.0,
    "epochs": {
        "1": {
            "steps": {
                "1": 3.403771,
                "2": 0.071018,
                "3": 0.077106,
                "4": 0.075742,
                "5": 0.073712,
                "6": 0.075527,
                "7": 0.076666,
                "8": 0.073612,
                "9": 0.074491,
                "10": 0.076004,
                "11": 0.07547,
                "12": 0.073898,
                "13": 0.076884,
                "14": 0.075813,
                "15": 0.073435,
                "16": 0.075003,
                "17": 0.076305,
                "18": 0.073865,
                "19": 0.074328,
                "20": 0.075526,
                "21": 0.074736,
                "22": 0.073514,
                "23": 0.076167,
                "24": 0.074548,
                "25": 0.07432,
                "26": 0.076453,
                "27": 0.077313,
                "28": 0.073905,
                "29": 0.073656,
                "30": 0.243559
            },
            "validation_accuracy": 0.8943,
            "validation_time": 0.387266,
            "epoch_time": 6.139535665512085
        },
        "2": {
            "steps": {
                "1": 0.075768,
                "2": 0.077178,
                "3": 0.07562,
                "4": 0.074055,
                "5": 0.076629,
                "6": 0.077591,
                "7": 0.076763,
                "8": 0.074147,
                "9": 0.076453,
                "10": 0.076622,
                "11": 0.076647,
                "12": 0.073895,
                "13": 0.076632,
                "14": 0.075926,
                "15": 0.074644,
                "16": 0.074601,
                "17": 0.076717,
                "18": 0.074646,
                "19": 0.074553,
                "20": 0.076395,
                "21": 0.077372,
                "22": 0.074752,
                "23": 0.075311,
                "24": 0.076406,
                "25": 0.07683,
                "26": 0.07321,
                "27": 0.075744,
                "28": 0.076029,
                "29": 0.073696,
                "30": 0.026963
            },
            "validation_accuracy": 0.9367,
            "validation_time": 0.115979,
            "epoch_time": 2.341092348098755
        },
        "3": {
            "steps": {
                "1": 0.071593,
                "2": 0.076917,
                "3": 0.076362,
                "4": 0.07434,
                "5": 0.075031,
                "6": 0.076783,
                "7": 0.075383,
                "8": 0.073853,
                "9": 0.076506,
                "10": 0.07756,
                "11": 0.075455,
                "12": 0.07472,
                "13": 0.077084,
                "14": 0.077506,
                "15": 0.075331,
                "16": 0.074818,
                "17": 0.077279,
                "18": 0.077822,
                "19": 0.076683,
                "20": 0.074196,
                "21": 0.076599,
                "22": 0.077725,
                "23": 0.076224,
                "24": 0.075396,
                "25": 0.075578,
                "26": 0.07601,
                "27": 0.075845,
                "28": 0.074093,
                "29": 0.075703,
                "30": 0.026825
            },
            "validation_accuracy": 0.9602,
            "validation_time": 0.114307,
            "epoch_time": 2.34269642829895
        },
        "4": {
            "steps": {
                "1": 0.075617,
                "2": 0.07398,
                "3": 0.074142,
                "4": 0.076201,
                "5": 0.076183,
                "6": 0.073574,
                "7": 0.076803,
                "8": 0.07584,
                "9": 0.075094,
                "10": 0.074511,
                "11": 0.076836,
                "12": 0.075565,
                "13": 0.073321,
                "14": 0.076481,
                "15": 0.077544,
                "16": 0.074452,
                "17": 0.074662,
                "18": 0.076509,
                "19": 0.076769,
                "20": 0.073676,
                "21": 0.075673,
                "22": 0.076531,
                "23": 0.076404,
                "24": 0.073159,
                "25": 0.076676,
                "26": 0.076141,
                "27": 0.074689,
                "28": 0.075768,
                "29": 0.0759,
                "30": 0.026676
            },
            "validation_accuracy": 0.9681,
            "validation_time": 0.113091,
            "epoch_time": 2.3315610885620117
        },
        "5": {
            "steps": {
                "1": 0.072387,
                "2": 0.074889,
                "3": 0.076588,
                "4": 0.075291,
                "5": 0.075013,
                "6": 0.076393,
                "7": 0.077724,
                "8": 0.075372,
                "9": 0.075746,
                "10": 0.076487,
                "11": 0.077532,
                "12": 0.074155,
                "13": 0.074352,
                "14": 0.076524,
                "15": 0.076795,
                "16": 0.073131,
                "17": 0.075785,
                "18": 0.075902,
                "19": 0.075111,
                "20": 0.07371,
                "21": 0.076967,
                "22": 0.07566,
                "23": 0.074189,
                "24": 0.076349,
                "25": 0.076946,
                "26": 0.074387,
                "27": 0.074802,
                "28": 0.076642,
                "29": 0.075514,
                "30": 0.026857
            },
            "validation_accuracy": 0.9721,
            "validation_time": 0.115423,
            "epoch_time": 2.335648536682129
        }
    },
    "computing_system": "g4dn2xlarge-1",
    "batch_size": "2048"
}
