{
    "init": -1.0,
    "total_training": 106.51476716995239,
    "largest_real_time_delta": 103.2202799320221,
    "fit_time": 106.51476716995239,
    "write_model_time": -1.0,
    "epochs": {
        "1": {
            "steps": {
                "1": 45.673799,
                "2": 0.102445,
                "3": 0.100179,
                "4": 0.102538,
                "5": 0.100193,
                "6": 0.100182,
                "7": 0.100485,
                "8": 0.1008,
                "9": 0.101432,
                "10": 0.100696,
                "11": 0.099947,
                "12": 0.100549,
                "13": 0.102308,
                "14": 0.100683,
                "15": 0.10055,
                "16": 0.101591,
                "17": 0.099604,
                "18": 0.100203,
                "19": 0.099974,
                "20": 0.099225,
                "21": 0.099051,
                "22": 0.098941,
                "23": 0.09919,
                "24": 0.101601,
                "25": 0.101208,
                "26": 0.101246,
                "27": 0.10081,
                "28": 0.099685,
                "29": 0.099664,
                "30": 0.099356,
                "31": 0.099456,
                "32": 0.099372,
                "33": 0.099973,
                "34": 0.09956,
                "35": 0.098612,
                "36": 0.099299,
                "37": 0.099992,
                "38": 0.099014,
                "39": 0.101787,
                "40": 0.099467,
                "41": 0.099696,
                "42": 0.100063,
                "43": 0.09935,
                "44": 0.099496,
                "45": 0.100003,
                "46": 0.100806,
                "47": 0.100435,
                "48": 0.100161,
                "49": 0.099772,
                "50": 0.099906,
                "51": 0.102393,
                "52": 0.099709,
                "53": 0.101594,
                "54": 0.099899,
                "55": 0.102264,
                "56": 0.100137,
                "57": 0.100075,
                "58": 0.099828,
                "59": 0.100175,
                "60": 0.100427,
                "61": 0.101009,
                "62": 0.099352,
                "63": 0.099885,
                "64": 0.099412,
                "65": 0.09949,
                "66": 0.100838,
                "67": 0.101471,
                "68": 0.100023,
                "69": 0.100695,
                "70": 0.101134,
                "71": 0.100997,
                "72": 0.100181,
                "73": 0.099574,
                "74": 0.098978,
                "75": 0.099724,
                "76": 0.100129,
                "77": 0.100358,
                "78": 0.101196,
                "79": 0.098992,
                "80": 0.10043,
                "81": 0.100494,
                "82": 0.099805,
                "83": 0.100158,
                "84": 0.100123,
                "85": 0.100918,
                "86": 0.100625,
                "87": 0.100214,
                "88": 0.100376,
                "89": 0.100618,
                "90": 0.1,
                "91": 0.100202,
                "92": 0.100143,
                "93": 0.101104,
                "94": 0.099751,
                "95": 0.099202,
                "96": 0.099843,
                "97": 0.10011,
                "98": 1.552117
            },
            "validation_time": 4.501379,
            "epoch_time": 62.12814021110535,
            "validation_accuracy": 0.0
        },
        "2": {
            "steps": {
                "1": 0.105602,
                "2": 0.099908,
                "3": 0.100263,
                "4": 0.099866,
                "5": 0.09944,
                "6": 0.101649,
                "7": 0.101757,
                "8": 0.100435,
                "9": 0.100689,
                "10": 0.099213,
                "11": 0.098943,
                "12": 0.100003,
                "13": 0.101225,
                "14": 0.098653,
                "15": 0.100136,
                "16": 0.102012,
                "17": 0.101014,
                "18": 0.100863,
                "19": 0.101176,
                "20": 0.10036,
                "21": 0.100742,
                "22": 0.101894,
                "23": 0.100315,
                "24": 0.100359,
                "25": 0.100211,
                "26": 0.102574,
                "27": 0.101228,
                "28": 0.101561,
                "29": 0.101229,
                "30": 0.101036,
                "31": 0.101081,
                "32": 0.101712,
                "33": 0.101521,
                "34": 0.10051,
                "35": 0.099809,
                "36": 0.102201,
                "37": 0.100537,
                "38": 0.099912,
                "39": 0.099983,
                "40": 0.099182,
                "41": 0.101024,
                "42": 0.105913,
                "43": 0.099773,
                "44": 0.101037,
                "45": 0.101176,
                "46": 0.102295,
                "47": 0.099715,
                "48": 0.099904,
                "49": 0.099179,
                "50": 0.100178,
                "51": 0.100742,
                "52": 0.100146,
                "53": 0.100378,
                "54": 0.100725,
                "55": 0.100366,
                "56": 0.10144,
                "57": 0.101603,
                "58": 0.101853,
                "59": 0.100603,
                "60": 0.101603,
                "61": 0.100289,
                "62": 0.100543,
                "63": 0.101088,
                "64": 0.099347,
                "65": 0.099749,
                "66": 0.100334,
                "67": 0.098964,
                "68": 0.099708,
                "69": 0.099596,
                "70": 0.099536,
                "71": 0.101485,
                "72": 0.101655,
                "73": 0.099676,
                "74": 0.10044,
                "75": 0.100694,
                "76": 0.100491,
                "77": 0.100457,
                "78": 0.100824,
                "79": 0.100194,
                "80": 0.101547,
                "81": 0.100496,
                "82": 0.099225,
                "83": 0.100044,
                "84": 0.100161,
                "85": 0.102685,
                "86": 0.099021,
                "87": 0.102177,
                "88": 0.101161,
                "89": 0.099727,
                "90": 0.099906,
                "91": 0.100977,
                "92": 0.100137,
                "93": 0.101422,
                "94": 0.101386,
                "95": 0.103086,
                "96": 0.100885,
                "97": 0.099322,
                "98": 0.107789
            },
            "validation_time": 0.372997,
            "epoch_time": 10.254091262817383,
            "validation_accuracy": 0.0997
        },
        "3": {
            "steps": {
                "1": 0.100611,
                "2": 0.099664,
                "3": 0.100603,
                "4": 0.099518,
                "5": 0.100229,
                "6": 0.099986,
                "7": 0.100588,
                "8": 0.101168,
                "9": 0.100437,
                "10": 0.100689,
                "11": 0.100384,
                "12": 0.10007,
                "13": 0.100938,
                "14": 0.100471,
                "15": 0.101909,
                "16": 0.10033,
                "17": 0.100329,
                "18": 0.101356,
                "19": 0.100781,
                "20": 0.100827,
                "21": 0.099806,
                "22": 0.100932,
                "23": 0.099534,
                "24": 0.098985,
                "25": 0.100466,
                "26": 0.099919,
                "27": 0.099983,
                "28": 0.099667,
                "29": 0.101547,
                "30": 0.099901,
                "31": 0.102026,
                "32": 0.103659,
                "33": 0.100378,
                "34": 0.101891,
                "35": 0.100317,
                "36": 0.101155,