{
    "init": -1.0,
    "total_training": 18.51704716682434,
    "largest_real_time_delta": 15.430889368057251,
    "fit_time": -1.0,
    "write_model_time": -1.0,
    "epochs": {
        "1": {
            "steps": {
                "1": 2.920001,
                "2": 0.038281,
                "3": 0.037706,
                "4": 0.037987,
                "5": 0.037957,
                "6": 0.038805,
                "7": 0.038802,
                "8": 0.038746,
                "9": 0.038673,
                "10": 0.039126,
                "11": 0.03905,
                "12": 0.039304,
                "13": 0.038745,
                "14": 0.038668,
                "15": 0.039353,
                "16": 0.038103,
                "17": 0.039246,
                "18": 0.039658,
                "19": 0.040046,
                "20": 0.039382,
                "21": 0.038956,
                "22": 0.039154,
                "23": 0.03882,
                "24": 0.039003,
                "25": 0.039619,
                "26": 0.039114,
                "27": 0.038016,
                "28": 0.037983,
                "29": 0.038726,
                "30": 0.038923,
                "31": 0.039992,
                "32": 0.039196,
                "33": 0.03947,
                "34": 0.038548,
                "35": 0.039358,
                "36": 0.039608,
                "37": 0.040168,
                "38": 0.039321,
                "39": 0.040186,
                "40": 0.039327,
                "41": 0.039288,
                "42": 0.037967,
                "43": 0.03863,
                "44": 0.038099,
                "45": 0.039654,
                "46": 0.03978,
                "47": 0.041504,
                "48": 0.039785,
                "49": 0.040047,
                "50": 0.039896,
                "51": 0.040185,
                "52": 0.039277,
                "53": 0.039455,
                "54": 0.038586,
                "55": 0.039309,
                "56": 0.038875,
                "57": 0.039124,
                "58": 0.038089,
                "59": 0.245168
            },
            "validation_accuracy": 0.9448,
            "validation_time": 0.255034,
            "epoch_time": 5.652525424957275
        },
        "2": {
            "steps": {
                "1": 0.040024,
                "2": 0.038512,
                "3": 0.03875,
                "4": 0.039005,
                "5": 0.038486,
                "6": 0.039258,
                "7": 0.038807,
                "8": 0.039027,
                "9": 0.039659,
                "10": 0.038575,
                "11": 0.038887,
                "12": 0.038293,
                "13": 0.038738,
                "14": 0.038922,
                "15": 0.039864,
                "16": 0.039263,
                "17": 0.040416,
                "18": 0.042515,
                "19": 0.041858,
                "20": 0.040418,
                "21": 0.039462,
                "22": 0.038925,
                "23": 0.039511,
                "24": 0.03957,
                "25": 0.039421,
                "26": 0.039713,
                "27": 0.039951,
                "28": 0.039386,
                "29": 0.039461,
                "30": 0.039977,
                "31": 0.039494,
                "32": 0.039557,
                "33": 0.038863,
                "34": 0.03884,
                "35": 0.038107,
                "36": 0.038734,
                "37": 0.039314,
                "38": 0.039828,
                "39": 0.039598,
                "40": 0.039653,
                "41": 0.039234,
                "42": 0.04054,
                "43": 0.040919,
                "44": 0.040732,
                "45": 0.040196,
                "46": 0.040438,
                "47": 0.039673,
                "48": 0.039437,
                "49": 0.039465,
                "50": 0.03891,
                "51": 0.039107,
                "52": 0.038219,
                "53": 0.038736,
                "54": 0.037915,
                "55": 0.038905,
                "56": 0.039633,
                "57": 0.040867,
                "58": 0.03971,
                "59": 0.026028
            },
            "validation_accuracy": 0.964,
            "validation_time": 0.120657,
            "epoch_time": 2.4381937980651855
        },
        "3": {
            "steps": {
                "1": 0.037354,
                "2": 0.037556,
                "3": 0.039063,
                "4": 0.039347,
                "5": 0.039962,
                "6": 0.040066,
                "7": 0.040903,
                "8": 0.039602,
                "9": 0.039974,
                "10": 0.039079,
                "11": 0.041107,
                "12": 0.039216,
                "13": 0.040244,
                "14": 0.039116,
                "15": 0.039124,
                "16": 0.038514,
                "17": 0.038581,
                "18": 0.03791,
                "19": 0.038166,
                "20": 0.039003,
                "21": 0.039943,
                "22": 0.039812,
                "23": 0.040636,
                "24": 0.040492,
                "25": 0.04007,
                "26": 0.039174,
                "27": 0.040062,
                "28": 0.039837,
                "29": 0.039961,
                "30": 0.039709,
                "31": 0.040128,
                "32": 0.039309,
                "33": 0.039123,
                "34": 0.03891,
                "35": 0.038712,
                "36": 0.037922,
                "37": 0.038033,
                "38": 0.039036,
                "39": 0.040027,
                "40": 0.039645,
                "41": 0.040255,
                "42": 0.041078,
                "43": 0.045358,
                "44": 0.038523,
                "45": 0.039098,
                "46": 0.03915,
                "47": 0.039665,
                "48": 0.039463,
                "49": 0.040457,
                "50": 0.039661,
                "51": 0.04033,
                "52": 0.039164,
                "53": 0.040063,
                "54": 0.039541,
                "55": 0.039946,
                "56": 0.039163,
                "57": 0.039198,
                "58": 0.037549,
                "59": 0.025226
            },
            "validation_accuracy": 0.9772,
            "validation_time": 0.121263,
            "epoch_time": 2.4407806396484375
        },
        "4": {
            "steps": {
                "1": 0.038388,
                "2": 0.039192,
                "3": 0.039423,
                "4": 0.038411,
                "5": 0.038467,
                "6": 0.037824,
                "7": 0.039439,
                "8": 0.039684,
                "9": 0.040154,
                "10": 0.039374,
                "11": 0.040057,
                "12": 0.039212,
                "13": 0.040208,
                "14": 0.039363,
                "15": 0.039279,
                "16": 0.039329,
                "17": 0.039663,
                "18": 0.039269,
                "19": 0.039775,
                "20": 0.038724,
                "21": 0.038538,
                "22": 0.037701,
                "23": 0.038271,
                "24": 0.039117,
                "25": 0.040271,
                "26": 0.039976,
                "27": 0.040464,
                "28": 0.039783,
                "29": 0.039976,
                "30": 0.039739,
                "31": 0.040439,
                "32": 0.039706,
                "33": 0.039775,
                "34": 0.039261,
                "35": 0.039658,
                "36": 0.039164,
                "37": 0.040187,
                "38": 0.040134,
                "39": 0.039648,
                "40": 0.038848,
                "41": 0.039022,
                "42": 0.037963,
                "43": 0.039033,
                "44": 0.039368,
                "45": 0.041027,
                "46": 0.040153,
                "47": 0.042658,
                "48": 0.038549,
                "49": 0.039402,