{
    "init": 7.675318956375122,
    "total_training": 57.973867178,
    "largest_real_time_delta": 47.50999999046326,
    "epochs": {
        "1": {
            "steps": {
                "1": 22.0239109993,
                "2": 0.121925115585,
                "3": 0.127126932144,
                "4": 0.126507997513,
                "5": 0.124439954758,
                "6": 0.126588106155,
                "7": 0.126317024231,
                "8": 0.128019094467,
                "9": 0.127629995346,
                "10": 0.127486944199,
                "11": 0.127175092697,
                "12": 0.123408794403,
                "13": 0.125241994858,
                "14": 0.126987934113,
                "15": 0.124372005463,
                "16": 0.127274036407,
                "17": 0.126456975937,
                "18": 0.123267889023,
                "19": 0.126088142395,
                "20": 0.127044916153,
                "21": 0.123735904694,
                "22": 0.127738952637,
                "23": 0.127926111221,
                "24": 0.127622842789,
                "25": 0.127064943314,
                "26": 0.128010988235,
                "27": 0.126748085022,
                "28": 0.12776017189,
                "29": 0.126770973206,
                "30": 0.127616882324,
                "31": 0.126576185226,
                "32": 0.124649047852,
                "33": 0.126713991165,
                "34": 0.128571033478,
                "35": 0.12665605545,
                "36": 0.128296136856,
                "37": 0.124771118164,
                "38": 0.127556800842,
                "39": 0.121644020081,
                "40": 0.311173915863
            },
            "validation_time": 0.526326179504,
            "epoch_time": 27.6767258644
        },
        "2": {
            "steps": {
                "1": 0.13287115097,
                "2": 0.12620806694,
                "3": 0.129851818085,
                "4": 0.125283002853,
                "5": 0.135688066483,
                "6": 0.123196840286,
                "7": 0.137346982956,
                "8": 0.128546953201,
                "9": 0.122725963593,
                "10": 0.121736049652,
                "11": 0.117650985718,
                "12": 0.123173952103,
                "13": 0.140266895294,
                "14": 0.128566026688,
                "15": 0.13232588768,
                "16": 0.132234096527,
                "17": 0.130006074905,
                "18": 0.123780965805,
                "19": 0.121765136719,
                "20": 0.119822978973,
                "21": 0.124434947968,
                "22": 0.122006177902,
                "23": 0.117469072342,
                "24": 0.124687194824,
                "25": 0.123904943466,
                "26": 0.122471094131,
                "27": 0.124937772751,
                "28": 0.122000932693,
                "29": 0.122642993927,
                "30": 0.121181964874,
                "31": 0.121965169907,
                "32": 0.124420881271,
                "33": 0.118541955948,
                "34": 0.124552965164,
                "35": 0.122604846954,
                "36": 0.122406959534,
                "37": 0.121716022491,
                "38": 0.124451875687,
                "39": 0.118746042252,
                "40": 0.0953919887543
            },
            "validation_time": 0.0389909744263,
            "epoch_time": 5.02801918983
        },
        "3": {
            "steps": {
                "1": 0.130524873734,
                "2": 0.120831012726,
                "3": 0.121887922287,
                "4": 0.121691942215,
                "5": 0.124813079834,
                "6": 0.118068933487,
                "7": 0.124927043915,
                "8": 0.120918989182,
                "9": 0.121183872223,
                "10": 0.119178056717,
                "11": 0.124568223953,
                "12": 0.121414899826,
                "13": 0.120996952057,
                "14": 0.12246799469,
                "15": 0.124516963959,
                "16": 0.118798017502,
                "17": 0.12371301651,
                "18": 0.115646839142,
                "19": 0.121942043304,
                "20": 0.117262125015,
                "21": 0.125612020493,
                "22": 0.121626853943,
                "23": 0.121192932129,
                "24": 0.117986917496,
                "25": 0.124421834946,
                "26": 0.122622013092,
                "27": 0.121284008026,
                "28": 0.121659994125,
                "29": 0.124287128448,
                "30": 0.118198156357,
                "31": 0.124928951263,
                "32": 0.122030973434,
                "33": 0.122354984283,
                "34": 0.117954015732,
                "35": 0.123178958893,
                "36": 0.119467973709,
                "37": 0.125535964966,
                "38": 0.122409105301,
                "39": 0.119961023331,
                "40": 0.0987238883972
            },
            "validation_time": 0.0388510227203,
            "epoch_time": 4.8991420269
        },
        "4": {
            "steps": {
                "1": 0.123275995255,
                "2": 0.120085000992,
                "3": 0.121292829514,
                "4": 0.125782966614,
                "5": 0.119941949844,
                "6": 0.120471954346,
                "7": 0.124260902405,
                "8": 0.127377986908,
                "9": 0.121474981308,
                "10": 0.123683929443,
                "11": 0.120074033737,
                "12": 0.125467061996,
                "13": 0.121779918671,
                "14": 0.122354030609,
                "15": 0.119560956955,
                "16": 0.124504089355,
                "17": 0.121216058731,
                "18": 0.122884988785,
                "19": 0.121708869934,
                "20": 0.126084804535,
                "21": 0.119812965393,
                "22": 0.124732971191,
                "23": 0.120552062988,
                "24": 0.123286962509,
                "25": 0.119838953018,
                "26": 0.126301050186,
                "27": 0.122206926346,
                "28": 0.121225118637,
                "29": 0.123119115829,
                "30": 0.125678062439,
                "31": 0.122834920883,
                "32": 0.123630046844,
                "33": 0.120368003845,
                "34": 0.125082015991,
                "35": 0.122215986252,
                "36": 0.114100933075,
                "37": 0.120624065399,
                "38": 0.115494012833,
                "39": 0.119600057602,
                "40": 0.0973200798035
            },
            "validation_time": 0.0391309261322,
            "epoch_time": 4.91033911705
        },
        "5": {
            "steps": {
                "1": 0.133464097977,
                "2": 0.131752967834,
                "3": 0.124716997147,
                "4": 0.12052989006,
                "5": 0.12420296669,
                "6": 0.125020027161,
                "7": 0.122887849808,
                "8": 0.120398044586,
                "9": 0.121909856796,
                "10": 0.123687028885,
                "11": 0.125761032104,
                "12": 0.120692968369,
                "13": 0.122601985931,
                "14": 0.125353097916,
                "15": 0.119652032852,
                "16": 0.120951890945,
                "17": 0.126981973648,
                "18": 0.125457048416,
                "19": 0.123958110809,
                "20": 0.12538599968,
                "21": 0.122668027878,
                "22": 0.121392965317,
                "23": 0.125987052917,
                "24": 0.124251127243,
                "25": 0.125919103622,
                "26": 0.124935865402,
                "27": 0.122568845749,
                "28": 0.121701002121,
                "29": 0.125591039658,
                "30": 0.125226974487,
                "31": 0.124599933624,