{
    "init": 9.254401922225952,
    "total_training": 58.6427059174,
    "largest_real_time_delta": 46.579999923706055,
    "fit_time": 49.0680527687,
    "write_model_time": 0.320218086243,
    "epochs": {
        "1": {
            "steps": {
                "1": 21.3443360329,
                "2": 0.124032974243,
                "3": 0.127894163132,
                "4": 0.12837100029,
                "5": 0.118073940277,
                "6": 0.122146129608,
                "7": 0.123435020447,
                "8": 0.123816013336,
                "9": 0.119182825089,
                "10": 0.123057126999,
                "11": 0.123433113098,
                "12": 0.124280929565,
                "13": 0.117495059967,
                "14": 0.124198913574,
                "15": 0.124241828918,
                "16": 0.123944044113,
                "17": 0.122438907623,
                "18": 0.122895956039,
                "19": 0.118724107742,
                "20": 0.121393203735,
                "21": 0.122658967972,
                "22": 0.123333930969,
                "23": 0.120223045349,
                "24": 0.122303962708,
                "25": 0.118616104126,
                "26": 0.123237848282,
                "27": 0.123315095901,
                "28": 0.119490146637,
                "29": 0.125381946564,
                "30": 0.119177103043,
                "31": 0.122364997864,
                "32": 0.122459888458,
                "33": 0.122565031052,
                "34": 0.124407052994,
                "35": 0.121531963348,
                "36": 0.122816085815,
                "37": 0.118296861649,
                "38": 0.122273921967,
                "39": 0.115113019943,
                "40": 0.246295928955
            },
            "validation_time": 0.524119138718,
            "epoch_time": 26.7717211246
        },
        "2": {
            "steps": {
                "1": 0.124620914459,
                "2": 0.120590925217,
                "3": 0.123867988586,
                "4": 0.123064041138,
                "5": 0.124163866043,
                "6": 0.124218940735,
                "7": 0.123533964157,
                "8": 0.124238014221,
                "9": 0.125167131424,
                "10": 0.123950004578,
                "11": 0.124680042267,
                "12": 0.123754024506,
                "13": 0.122787952423,
                "14": 0.122760057449,
                "15": 0.122975826263,
                "16": 0.124356031418,
                "17": 0.123240947723,
                "18": 0.123779058456,
                "19": 0.122658014297,
                "20": 0.124736070633,
                "21": 0.123008966446,
                "22": 0.122737884521,
                "23": 0.122810125351,
                "24": 0.12330198288,
                "25": 0.123454093933,
                "26": 0.124489068985,
                "27": 0.125480890274,
                "28": 0.124371051788,
                "29": 0.123720169067,
                "30": 0.122635126114,
                "31": 0.124886035919,
                "32": 0.124326944351,
                "33": 0.124577999115,
                "34": 0.124665021896,
                "35": 0.125624895096,
                "36": 0.122647047043,
                "37": 0.123278856277,
                "38": 0.124577045441,
                "39": 0.116091012955,
                "40": 0.0959589481354
            },
            "validation_time": 0.0391421318054,
            "epoch_time": 4.9693210125
        },
        "3": {
            "steps": {
                "1": 0.122596025467,
                "2": 0.119968175888,
                "3": 0.120924949646,
                "4": 0.121948003769,
                "5": 0.122846126556,
                "6": 0.121520996094,
                "7": 0.125825881958,
                "8": 0.120484113693,
                "9": 0.124724149704,
                "10": 0.123269796371,
                "11": 0.122570991516,
                "12": 0.123726129532,
                "13": 0.123427152634,
                "14": 0.123739004135,
                "15": 0.124995946884,
                "16": 0.119662046432,
                "17": 0.123331069946,
                "18": 0.122722148895,
                "19": 0.122561216354,
                "20": 0.119606018066,
                "21": 0.12091088295,
                "22": 0.123151063919,
                "23": 0.124330997467,
                "24": 0.123504161835,
                "25": 0.124505996704,
                "26": 0.122694015503,
                "27": 0.123813867569,
                "28": 0.124289035797,
                "29": 0.123484134674,
                "30": 0.121414899826,
                "31": 0.122345924377,
                "32": 0.123665094376,
                "33": 0.125326156616,
                "34": 0.123334169388,
                "35": 0.123776197433,
                "36": 0.12372803688,
                "37": 0.12299323082,
                "38": 0.12162899971,
                "39": 0.115607976913,
                "40": 0.0966398715973
            },
            "validation_time": 0.0404829978943,
            "epoch_time": 4.93579697609
        },
        "4": {
            "steps": {
                "1": 0.124093055725,
                "2": 0.124002933502,
                "3": 0.123683929443,
                "4": 0.123355865479,
                "5": 0.123570919037,
                "6": 0.124480009079,
                "7": 0.124071121216,
                "8": 0.124218225479,
                "9": 0.123712062836,
                "10": 0.123755931854,
                "11": 0.124619960785,
                "12": 0.123162031174,
                "13": 0.123878955841,
                "14": 0.123959779739,
                "15": 0.123972892761,
                "16": 0.124017953873,
                "17": 0.12422990799,
                "18": 0.125123023987,
                "19": 0.123583078384,
                "20": 0.12340593338,
                "21": 0.123124837875,
                "22": 0.124852895737,
                "23": 0.124314069748,
                "24": 0.12454199791,
                "25": 0.122339010239,
                "26": 0.123214006424,
                "27": 0.124846220016,
                "28": 0.124715089798,
                "29": 0.125131845474,
                "30": 0.121696949005,
                "31": 0.123221158981,
                "32": 0.123544931412,
                "33": 0.124862909317,
                "34": 0.123378038406,
                "35": 0.123610019684,
                "36": 0.12372303009,
                "37": 0.125107049942,
                "38": 0.123434066772,
                "39": 0.115803003311,
                "40": 0.0942418575287
            },
            "validation_time": 0.0388729572296,
            "epoch_time": 4.97124099731
        },
        "5": {
            "steps": {
                "1": 0.124277830124,
                "2": 0.122873067856,
                "3": 0.123646974564,
                "4": 0.123002052307,
                "5": 0.123305082321,
                "6": 0.121943950653,
                "7": 0.119650125504,
                "8": 0.124229192734,
                "9": 0.124637842178,
                "10": 0.122705936432,
                "11": 0.123792886734,
                "12": 0.122225046158,
                "13": 0.123663187027,
                "14": 0.12055516243,
                "15": 0.123118877411,
                "16": 0.122742891312,
                "17": 0.123102903366,
                "18": 0.122781991959,
                "19": 0.1207010746,
                "20": 0.119293928146,
                "21": 0.121829032898,
                "22": 0.122949123383,
                "23": 0.123908996582,
                "24": 0.122668981552,
                "25": 0.124572038651,
                "26": 0.123692035675,
                "27": 0.123553991318,
                "28": 0.121981859207,
                "29": 0.12379693985,