{
    "init": -1.0,
    "total_training": 10.549734354019165,
    "largest_real_time_delta": 7.362299203872681,
    "fit_time": -1.0,
    "write_model_time": -1.0,
    "epochs": {
        "1": {
            "steps": {
                "1": 2.859857,
                "2": 0.027366,
                "3": 0.030913,
                "4": 0.026942,
                "5": 0.027729,
                "6": 0.026858,
                "7": 0.030692,
                "8": 0.026764,
                "9": 0.034276,
                "10": 0.026833,
                "11": 0.031094,
                "12": 0.026813,
                "13": 0.028095,
                "14": 0.026911,
                "15": 0.027767,
                "16": 0.033786,
                "17": 0.027703,
                "18": 0.026824,
                "19": 0.027892,
                "20": 0.026869,
                "21": 0.027957,
                "22": 0.02689,
                "23": 0.027651,
                "24": 0.026693,
                "25": 0.027694,
                "26": 0.026948,
                "27": 0.027818,
                "28": 0.026857,
                "29": 0.026514,
                "30": 0.09328
            },
            "validation_time": 0.160975,
            "epoch_time": 3.907777786254883
        },
        "2": {
            "steps": {
                "1": 0.027411,
                "2": 0.028258,
                "3": 0.027097,
                "4": 0.028248,
                "5": 0.027081,
                "6": 0.028101,
                "7": 0.027086,
                "8": 0.030765,
                "9": 0.026869,
                "10": 0.027464,
                "11": 0.027004,
                "12": 0.027944,
                "13": 0.026936,
                "14": 0.030927,
                "15": 0.027027,
                "16": 0.02814,
                "17": 0.027368,
                "18": 0.028986,
                "19": 0.02748,
                "20": 0.028237,
                "21": 0.027189,
                "22": 0.027361,
                "23": 0.027005,
                "24": 0.027674,
                "25": 0.027274,
                "26": 0.027845,
                "27": 0.026991,
                "28": 0.02759,
                "29": 0.025543,
                "30": 0.012462
            },
            "validation_time": 0.051435,
            "epoch_time": 0.8706696033477783
        },
        "3": {
            "steps": {
                "1": 0.027841,
                "2": 0.026917,
                "3": 0.027846,
                "4": 0.026997,
                "5": 0.027859,
                "6": 0.026907,
                "7": 0.027668,
                "8": 0.026876,
                "9": 0.028319,
                "10": 0.027182,
                "11": 0.027793,
                "12": 0.02681,
                "13": 0.027455,
                "14": 0.026696,
                "15": 0.027456,
                "16": 0.026734,
                "17": 0.027483,
                "18": 0.026777,
                "19": 0.027487,
                "20": 0.02672,
                "21": 0.02764,
                "22": 0.026821,
                "23": 0.028458,
                "24": 0.02701,
                "25": 0.027824,
                "26": 0.027081,
                "27": 0.028309,
                "28": 0.026873,
                "29": 0.026274,
                "30": 0.012314
            },
            "validation_time": 0.050311,
            "epoch_time": 0.8583168983459473
        },
        "4": {
            "steps": {
                "1": 0.028174,
                "2": 0.027037,
                "3": 0.028267,
                "4": 0.027076,
                "5": 0.028628,
                "6": 0.027094,
                "7": 0.028299,
                "8": 0.026797,
                "9": 0.028196,
                "10": 0.026911,
                "11": 0.027695,
                "12": 0.027557,
                "13": 0.028407,
                "14": 0.027157,
                "15": 0.028528,
                "16": 0.027151,
                "17": 0.027516,
                "18": 0.026767,
                "19": 0.027952,
                "20": 0.026669,
                "21": 0.027996,
                "22": 0.026696,
                "23": 0.027666,
                "24": 0.026705,
                "25": 0.028203,
                "26": 0.026882,
                "27": 0.027931,
                "28": 0.026648,
                "29": 0.026379,
                "30": 0.012454
            },
            "validation_time": 0.050152,
            "epoch_time": 0.8630068302154541
        },
        "5": {
            "steps": {
                "1": 0.028552,
                "2": 0.027101,
                "3": 0.02772,
                "4": 0.026889,
                "5": 0.027769,
                "6": 0.02671,
                "7": 0.027255,
                "8": 0.026736,
                "9": 0.027349,
                "10": 0.026864,
                "11": 0.02793,
                "12": 0.026726,
                "13": 0.027621,
                "14": 0.026782,
                "15": 0.027733,
                "16": 0.026606,
                "17": 0.028136,
                "18": 0.026749,
                "19": 0.028262,
                "20": 0.026796,
                "21": 0.02799,
                "22": 0.027076,
                "23": 0.027923,
                "24": 0.026828,
                "25": 0.027934,
                "26": 0.026883,
                "27": 0.027799,
                "28": 0.026888,
                "29": 0.026391,
                "30": 0.012467
            },
            "validation_time": 0.050449,
            "epoch_time": 0.8584787845611572
        }
    }
}
