{
    "init": -1.0,
    "total_training": 11.753716230392456,
    "largest_real_time_delta": 8.173096418380737,
    "fit_time": -1.0,
    "write_model_time": -1.0,
    "epochs": {
        "1": {
            "steps": {
                "1": 3.396805,
                "2": 0.031046,
                "3": 0.030219,
                "4": 0.029807,
                "5": 0.028421,
                "6": 0.029112,
                "7": 0.02788,
                "8": 0.028782,
                "9": 0.028701,
                "10": 0.02985,
                "11": 0.027913,
                "12": 0.029427,
                "13": 0.02794,
                "14": 0.029527,
                "15": 0.028018,
                "16": 0.029331,
                "17": 0.027818,
                "18": 0.032342,
                "19": 0.027884,
                "20": 0.028787,
                "21": 0.028125,
                "22": 0.029999,
                "23": 0.028469,
                "24": 0.029579,
                "25": 0.028234,
                "26": 0.028384,
                "27": 0.027804,
                "28": 0.02988,
                "29": 0.02644,
                "30": 0.096249
            },
            "validation_accuracy": 0.8811,
            "validation_time": 0.170934,
            "epoch_time": 4.481930494308472
        },
        "2": {
            "steps": {
                "1": 0.030333,
                "2": 0.030323,
                "3": 0.029733,
                "4": 0.030147,
                "5": 0.028955,
                "6": 0.029069,
                "7": 0.028313,
                "8": 0.028731,
                "9": 0.029234,
                "10": 0.028227,
                "11": 0.029943,
                "12": 0.028684,
                "13": 0.030401,
                "14": 0.029191,
                "15": 0.030909,
                "16": 0.030504,
                "17": 0.029182,
                "18": 0.030172,
                "19": 0.03001,
                "20": 0.029855,
                "21": 0.02844,
                "22": 0.029151,
                "23": 0.029027,
                "24": 0.027975,
                "25": 0.029713,
                "26": 0.028401,
                "27": 0.029989,
                "28": 0.029867,
                "29": 0.027339,
                "30": 0.013899
            },
            "validation_accuracy": 0.947,
            "validation_time": 0.05472,
            "epoch_time": 0.925504207611084
        },
        "3": {
            "steps": {
                "1": 0.029161,
                "2": 0.030525,
                "3": 0.030366,
                "4": 0.028465,
                "5": 0.030771,
                "6": 0.029056,
                "7": 0.030414,
                "8": 0.028769,
                "9": 0.031032,
                "10": 0.029,
                "11": 0.031364,
                "12": 0.029566,
                "13": 0.031194,
                "14": 0.029231,
                "15": 0.030584,
                "16": 0.028986,
                "17": 0.030536,
                "18": 0.028061,
                "19": 0.029763,
                "20": 0.02852,
                "21": 0.030821,
                "22": 0.02847,
                "23": 0.030452,
                "24": 0.028783,
                "25": 0.029943,
                "26": 0.028628,
                "27": 0.030152,
                "28": 0.028392,
                "29": 0.027405,
                "30": 0.014774
            },
            "validation_accuracy": 0.9636,
            "validation_time": 0.057328,
            "epoch_time": 0.9353430271148682
        },
        "4": {
            "steps": {
                "1": 0.028817,
                "2": 0.030197,
                "3": 0.028885,
                "4": 0.029973,
                "5": 0.028877,
                "6": 0.029026,
                "7": 0.02813,
                "8": 0.029102,
                "9": 0.028615,
                "10": 0.029199,
                "11": 0.028144,
                "12": 0.028849,
                "13": 0.028562,
                "14": 0.029835,
                "15": 0.02803,
                "16": 0.029586,
                "17": 0.028333,
                "18": 0.030247,
                "19": 0.028435,
                "20": 0.029168,
                "21": 0.02855,
                "22": 0.029689,
                "23": 0.027993,
                "24": 0.028546,
                "25": 0.028055,
                "26": 0.028728,
                "27": 0.028419,
                "28": 0.027926,
                "29": 0.026993,
                "30": 0.01336
            },
            "validation_accuracy": 0.9666,
            "validation_time": 0.053136,
            "epoch_time": 0.9062459468841553
        },
        "5": {
            "steps": {
                "1": 0.029825,
                "2": 0.028325,
                "3": 0.029313,
                "4": 0.030774,
                "5": 0.029403,
                "6": 0.028102,
                "7": 0.029197,
                "8": 0.030099,
                "9": 0.028515,
                "10": 0.029804,
                "11": 0.029657,
                "12": 0.028688,
                "13": 0.030035,
                "14": 0.02916,
                "15": 0.031115,
                "16": 0.028963,
                "17": 0.030751,
                "18": 0.028474,
                "19": 0.030016,
                "20": 0.028125,
                "21": 0.02925,
                "22": 0.02805,
                "23": 0.028886,
                "24": 0.027705,
                "25": 0.029354,
                "26": 0.028276,
                "27": 0.030168,
                "28": 0.028641,
                "29": 0.028378,
                "30": 0.014327
            },
            "validation_accuracy": 0.9764,
            "validation_time": 0.053441,
            "epoch_time": 0.9194386005401611
        }
    },
    "computing_system": "p3-1",
    "batch_size": "2048"
}
