{
    "init": -1.0,
    "total_training": 11.270690441131592,
    "largest_real_time_delta": 7.888101816177368,
    "fit_time": -1.0,
    "write_model_time": -1.0,
    "epochs": {
        "1": {
            "steps": {
                "1": 3.143785,
                "2": 0.029186,
                "3": 0.028926,
                "4": 0.028917,
                "5": 0.028774,
                "6": 0.0281,
                "7": 0.028906,
                "8": 0.028503,
                "9": 0.028239,
                "10": 0.028265,
                "11": 0.029317,
                "12": 0.029948,
                "13": 0.029889,
                "14": 0.029345,
                "15": 0.029812,
                "16": 0.029066,
                "17": 0.029628,
                "18": 0.029263,
                "19": 0.029133,
                "20": 0.028893,
                "21": 0.029811,
                "22": 0.030579,
                "23": 0.02969,
                "24": 0.02837,
                "25": 0.028319,
                "26": 0.028269,
                "27": 0.028444,
                "28": 0.028563,
                "29": 0.026652,
                "30": 0.096226
            },
            "validation_accuracy": 0.8757,
            "validation_time": 0.169201,
            "epoch_time": 4.22831130027771
        },
        "2": {
            "steps": {
                "1": 0.029036,
                "2": 0.029274,
                "3": 0.029151,
                "4": 0.029016,
                "5": 0.029085,
                "6": 0.029497,
                "7": 0.029598,
                "8": 0.029227,
                "9": 0.02977,
                "10": 0.029577,
                "11": 0.028877,
                "12": 0.029108,
                "13": 0.02936,
                "14": 0.02926,
                "15": 0.029661,
                "16": 0.029204,
                "17": 0.028843,
                "18": 0.029166,
                "19": 0.029559,
                "20": 0.029749,
                "21": 0.0298,
                "22": 0.029248,
                "23": 0.028813,
                "24": 0.029143,
                "25": 0.02965,
                "26": 0.029153,
                "27": 0.029546,
                "28": 0.028862,
                "29": 0.027054,
                "30": 0.014003
            },
            "validation_accuracy": 0.9425,
            "validation_time": 0.052509,
            "epoch_time": 0.9189736843109131
        },
        "3": {
            "steps": {
                "1": 0.029325,
                "2": 0.028991,
                "3": 0.029089,
                "4": 0.029155,
                "5": 0.02886,
                "6": 0.028917,
                "7": 0.029271,
                "8": 0.028807,
                "9": 0.028657,
                "10": 0.028647,
                "11": 0.029197,
                "12": 0.029778,
                "13": 0.030052,
                "14": 0.029071,
                "15": 0.028462,
                "16": 0.027945,
                "17": 0.028431,
                "18": 0.029042,
                "19": 0.029065,
                "20": 0.029011,
                "21": 0.028991,
                "22": 0.028406,
                "23": 0.028012,
                "24": 0.028272,
                "25": 0.029165,
                "26": 0.028913,
                "27": 0.028961,
                "28": 0.028744,
                "29": 0.026786,
                "30": 0.014528
            },
            "validation_accuracy": 0.9583,
            "validation_time": 0.057209,
            "epoch_time": 0.9128005504608154
        },
        "4": {
            "steps": {
                "1": 0.029168,
                "2": 0.030697,
                "3": 0.028935,
                "4": 0.028611,
                "5": 0.02925,
                "6": 0.028893,
                "7": 0.029122,
                "8": 0.029119,
                "9": 0.029441,
                "10": 0.029022,
                "11": 0.029299,
                "12": 0.029328,
                "13": 0.0288,
                "14": 0.028796,
                "15": 0.029126,
                "16": 0.029405,
                "17": 0.029787,
                "18": 0.029637,
                "19": 0.029453,
                "20": 0.028419,
                "21": 0.029138,
                "22": 0.028949,
                "23": 0.029083,
                "24": 0.029254,
                "25": 0.02946,
                "26": 0.029125,
                "27": 0.028774,
                "28": 0.028348,
                "29": 0.026377,
                "30": 0.013838
            },
            "validation_accuracy": 0.9675,
            "validation_time": 0.054016,
            "epoch_time": 0.9156513214111328
        },
        "5": {
            "steps": {
                "1": 0.028974,
                "2": 0.028891,
                "3": 0.029521,
                "4": 0.029097,
                "5": 0.029463,
                "6": 0.029223,
                "7": 0.029357,
                "8": 0.029215,
                "9": 0.028663,
                "10": 0.028329,
                "11": 0.02835,
                "12": 0.028214,
                "13": 0.028252,
                "14": 0.028394,
                "15": 0.029478,
                "16": 0.028937,
                "17": 0.028515,
                "18": 0.028826,
                "19": 0.02998,
                "20": 0.029124,
                "21": 0.028213,
                "22": 0.028301,
                "23": 0.028523,
                "24": 0.028306,
                "25": 0.029024,
                "26": 0.029046,
                "27": 0.029036,
                "28": 0.029003,
                "29": 0.026731,
                "30": 0.01375
            },
            "validation_accuracy": 0.9746,
            "validation_time": 0.05365,
            "epoch_time": 0.9074053764343262
        }
    },
    "computing_system": "p3-1",
    "batch_size": "2048"
}
