{
    "init": -1.0,
    "total_training": 18.134488821029663,
    "largest_real_time_delta": 15.247719764709473,
    "fit_time": -1.0,
    "write_model_time": -1.0,
    "epochs": {
        "1": {
            "steps": {
                "1": 2.859056,
                "2": 0.038778,
                "3": 0.039104,
                "4": 0.039316,
                "5": 0.039551,
                "6": 0.039236,
                "7": 0.03896,
                "8": 0.037834,
                "9": 0.037649,
                "10": 0.038213,
                "11": 0.038472,
                "12": 0.038699,
                "13": 0.038441,
                "14": 0.040184,
                "15": 0.039212,
                "16": 0.03881,
                "17": 0.038412,
                "18": 0.038256,
                "19": 0.037791,
                "20": 0.037635,
                "21": 0.038678,
                "22": 0.03876,
                "23": 0.03926,
                "24": 0.039753,
                "25": 0.039827,
                "26": 0.039716,
                "27": 0.039081,
                "28": 0.03962,
                "29": 0.039145,
                "30": 0.039772,
                "31": 0.039185,
                "32": 0.038323,
                "33": 0.037503,
                "34": 0.038178,
                "35": 0.038682,
                "36": 0.038826,
                "37": 0.039275,
                "38": 0.039025,
                "39": 0.039479,
                "40": 0.039204,
                "41": 0.039324,
                "42": 0.038991,
                "43": 0.038747,
                "44": 0.03757,
                "45": 0.037948,
                "46": 0.038383,
                "47": 0.039354,
                "48": 0.038783,
                "49": 0.039332,
                "50": 0.039039,
                "51": 0.039725,
                "52": 0.039474,
                "53": 0.039481,
                "54": 0.039272,
                "55": 0.038742,
                "56": 0.037885,
                "57": 0.038084,
                "58": 0.038172,
                "59": 0.247557
            },
            "validation_time": 0.253474,
            "epoch_time": 5.577810764312744
        },
        "2": {
            "steps": {
                "1": 0.041344,
                "2": 0.039236,
                "3": 0.039263,
                "4": 0.039363,
                "5": 0.039012,
                "6": 0.03932,
                "7": 0.038712,
                "8": 0.03789,
                "9": 0.038252,
                "10": 0.045514,
                "11": 0.03765,
                "12": 0.038235,
                "13": 0.038979,
                "14": 0.038902,
                "15": 0.039473,
                "16": 0.039046,
                "17": 0.039774,
                "18": 0.041912,
                "19": 0.040469,
                "20": 0.039705,
                "21": 0.039686,
                "22": 0.038978,
                "23": 0.039422,
                "24": 0.039455,
                "25": 0.039798,
                "26": 0.037849,
                "27": 0.037717,
                "28": 0.038518,
                "29": 0.038944,
                "30": 0.039257,
                "31": 0.03886,
                "32": 0.039108,
                "33": 0.039128,
                "34": 0.039334,
                "35": 0.039098,
                "36": 0.038716,
                "37": 0.038064,
                "38": 0.037491,
                "39": 0.038641,
                "40": 0.039329,
                "41": 0.039195,
                "42": 0.03902,
                "43": 0.039673,
                "44": 0.040113,
                "45": 0.039485,
                "46": 0.040147,
                "47": 0.039596,
                "48": 0.039754,
                "49": 0.039437,
                "50": 0.039315,
                "51": 0.038542,
                "52": 0.038053,
                "53": 0.037837,
                "54": 0.038993,
                "55": 0.039159,
                "56": 0.039065,
                "57": 0.039109,
                "58": 0.038773,
                "59": 0.025831
            },
            "validation_time": 0.119725,
            "epoch_time": 2.422419309616089
        },
        "3": {
            "steps": {
                "1": 0.037687,
                "2": 0.038708,
                "3": 0.038897,
                "4": 0.039353,
                "5": 0.03891,
                "6": 0.039201,
                "7": 0.038421,
                "8": 0.038074,
                "9": 0.037729,
                "10": 0.039063,
                "11": 0.039438,
                "12": 0.040074,
                "13": 0.039601,
                "14": 0.039971,
                "15": 0.039263,
                "16": 0.039425,
                "17": 0.038934,
                "18": 0.039279,
                "19": 0.039185,
                "20": 0.039342,
                "21": 0.038543,
                "22": 0.038086,
                "23": 0.037697,
                "24": 0.039047,
                "25": 0.038904,
                "26": 0.039297,
                "27": 0.039068,
                "28": 0.039338,
                "29": 0.03948,
                "30": 0.039934,
                "31": 0.039433,
                "32": 0.039189,
                "33": 0.038939,
                "34": 0.03843,
                "35": 0.037646,
                "36": 0.037986,
                "37": 0.038781,
                "38": 0.03991,
                "39": 0.039187,
                "40": 0.039343,
                "41": 0.039153,
                "42": 0.039405,
                "43": 0.039406,
                "44": 0.039349,
                "45": 0.039474,
                "46": 0.038784,
                "47": 0.037782,
                "48": 0.037765,
                "49": 0.038474,
                "50": 0.039273,
                "51": 0.038888,
                "52": 0.039279,
                "53": 0.039062,
                "54": 0.039725,
                "55": 0.039628,
                "56": 0.039755,
                "57": 0.039693,
                "58": 0.039679,
                "59": 0.026131
            },
            "validation_time": 0.119502,
            "epoch_time": 2.411146640777588
        },
        "4": {
            "steps": {
                "1": 0.037749,
                "2": 0.039178,
                "3": 0.039509,
                "4": 0.039098,
                "5": 0.038576,
                "6": 0.038056,
                "7": 0.037676,
                "8": 0.038573,
                "9": 0.039851,
                "10": 0.03962,
                "11": 0.039042,
                "12": 0.039337,
                "13": 0.038999,
                "14": 0.039275,
                "15": 0.039166,
                "16": 0.039345,
                "17": 0.039178,
                "18": 0.038742,
                "19": 0.0378,
                "20": 0.037929,
                "21": 0.039153,
                "22": 0.040638,
                "23": 0.039932,
                "24": 0.039955,
                "25": 0.039257,
                "26": 0.039241,
                "27": 0.038996,
                "28": 0.039472,
                "29": 0.039873,
                "30": 0.039767,
                "31": 0.039014,
                "32": 0.03931,
                "33": 0.03911,
                "34": 0.038651,
                "35": 0.037704,
                "36": 0.037933,
                "37": 0.038627,
                "38": 0.039311,
                "39": 0.038978,
                "40": 0.039436,
                "41": 0.039467,
                "42": 0.039879,
                "43": 0.03934,
                "44": 0.039371,
                "45": 0.039129,
                "46": 0.038675,
                "47": 0.037838,
                "48": 0.037971,
                "49": 0.038558,
                "50": 0.039839,
                "51": 0.039541,
                "52": 0.0397,
                "53": 0.039615,
                "54": 0.03988,