{
    "init": 0.0888209342956543,
    "total_training": 31.3294575214386,
    "largest_real_time_delta": 27.866851568222046,
    "epochs": {
        "1": {
            "steps": {
                "1": 3.366093,
                "2": 0.081921,
                "3": 0.079367,
                "4": 0.078297,
                "5": 0.077502,
                "6": 0.077192,
                "7": 0.07696,
                "8": 0.077772,
                "9": 0.077421,
                "10": 0.076742,
                "11": 0.077074,
                "12": 0.077496,
                "13": 0.077784,
                "14": 0.077006,
                "15": 0.077078,
                "16": 0.077004,
                "17": 0.076841,
                "18": 0.077075,
                "19": 0.07675,
                "20": 0.079289,
                "21": 0.078428,
                "22": 0.077129,
                "23": 0.077029,
                "24": 0.077649,
                "25": 0.077676,
                "26": 0.077796,
                "27": 0.077871,
                "28": 0.077205,
                "29": 0.077258,
                "30": 0.077522,
                "31": 0.077146,
                "32": 0.076975,
                "33": 0.078683,
                "34": 0.078775,
                "35": 0.077634,
                "36": 0.077333,
                "37": 0.077294,
                "38": 0.077479,
                "39": 0.077198,
                "40": 0.077252,
                "41": 0.077277,
                "42": 0.077854,
                "43": 0.077877,
                "44": 0.077563,
                "45": 0.07759,
                "46": 0.078987,
                "47": 0.078385,
                "48": 0.077713,
                "49": 0.077391,
                "50": 0.076899,
                "51": 0.077347,
                "52": 0.077763,
                "53": 0.077924,
                "54": 0.077533,
                "55": 0.078033,
                "56": 0.077652,
                "57": 0.078034,
                "58": 0.077219,
                "59": 0.276898
            },
            "validation_time": 0.425056,
            "epoch_time": 8.499115943908691
        },
        "2": {
            "steps": {
                "1": 0.079569,
                "2": 0.080689,
                "3": 0.07953,
                "4": 0.079487,
                "5": 0.078824,
                "6": 0.07949,
                "7": 0.077332,
                "8": 0.078317,
                "9": 0.077331,
                "10": 0.077709,
                "11": 0.07817,
                "12": 0.078564,
                "13": 0.079228,
                "14": 0.07782,
                "15": 0.078278,
                "16": 0.077297,
                "17": 0.078484,
                "18": 0.078348,
                "19": 0.078429,
                "20": 0.077992,
                "21": 0.078735,
                "22": 0.078393,
                "23": 0.078571,
                "24": 0.07762,
                "25": 0.077727,
                "26": 0.078053,
                "27": 0.07772,
                "28": 0.078189,
                "29": 0.077845,
                "30": 0.078717,
                "31": 0.078498,
                "32": 0.07875,
                "33": 0.076894,
                "34": 0.078227,
                "35": 0.077888,
                "36": 0.078705,
                "37": 0.077663,
                "38": 0.079026,
                "39": 0.078087,
                "40": 0.077988,
                "41": 0.077211,
                "42": 0.077321,
                "43": 0.077378,
                "44": 0.078599,
                "45": 0.077947,
                "46": 0.078299,
                "47": 0.077618,
                "48": 0.07783,
                "49": 0.077401,
                "50": 0.078171,
                "51": 0.077626,
                "52": 0.077989,
                "53": 0.077937,
                "54": 0.078591,
                "55": 0.077276,
                "56": 0.078979,
                "57": 0.078024,
                "58": 0.078385,
                "59": 0.051061
            },
            "validation_time": 0.264011,
            "epoch_time": 4.854501724243164
        },
        "3": {
            "steps": {
                "1": 0.077441,
                "2": 0.076371,
                "3": 0.07734,
                "4": 0.077676,
                "5": 0.078742,
                "6": 0.077859,
                "7": 0.077978,
                "8": 0.078157,
                "9": 0.078791,
                "10": 0.077927,
                "11": 0.078101,
                "12": 0.077355,
                "13": 0.078137,
                "14": 0.077808,
                "15": 0.078661,
                "16": 0.07706,
                "17": 0.078969,
                "18": 0.077771,
                "19": 0.078601,
                "20": 0.077431,
                "21": 0.077871,
                "22": 0.077473,
                "23": 0.078009,
                "24": 0.077316,
                "25": 0.077973,
                "26": 0.077844,
                "27": 0.078846,
                "28": 0.077713,
                "29": 0.078097,
                "30": 0.077373,
                "31": 0.077883,
                "32": 0.077388,
                "33": 0.078457,
                "34": 0.077614,
                "35": 0.078424,
                "36": 0.077867,
                "37": 0.07849,
                "38": 0.07723,
                "39": 0.07846,
                "40": 0.077917,
                "41": 0.078617,
                "42": 0.077772,
                "43": 0.077854,
                "44": 0.07741,
                "45": 0.078746,
                "46": 0.07788,
                "47": 0.078035,
                "48": 0.077496,
                "49": 0.077949,
                "50": 0.077344,
                "51": 0.07772,
                "52": 0.077091,
                "53": 0.078297,
                "54": 0.077816,
                "55": 0.078334,
                "56": 0.077609,
                "57": 0.078632,
                "58": 0.077549,
                "59": 0.051131
            },
            "validation_time": 0.252699,
            "epoch_time": 4.82492208480835
        },
        "4": {
            "steps": {
                "1": 0.076757,
                "2": 0.078607,
                "3": 0.077065,
                "4": 0.078145,
                "5": 0.079144,
                "6": 0.078357,
                "7": 0.079022,
                "8": 0.077619,
                "9": 0.078165,
                "10": 0.077131,
                "11": 0.077844,
                "12": 0.076555,
                "13": 0.078273,
                "14": 0.077798,
                "15": 0.078643,
                "16": 0.077463,
                "17": 0.07831,
                "18": 0.077528,
                "19": 0.0779,
                "20": 0.077428,
                "21": 0.078058,
                "22": 0.07804,
                "23": 0.07863,
                "24": 0.077829,
                "25": 0.078311,
                "26": 0.07775,
                "27": 0.078372,
                "28": 0.077821,
                "29": 0.078095,
                "30": 0.077015,
                "31": 0.078095,
                "32": 0.077859,
                "33": 0.078369,
                "34": 0.077564,
                "35": 0.078861,
                "36": 0.077972,
                "37": 0.080696,
                "38": 0.079065,
                "39": 0.077136,
                "40": 0.07904,
                "41": 0.078724,
                "42": 0.079331,
                "43": 0.078364,
                "44": 0.078142,
                "45": 0.077699,
                "46": 0.078187,
                "47": 0.077318,
                "48": 0.077974,
                "49": 0.078174,
                "50": 0.078715,
                "51": 0.077805,
                "52": 0.07825,
                "53": 0.077271,
                "54": 0.078491,
                "55": 0.077717,