{
    "init": -1.0,
    "total_training": 31.708565711975098,
    "largest_real_time_delta": 28.1318142414093,
    "fit_time": -1.0,
    "write_model_time": -1.0,
    "epochs": {
        "1": {
            "steps": {
                "1": 3.355903,
                "2": 0.085226,
                "3": 0.0798,
                "4": 0.081224,
                "5": 0.079026,
                "6": 0.078454,
                "7": 0.077384,
                "8": 0.079328,
                "9": 0.078076,
                "10": 0.080336,
                "11": 0.077482,
                "12": 0.079508,
                "13": 0.07811,
                "14": 0.079092,
                "15": 0.077854,
                "16": 0.078314,
                "17": 0.07803,
                "18": 0.079621,
                "19": 0.078019,
                "20": 0.079684,
                "21": 0.077829,
                "22": 0.078943,
                "23": 0.077973,
                "24": 0.078936,
                "25": 0.077702,
                "26": 0.079172,
                "27": 0.077689,
                "28": 0.078877,
                "29": 0.077842,
                "30": 0.078397,
                "31": 0.077996,
                "32": 0.079806,
                "33": 0.078402,
                "34": 0.07893,
                "35": 0.078254,
                "36": 0.07899,
                "37": 0.077477,
                "38": 0.078617,
                "39": 0.077534,
                "40": 0.079036,
                "41": 0.078154,
                "42": 0.079303,
                "43": 0.078282,
                "44": 0.07915,
                "45": 0.078182,
                "46": 0.078819,
                "47": 0.077826,
                "48": 0.078194,
                "49": 0.078174,
                "50": 0.079024,
                "51": 0.07759,
                "52": 0.078874,
                "53": 0.077819,
                "54": 0.078694,
                "55": 0.077997,
                "56": 0.078919,
                "57": 0.077834,
                "58": 0.078633,
                "59": 0.269546
            },
            "validation_accuracy": 0.933,
            "validation_time": 0.430048,
            "epoch_time": 8.545498847961426
        },
        "2": {
            "steps": {
                "1": 0.079398,
                "2": 0.078062,
                "3": 0.07841,
                "4": 0.077988,
                "5": 0.079502,
                "6": 0.078642,
                "7": 0.079468,
                "8": 0.078698,
                "9": 0.07828,
                "10": 0.077755,
                "11": 0.078656,
                "12": 0.078425,
                "13": 0.079355,
                "14": 0.078808,
                "15": 0.078922,
                "16": 0.077894,
                "17": 0.078902,
                "18": 0.077396,
                "19": 0.079278,
                "20": 0.078669,
                "21": 0.079071,
                "22": 0.07781,
                "23": 0.078989,
                "24": 0.078048,
                "25": 0.079407,
                "26": 0.077923,
                "27": 0.078751,
                "28": 0.078145,
                "29": 0.079151,
                "30": 0.078735,
                "31": 0.079182,
                "32": 0.078361,
                "33": 0.079351,
                "34": 0.078574,
                "35": 0.084821,
                "36": 0.08231,
                "37": 0.08013,
                "38": 0.079125,
                "39": 0.079213,
                "40": 0.08157,
                "41": 0.081633,
                "42": 0.079516,
                "43": 0.079276,
                "44": 0.078066,
                "45": 0.079379,
                "46": 0.078867,
                "47": 0.080327,
                "48": 0.078144,
                "49": 0.079372,
                "50": 0.078313,
                "51": 0.078766,
                "52": 0.078135,
                "53": 0.079549,
                "54": 0.078401,
                "55": 0.079407,
                "56": 0.078225,
                "57": 0.079233,
                "58": 0.07789,
                "59": 0.052958
            },
            "validation_accuracy": 0.9704,
            "validation_time": 0.268541,
            "epoch_time": 4.910377025604248
        },
        "3": {
            "steps": {
                "1": 0.077309,
                "2": 0.084594,
                "3": 0.080281,
                "4": 0.078435,
                "5": 0.078081,
                "6": 0.079028,
                "7": 0.078447,
                "8": 0.079479,
                "9": 0.078112,
                "10": 0.078949,
                "11": 0.078078,
                "12": 0.079129,
                "13": 0.077714,
                "14": 0.080002,
                "15": 0.078372,
                "16": 0.079135,
                "17": 0.07815,
                "18": 0.078747,
                "19": 0.078191,
                "20": 0.079318,
                "21": 0.078055,
                "22": 0.078562,
                "23": 0.078462,
                "24": 0.078602,
                "25": 0.078508,
                "26": 0.080904,
                "27": 0.077353,
                "28": 0.079651,
                "29": 0.078436,
                "30": 0.07934,
                "31": 0.077923,
                "32": 0.080872,
                "33": 0.078075,
                "34": 0.080683,
                "35": 0.077727,
                "36": 0.078552,
                "37": 0.078384,
                "38": 0.079091,
                "39": 0.077842,
                "40": 0.079074,
                "41": 0.077512,
                "42": 0.078896,
                "43": 0.078628,
                "44": 0.079421,
                "45": 0.077996,
                "46": 0.078927,
                "47": 0.078002,
                "48": 0.078871,
                "49": 0.077855,
                "50": 0.078745,
                "51": 0.078766,
                "52": 0.079487,
                "53": 0.078274,
                "54": 0.079255,
                "55": 0.078135,
                "56": 0.079387,
                "57": 0.078093,
                "58": 0.078573,
                "59": 0.051827
            },
            "validation_accuracy": 0.9786,
            "validation_time": 0.264454,
            "epoch_time": 4.890456438064575
        },
        "4": {
            "steps": {
                "1": 0.078319,
                "2": 0.079923,
                "3": 0.078996,
                "4": 0.079304,
                "5": 0.082866,
                "6": 0.077833,
                "7": 0.078822,
                "8": 0.078615,
                "9": 0.079511,
                "10": 0.078641,
                "11": 0.079496,
                "12": 0.078028,
                "13": 0.078905,
                "14": 0.077868,
                "15": 0.07884,
                "16": 0.078032,
                "17": 0.079239,
                "18": 0.07852,
                "19": 0.078827,
                "20": 0.077959,
                "21": 0.078336,
                "22": 0.078159,
                "23": 0.07879,
                "24": 0.078218,
                "25": 0.079232,
                "26": 0.077916,
                "27": 0.07927,
                "28": 0.078201,
                "29": 0.079109,
                "30": 0.077666,
                "31": 0.07919,
                "32": 0.078607,
                "33": 0.079069,
                "34": 0.078206,
                "35": 0.07885,
                "36": 0.078108,
                "37": 0.080641,
                "38": 0.078366,
                "39": 0.079254,
                "40": 0.078594,
                "41": 0.079395,
                "42": 0.077685,
                "43": 0.079113,
                "44": 0.077292,
                "45": 0.079165,
                "46": 0.078778,
                "47": 0.079135,
                "48": 0.078182,
                "49": 0.079138,
                "50": 0.078194,