{
    "init": -1.0,
    "total_training": 32.80154800415039,
    "largest_real_time_delta": 27.851808786392212,
    "fit_time": -1.0,
    "write_model_time": -1.0,
    "epochs": {
        "1": {
            "steps": {
                "1": 3.4307,
                "2": 0.07885,
                "3": 0.08039,
                "4": 0.078721,
                "5": 0.077179,
                "6": 0.076303,
                "7": 0.076357,
                "8": 0.07665,
                "9": 0.07731,
                "10": 0.076864,
                "11": 0.079307,
                "12": 0.07678,
                "13": 0.077838,
                "14": 0.076923,
                "15": 0.078902,
                "16": 0.077167,
                "17": 0.077567,
                "18": 0.077045,
                "19": 0.077778,
                "20": 0.077295,
                "21": 0.07807,
                "22": 0.077608,
                "23": 0.077008,
                "24": 0.078059,
                "25": 0.076702,
                "26": 0.077722,
                "27": 0.07714,
                "28": 0.077454,
                "29": 0.077248,
                "30": 0.077639,
                "31": 0.077316,
                "32": 0.078824,
                "33": 0.077232,
                "34": 0.079365,
                "35": 0.076983,
                "36": 0.077516,
                "37": 0.076633,
                "38": 0.07772,
                "39": 0.077364,
                "40": 0.077542,
                "41": 0.076625,
                "42": 0.077513,
                "43": 0.077155,
                "44": 0.078062,
                "45": 0.077976,
                "46": 0.077801,
                "47": 0.07771,
                "48": 0.077571,
                "49": 0.07808,
                "50": 0.078097,
                "51": 0.077513,
                "52": 0.077268,
                "53": 0.077634,
                "54": 0.077597,
                "55": 0.077477,
                "56": 0.077962,
                "57": 0.077657,
                "58": 0.077004,
                "59": 0.272752
            },
            "validation_accuracy": 0.9312,
            "validation_time": 0.406888,
            "epoch_time": 8.537396430969238
        },
        "2": {
            "steps": {
                "1": 0.077751,
                "2": 0.077966,
                "3": 0.077424,
                "4": 0.077847,
                "5": 0.077886,
                "6": 0.07803,
                "7": 0.076987,
                "8": 0.077579,
                "9": 0.077002,
                "10": 0.0781,
                "11": 0.078634,
                "12": 0.077152,
                "13": 0.077663,
                "14": 0.077843,
                "15": 0.07797,
                "16": 0.077521,
                "17": 0.078005,
                "18": 0.076997,
                "19": 0.078206,
                "20": 0.07769,
                "21": 0.078028,
                "22": 0.077052,
                "23": 0.077832,
                "24": 0.07835,
                "25": 0.077712,
                "26": 0.077667,
                "27": 0.077467,
                "28": 0.078285,
                "29": 0.077715,
                "30": 0.078882,
                "31": 0.078701,
                "32": 0.076764,
                "33": 0.077854,
                "34": 0.077824,
                "35": 0.077753,
                "36": 0.0779,
                "37": 0.078777,
                "38": 0.077044,
                "39": 0.07795,
                "40": 0.077752,
                "41": 0.077978,
                "42": 0.0772,
                "43": 0.078247,
                "44": 0.078286,
                "45": 0.078458,
                "46": 0.076976,
                "47": 0.077958,
                "48": 0.078076,
                "49": 0.07807,
                "50": 0.077445,
                "51": 0.077641,
                "52": 0.078028,
                "53": 0.077905,
                "54": 0.077334,
                "55": 0.078256,
                "56": 0.078053,
                "57": 0.078092,
                "58": 0.076334,
                "59": 0.050902
            },
            "validation_accuracy": 0.9664,
            "validation_time": 0.256258,
            "epoch_time": 4.82197380065918
        },
        "3": {
            "steps": {
                "1": 0.07705,
                "2": 0.076802,
                "3": 0.076506,
                "4": 0.077745,
                "5": 0.077815,
                "6": 0.078172,
                "7": 0.07803,
                "8": 0.077979,
                "9": 0.07824,
                "10": 0.077874,
                "11": 0.077508,
                "12": 0.078239,
                "13": 0.076932,
                "14": 0.077599,
                "15": 0.077814,
                "16": 0.077924,
                "17": 0.077089,
                "18": 0.077976,
                "19": 0.078031,
                "20": 0.078211,
                "21": 0.078164,
                "22": 0.077664,
                "23": 0.077041,
                "24": 0.077557,
                "25": 0.077849,
                "26": 0.077994,
                "27": 0.077159,
                "28": 0.078298,
                "29": 0.078417,
                "30": 0.077989,
                "31": 0.076692,
                "32": 0.077865,
                "33": 0.078269,
                "34": 0.078562,
                "35": 0.076351,
                "36": 0.077507,
                "37": 0.077598,
                "38": 0.07755,
                "39": 0.076807,
                "40": 0.078288,
                "41": 0.077972,
                "42": 0.077939,
                "43": 0.077209,
                "44": 0.077436,
                "45": 0.077389,
                "46": 0.077392,
                "47": 0.076268,
                "48": 0.077586,
                "49": 0.077119,
                "50": 0.077779,
                "51": 0.077812,
                "52": 0.077786,
                "53": 0.077358,
                "54": 0.077964,
                "55": 0.077701,
                "56": 0.077919,
                "57": 0.076952,
                "58": 0.0774,
                "59": 0.05038
            },
            "validation_accuracy": 0.9769,
            "validation_time": 0.252473,
            "epoch_time": 4.807803153991699
        },
        "4": {
            "steps": {
                "1": 0.077764,
                "2": 0.077815,
                "3": 0.077019,
                "4": 0.078098,
                "5": 0.077609,
                "6": 0.077814,
                "7": 0.077652,
                "8": 0.077321,
                "9": 0.0778,
                "10": 0.07782,
                "11": 0.077798,
                "12": 0.078117,
                "13": 0.077761,
                "14": 0.078312,
                "15": 0.077863,
                "16": 0.077756,
                "17": 0.079547,
                "18": 0.078031,
                "19": 0.076921,
                "20": 0.077287,
                "21": 0.077399,
                "22": 0.07813,
                "23": 0.07777,
                "24": 0.078472,
                "25": 0.078342,
                "26": 0.077105,
                "27": 0.077783,
                "28": 0.079448,
                "29": 0.077966,
                "30": 0.076532,
                "31": 0.077239,
                "32": 0.077491,
                "33": 0.077991,
                "34": 0.077713,
                "35": 0.077183,
                "36": 0.079868,
                "37": 0.083516,
                "38": 0.077772,
                "39": 0.077413,
                "40": 0.076984,
                "41": 0.078339,
                "42": 0.077871,
                "43": 0.078008,
                "44": 0.077725,
                "45": 0.077797,
                "46": 0.079251,
                "47": 0.076887,
                "48": 0.078159,
                "49": 0.077948,
                "50": 0.07861,