{
    "init": 5.92890191078186,
    "total_training": 29.1295325756073,
    "largest_real_time_delta": 21.83311367034912,
    "epochs": {
        "1": {
            "steps": {
                "1": 17.143864,
                "2": 0.013164,
                "3": 0.01246,
                "4": 0.012196,
                "5": 0.012995,
                "6": 0.012116,
                "7": 0.012157,
                "8": 0.012737,
                "9": 0.013006,
                "10": 0.012383,
                "11": 0.014352,
                "12": 0.012621,
                "13": 0.013924,
                "14": 0.012927,
                "15": 0.012578,
                "16": 0.013388,
                "17": 0.013622,
                "18": 0.013284,
                "19": 0.013125,
                "20": 0.014522,
                "21": 0.012612,
                "22": 0.012611,
                "23": 0.013318,
                "24": 0.013463,
                "25": 0.013889,
                "26": 0.01418,
                "27": 0.013857,
                "28": 0.013087,
                "29": 0.013292,
                "30": 0.01218,
                "31": 0.012826,
                "32": 0.01264,
                "33": 0.012943,
                "34": 0.0129,
                "35": 0.012575,
                "36": 0.012841,
                "37": 0.012525,
                "38": 0.012604,
                "39": 0.012222,
                "40": 0.012673,
                "41": 0.01284,
                "42": 0.013284,
                "43": 0.013499,
                "44": 0.012791,
                "45": 0.013556,
                "46": 0.012932,
                "47": 0.012836,
                "48": 0.012794,
                "49": 0.012741,
                "50": 0.013232,
                "51": 0.01328,
                "52": 0.013252,
                "53": 0.013009,
                "54": 0.012916,
                "55": 0.012692,
                "56": 0.012812,
                "57": 0.013002,
                "58": 0.012081,
                "59": 0.027472
            },
            "validation_time": 0.345914,
            "epoch_time": 18.260194301605225
        },
        "2": {
            "steps": {
                "1": 0.012796,
                "2": 0.012326,
                "3": 0.012762,
                "4": 0.012458,
                "5": 0.013136,
                "6": 0.012379,
                "7": 0.013227,
                "8": 0.013072,
                "9": 0.012435,
                "10": 0.012375,
                "11": 0.013556,
                "12": 0.012644,
                "13": 0.01299,
                "14": 0.011818,
                "15": 0.012502,
                "16": 0.011678,
                "17": 0.012381,
                "18": 0.012313,
                "19": 0.013363,
                "20": 0.012763,
                "21": 0.012212,
                "22": 0.012391,
                "23": 0.012647,
                "24": 0.012265,
                "25": 0.012877,
                "26": 0.012746,
                "27": 0.012259,
                "28": 0.012598,
                "29": 0.01291,
                "30": 0.012784,
                "31": 0.0141,
                "32": 0.012959,
                "33": 0.013862,
                "34": 0.013696,
                "35": 0.013725,
                "36": 0.012794,
                "37": 0.014287,
                "38": 0.012964,
                "39": 0.013073,
                "40": 0.014095,
                "41": 0.012944,
                "42": 0.013141,
                "43": 0.013155,
                "44": 0.014111,
                "45": 0.013885,
                "46": 0.013685,
                "47": 0.013841,
                "48": 0.013927,
                "49": 0.013852,
                "50": 0.013515,
                "51": 0.012764,
                "52": 0.012496,
                "53": 0.01426,
                "54": 0.013222,
                "55": 0.013204,
                "56": 0.0123,
                "57": 0.013971,
                "58": 0.012192,
                "59": 0.013469
            },
            "validation_time": 0.086378,
            "epoch_time": 0.8571319580078125
        },
        "3": {
            "steps": {
                "1": 0.014375,
                "2": 0.013168,
                "3": 0.013429,
                "4": 0.014036,
                "5": 0.013757,
                "6": 0.013497,
                "7": 0.013081,
                "8": 0.013232,
                "9": 0.013891,
                "10": 0.013317,
                "11": 0.013849,
                "12": 0.01404,
                "13": 0.013809,
                "14": 0.0134,
                "15": 0.013489,
                "16": 0.014042,
                "17": 0.013857,
                "18": 0.013597,
                "19": 0.013581,
                "20": 0.013315,
                "21": 0.013192,
                "22": 0.01412,
                "23": 0.01415,
                "24": 0.013193,
                "25": 0.013676,
                "26": 0.013702,
                "27": 0.013892,
                "28": 0.013734,
                "29": 0.013897,
                "30": 0.013185,
                "31": 0.01371,
                "32": 0.013688,
                "33": 0.014104,
                "34": 0.013584,
                "35": 0.01328,
                "36": 0.013521,
                "37": 0.014088,
                "38": 0.014786,
                "39": 0.014926,
                "40": 0.014297,
                "41": 0.014243,
                "42": 0.013638,
                "43": 0.013875,
                "44": 0.013764,
                "45": 0.013915,
                "46": 0.013583,
                "47": 0.013863,
                "48": 0.013417,
                "49": 0.013996,
                "50": 0.014115,
                "51": 0.013887,
                "52": 0.013885,
                "53": 0.014008,
                "54": 0.014043,
                "55": 0.014086,
                "56": 0.014188,
                "57": 0.014513,
                "58": 0.013679,
                "59": 0.013468
            },
            "validation_time": 0.087342,
            "epoch_time": 0.9035072326660156
        },
        "4": {
            "steps": {
                "1": 0.014171,
                "2": 0.01311,
                "3": 0.014807,
                "4": 0.014165,
                "5": 0.014196,
                "6": 0.013455,
                "7": 0.013906,
                "8": 0.013926,
                "9": 0.013685,
                "10": 0.013794,
                "11": 0.013802,
                "12": 0.013062,
                "13": 0.013769,
                "14": 0.013302,
                "15": 0.013511,
                "16": 0.01403,
                "17": 0.014178,
                "18": 0.014195,
                "19": 0.014412,
                "20": 0.013788,
                "21": 0.013913,
                "22": 0.013602,
                "23": 0.013765,
                "24": 0.013862,
                "25": 0.013993,
                "26": 0.013511,
                "27": 0.014111,
                "28": 0.013753,
                "29": 0.01401,
                "30": 0.013945,
                "31": 0.014309,
                "32": 0.013547,
                "33": 0.013491,
                "34": 0.013342,
                "35": 0.013689,
                "36": 0.012968,
                "37": 0.013771,
                "38": 0.013628,
                "39": 0.013236,
                "40": 0.013784,
                "41": 0.012742,
                "42": 0.013913,
                "43": 0.014468,
                "44": 0.013146,
                "45": 0.014097,
                "46": 0.013866,
                "47": 0.014051,
                "48": 0.013273,
                "49": 0.014095,
                "50": 0.014107,
                "51": 0.013849,
                "52": 0.014007,
                "53": 0.014472,
                "54": 0.014138,
                "55": 0.013967,