{
    "init": -1.0,
    "total_training": 127.93101811408997,
    "largest_real_time_delta": 124.5189950466156,
    "fit_time": 127.93101811408997,
    "write_model_time": -1.0,
    "epochs": {
        "1": {
            "steps": {
                "1": 20.065564,
                "2": 0.693872,
                "3": 0.688512,
                "4": 0.692234,
                "5": 0.689796,
                "6": 0.692622,
                "7": 0.689512,
                "8": 0.696342,
                "9": 0.697619,
                "10": 0.693977,
                "11": 0.694472,
                "12": 0.691585,
                "13": 0.692445,
                "14": 0.692698,
                "15": 0.697214,
                "16": 0.697279,
                "17": 0.67136,
                "18": 0.702799,
                "19": 0.6921,
                "20": 0.702742,
                "21": 0.69906,
                "22": 0.700504,
                "23": 0.70264,
                "24": 0.698612,
                "25": 6.569959
            },
            "validation_time": 5.39483,
            "epoch_time": 48.74537229537964,
            "validation_accuracy": 0.0
        },
        "2": {
            "steps": {
                "1": 0.717598,
                "2": 0.714143,
                "3": 0.710494,
                "4": 0.715613,
                "5": 0.709877,
                "6": 0.710312,
                "7": 0.709417,
                "8": 0.716872,
                "9": 0.713538,
                "10": 0.713993,
                "11": 0.716615,
                "12": 0.716265,
                "13": 0.686558,
                "14": 0.722201,
                "15": 0.714628,
                "16": 0.718498,
                "17": 0.720887,
                "18": 0.720768,
                "19": 0.717633,
                "20": 0.725616,
                "21": 0.717768,
                "22": 0.724655,
                "23": 0.71658,
                "24": 0.720014,
                "25": 0.340784
            },
            "validation_time": 0.893257,
            "epoch_time": 18.40816044807434,
            "validation_accuracy": 0.0
        },
        "3": {
            "steps": {
                "1": 0.711825,
                "2": 0.728404,
                "3": 0.71911,
                "4": 0.72369,
                "5": 0.722721,
                "6": 0.730934,
                "7": 0.73046,
                "8": 0.729116,
                "9": 0.728919,
                "10": 0.729384,
                "11": 0.729908,
                "12": 0.730611,
                "13": 0.732259,
                "14": 0.729825,
                "15": 0.731248,
                "16": 0.731474,
                "17": 0.731412,
                "18": 0.728754,
                "19": 0.731983,
                "20": 0.730038,
                "21": 0.730181,
                "22": 0.729166,
                "23": 0.734901,
                "24": 0.727289,
                "25": 0.350303
            },
            "validation_time": 0.909193,
            "epoch_time": 18.746553659439087,
            "validation_accuracy": 0.0
        },
        "4": {
            "steps": {
                "1": 0.722079,
                "2": 0.736592,
                "3": 0.73947,
                "4": 0.736408,
                "5": 0.739262,
                "6": 0.7428,
                "7": 0.738194,
                "8": 0.745073,
                "9": 0.744563,
                "10": 0.743889,
                "11": 0.744321,
                "12": 0.743885,
                "13": 0.745348,
                "14": 0.745147,
                "15": 0.742864,
                "16": 0.745855,
                "17": 0.74901,
                "18": 0.744591,
                "19": 0.747948,
                "20": 0.747119,
                "21": 0.753424,
                "22": 0.752339,
                "23": 0.752051,
                "24": 0.749177,
                "25": 0.352757
            },
            "validation_time": 0.902869,
            "epoch_time": 19.110471725463867,
            "validation_accuracy": 0.00076888
        },
        "5": {
            "steps": {
                "1": 0.745579,
                "2": 0.756632,
                "3": 0.749771,
                "4": 0.755116,
                "5": 0.754253,
                "6": 0.759777,
                "7": 0.748969,
                "8": 0.75056,
                "9": 0.756509,
                "10": 0.754071,
                "11": 0.75766,
                "12": 0.752312,
                "13": 0.756789,
                "14": 0.760735,
                "15": 0.759191,
                "16": 0.767211,
                "17": 0.765553,
                "18": 0.758371,
                "19": 0.764103,
                "20": 0.768816,
                "21": 0.769144,
                "22": 0.771235,
                "23": 0.772652,
                "24": 0.763442,
                "25": 0.358477
            },
            "validation_time": 0.927352,
            "epoch_time": 19.50770354270935,
            "validation_accuracy": 0.0998
        }
    },
    "computing_system": "g4dn4xlarge-1",
    "batch_size": "2048"
}
