{
    "init": -1.0,
    "total_training": 128.81862044334412,
    "largest_real_time_delta": 125.23754405975342,
    "fit_time": 128.81862044334412,
    "write_model_time": -1.0,
    "epochs": {
        "1": {
            "steps": {
                "1": 20.946463,
                "2": 0.689346,
                "3": 0.684441,
                "4": 0.688375,
                "5": 0.680023,
                "6": 0.680724,
                "7": 0.685236,
                "8": 0.677189,
                "9": 0.686342,
                "10": 0.680909,
                "11": 0.6874,
                "12": 0.68336,
                "13": 0.689854,
                "14": 0.686046,
                "15": 0.68843,
                "16": 0.684184,
                "17": 0.687735,
                "18": 0.686945,
                "19": 0.692111,
                "20": 0.690949,
                "21": 0.697392,
                "22": 0.694402,
                "23": 0.691262,
                "24": 0.686644,
                "25": 6.465106
            },
            "validation_time": 5.558426,
            "epoch_time": 49.52638506889343,
            "validation_accuracy": 0.0
        },
        "2": {
            "steps": {
                "1": 0.706192,
                "2": 0.704258,
                "3": 0.703566,
                "4": 0.702203,
                "5": 0.703343,
                "6": 0.703479,
                "7": 0.707808,
                "8": 0.705392,
                "9": 0.707936,
                "10": 0.710061,
                "11": 0.707816,
                "12": 0.711564,
                "13": 0.712471,
                "14": 0.709731,
                "15": 0.707735,
                "16": 0.721437,
                "17": 0.713283,
                "18": 0.714247,
                "19": 0.716898,
                "20": 0.718651,
                "21": 0.713051,
                "22": 0.689042,
                "23": 0.715992,
                "24": 0.705314,
                "25": 0.418305
            },
            "validation_time": 1.003287,
            "epoch_time": 18.43668270111084,
            "validation_accuracy": 0.0
        },
        "3": {
            "steps": {
                "1": 0.708575,
                "2": 0.723885,
                "3": 0.71845,
                "4": 0.721726,
                "5": 0.720786,
                "6": 0.72096,
                "7": 0.720408,
                "8": 0.719911,
                "9": 0.720223,
                "10": 0.722484,
                "11": 0.722386,
                "12": 0.725566,
                "13": 0.724487,
                "14": 0.729555,
                "15": 0.721785,
                "16": 0.726737,
                "17": 0.724072,
                "18": 0.728888,
                "19": 0.732348,
                "20": 0.732317,
                "21": 0.73292,
                "22": 0.729013,
                "23": 0.732266,
                "24": 0.729429,
                "25": 0.423524
            },
            "validation_time": 0.99659,
            "epoch_time": 18.8127224445343,
            "validation_accuracy": 0.0998
        },
        "4": {
            "steps": {
                "1": 0.722285,
                "2": 0.736036,
                "3": 0.728618,
                "4": 0.726844,
                "5": 0.738654,
                "6": 0.735094,
                "7": 0.73192,
                "8": 0.734231,
                "9": 0.733525,
                "10": 0.736447,
                "11": 0.736374,
                "12": 0.735269,
                "13": 0.734841,
                "14": 0.732842,
                "15": 0.737114,
                "16": 0.739801,
                "17": 0.737112,
                "18": 0.739751,
                "19": 0.740653,
                "20": 0.742424,
                "21": 0.748698,
                "22": 0.744354,
                "23": 0.746644,
                "24": 0.740492,
                "25": 0.433484
            },
            "validation_time": 1.0258,
            "epoch_time": 19.142842531204224,
            "validation_accuracy": 0.0998
        },
        "5": {
            "steps": {
                "1": 0.736151,
                "2": 0.749485,
                "3": 0.745912,
                "4": 0.744907,
                "5": 0.750217,
                "6": 0.744712,
                "7": 0.749734,
                "8": 0.742044,
                "9": 0.745429,
                "10": 0.738568,
                "11": 0.745136,
                "12": 0.741942,
                "13": 0.739857,
                "14": 0.746388,
                "15": 0.743945,
                "16": 0.744685,
                "17": 0.745068,
                "18": 0.742736,
                "19": 0.740635,
                "20": 0.745272,
                "21": 0.736367,
                "22": 0.74776,
                "23": 0.747336,
                "24": 0.742633,
                "25": 0.44285
            },
            "validation_time": 1.014888,
            "epoch_time": 19.31812572479248,
            "validation_accuracy": 0.0
        }
    },
    "computing_system": "g4dn16xlarge-1",
    "batch_size": "2048"
}
