{
    "init": -1.0,
    "total_training": 17.077908277511597,
    "largest_real_time_delta": 12.831170320510864,
    "fit_time": -1.0,
    "write_model_time": -1.0,
    "epochs": {
        "1": {
            "steps": {
                "1": 7.79691,
                "2": 0.031965,
                "3": 0.031653,
                "4": 0.029431,
                "5": 0.031408,
                "6": 0.029336,
                "7": 0.029757,
                "8": 0.029209,
                "9": 0.030234,
                "10": 0.030089,
                "11": 0.031828,
                "12": 0.029852,
                "13": 0.03063,
                "14": 0.029155,
                "15": 0.030392,
                "16": 0.03064,
                "17": 0.030115,
                "18": 0.028922,
                "19": 0.030863,
                "20": 0.03147,
                "21": 0.029943,
                "22": 0.029511,
                "23": 0.030463,
                "24": 0.030147,
                "25": 0.031302,
                "26": 0.030105,
                "27": 0.030033,
                "28": 0.031397,
                "29": 0.028127,
                "30": 0.069253
            },
            "validation_time": 0.249858,
            "epoch_time": 8.9672691822052
        },
        "2": {
            "steps": {
                "1": 0.034183,
                "2": 0.031027,
                "3": 0.029577,
                "4": 0.032301,
                "5": 0.029246,
                "6": 0.030115,
                "7": 0.029276,
                "8": 0.029984,
                "9": 0.029741,
                "10": 0.030631,
                "11": 0.031542,
                "12": 0.030052,
                "13": 0.029851,
                "14": 0.031494,
                "15": 0.030943,
                "16": 0.030292,
                "17": 0.03029,
                "18": 0.030442,
                "19": 0.030448,
                "20": 0.030183,
                "21": 0.031086,
                "22": 0.030179,
                "23": 0.029678,
                "24": 0.032135,
                "25": 0.031024,
                "26": 0.031649,
                "27": 0.029315,
                "28": 0.030569,
                "29": 0.028049,
                "30": 0.01504
            },
            "validation_time": 0.068538,
            "epoch_time": 0.9721131324768066
        },
        "3": {
            "steps": {
                "1": 0.029781,
                "2": 0.030965,
                "3": 0.02875,
                "4": 0.031186,
                "5": 0.030612,
                "6": 0.030269,
                "7": 0.03039,
                "8": 0.029917,
                "9": 0.029123,
                "10": 0.03077,
                "11": 0.029953,
                "12": 0.03009,
                "13": 0.02971,
                "14": 0.030433,
                "15": 0.029631,
                "16": 0.030435,
                "17": 0.030347,
                "18": 0.030405,
                "19": 0.029706,
                "20": 0.030274,
                "21": 0.030108,
                "22": 0.031544,
                "23": 0.031973,
                "24": 0.030325,
                "25": 0.030646,
                "26": 0.031425,
                "27": 0.029587,
                "28": 0.030674,
                "29": 0.02829,
                "30": 0.01605
            },
            "validation_time": 0.069031,
            "epoch_time": 0.9656038284301758
        },
        "4": {
            "steps": {
                "1": 0.030439,
                "2": 0.029905,
                "3": 0.03002,
                "4": 0.031368,
                "5": 0.029687,
                "6": 0.030652,
                "7": 0.029457,
                "8": 0.030696,
                "9": 0.029855,
                "10": 0.029418,
                "11": 0.030177,
                "12": 0.029291,
                "13": 0.030515,
                "14": 0.029788,
                "15": 0.030558,
                "16": 0.031023,
                "17": 0.032301,
                "18": 0.029747,
                "19": 0.030326,
                "20": 0.029682,
                "21": 0.030504,
                "22": 0.032497,
                "23": 0.029152,
                "24": 0.030443,
                "25": 0.031343,
                "26": 0.030958,
                "27": 0.030417,
                "28": 0.030181,
                "29": 0.028603,
                "30": 0.015576
            },
            "validation_time": 0.06649,
            "epoch_time": 0.9642307758331299
        },
        "5": {
            "steps": {
                "1": 0.03006,
                "2": 0.029012,
                "3": 0.031065,
                "4": 0.031989,
                "5": 0.03027,
                "6": 0.029123,
                "7": 0.03032,
                "8": 0.029478,
                "9": 0.030621,
                "10": 0.029374,
                "11": 0.030094,
                "12": 0.029147,
                "13": 0.030298,
                "14": 0.029174,
                "15": 0.031995,
                "16": 0.030286,
                "17": 0.029984,
                "18": 0.030584,
                "19": 0.029193,
                "20": 0.030499,
                "21": 0.030188,
                "22": 0.029962,
                "23": 0.029267,
                "24": 0.029994,
                "25": 0.029201,
                "26": 0.030188,
                "27": 0.029584,
                "28": 0.031147,
                "29": 0.029422,
                "30": 0.015684
            },
            "validation_time": 0.068403,
            "epoch_time": 0.9587550163269043
        }
    }
}
