{
    "init": 4.931198835372925,
    "total_training": 34.7754821777,
    "epochs": {
        "1": {
            "steps": {
                "1": 8.78304696083,
                "2": 0.0954248905182,
                "3": 0.094822883606,
                "4": 0.0944049358368,
                "5": 0.10316991806,
                "6": 0.104703903198,
                "7": 0.0956220626831,
                "8": 0.0948541164398,
                "9": 0.0939800739288,
                "10": 0.0989141464233,
                "11": 0.0958340167999,
                "12": 0.0961010456085,
                "13": 0.0953330993652,
                "14": 0.103512048721,
                "15": 0.104640007019,
                "16": 0.0976111888885,
                "17": 0.103568077087,
                "18": 0.0933790206909,
                "19": 0.100771903992,
                "20": 0.0957341194153,
                "21": 0.100383043289,
                "22": 0.0970549583435,
                "23": 0.0960469245911,
                "24": 0.103064060211,
                "25": 0.0937919616699,
                "26": 0.102122068405,
                "27": 0.0966300964355,
                "28": 0.0986821651459,
                "29": 0.0969069004059,
                "30": 0.0946290493011,
                "31": 0.0943229198456,
                "32": 0.0937650203705,
                "33": 0.101819992065,
                "34": 0.101612091064,
                "35": 0.094544172287,
                "36": 0.0949010848999,
                "37": 0.0979299545288,
                "38": 0.0939509868622,
                "39": 0.0846939086914
            },
            "validation_time": 0.27692484855,
            "epoch_time": 13.1608529091
        },
        "2": {
            "steps": {
                "1": 0.0958499908447,
                "2": 0.0939519405365,
                "3": 0.0935568809509,
                "4": 0.0948441028595,
                "5": 0.0983870029449,
                "6": 0.0936748981476,
                "7": 0.0944459438324,
                "8": 0.102926015854,
                "9": 0.0926718711853,
                "10": 0.0978119373322,
                "11": 0.0921890735626,
                "12": 0.0978779792786,
                "13": 0.0937161445618,
                "14": 0.101300001144,
                "15": 0.093010187149,
                "16": 0.092954158783,
                "17": 0.103482961655,
                "18": 0.0928549766541,
                "19": 0.0965220928192,
                "20": 0.0933890342712,
                "21": 0.101870059967,
                "22": 0.0947790145874,
                "23": 0.0983259677887,
                "24": 0.0939118862152,
                "25": 0.0946311950684,
                "26": 0.0969228744507,
                "27": 0.0949931144714,
                "28": 0.0950539112091,
                "29": 0.100829124451,
                "30": 0.101295948029,
                "31": 0.093887090683,
                "32": 0.0991909503937,
                "33": 0.101936817169,
                "34": 0.0958840847015,
                "35": 0.0929989814758,
                "36": 0.100352048874,
                "37": 0.0985059738159,
                "38": 0.101557970047,
                "39": 0.0886709690094
            },
            "validation_time": 0.020705938339,
            "epoch_time": 3.86845302582
        },
        "3": {
            "steps": {
                "1": 0.0965588092804,
                "2": 0.0945239067078,
                "3": 0.103859901428,
                "4": 0.093386888504,
                "5": 0.10129404068,
                "6": 0.0943381786346,
                "7": 0.0936000347137,
                "8": 0.0948488712311,
                "9": 0.102408885956,
                "10": 0.0952038764954,
                "11": 0.100117921829,
                "12": 0.101306200027,
                "13": 0.0928649902344,
                "14": 0.0996100902557,
                "15": 0.101716995239,
                "16": 0.103391885757,
                "17": 0.100600004196,
                "18": 0.0936191082001,
                "19": 0.0979399681091,
                "20": 0.0941319465637,
                "21": 0.100856781006,
                "22": 0.0956559181213,
                "23": 0.0935640335083,
                "24": 0.0994582176208,
                "25": 0.0944039821625,
                "26": 0.0955719947815,
                "27": 0.0927538871765,
                "28": 0.101218938828,
                "29": 0.101152181625,
                "30": 0.0988900661469,
                "31": 0.0938911437988,
                "32": 0.0931630134583,
                "33": 0.092896938324,
                "34": 0.0931279659271,
                "35": 0.1009349823,
                "36": 0.095978975296,
                "37": 0.101613044739,
                "38": 0.09334897995,
                "39": 0.0760259628296
            },
            "validation_time": 0.025264978408,
            "epoch_time": 3.88085198402
        },
        "4": {
            "steps": {
                "1": 0.0985059738159,
                "2": 0.0951180458069,
                "3": 0.102594137192,
                "4": 0.102666139603,
                "5": 0.101560115814,
                "6": 0.102607011795,
                "7": 0.095113992691,
                "8": 0.0980370044708,
                "9": 0.100789070129,
                "10": 0.0939691066742,
                "11": 0.0935261249542,
                "12": 0.0974280834198,
                "13": 0.0933840274811,
                "14": 0.101367950439,
                "15": 0.102349996567,
                "16": 0.0956439971924,
                "17": 0.0943851470947,
                "18": 0.10227394104,
                "19": 0.0977070331573,
                "20": 0.0968449115753,
                "21": 0.0964591503143,
                "22": 0.102038145065,
                "23": 0.0927751064301,
                "24": 0.0940339565277,
                "25": 0.0938379764557,
                "26": 0.101901054382,
                "27": 0.103406906128,
                "28": 0.096293926239,
                "29": 0.0946571826935,
                "30": 0.0934989452362,
                "31": 0.0940299034119,
                "32": 0.0977749824524,
                "33": 0.094024181366,
                "34": 0.101225137711,
                "35": 0.101757049561,
                "36": 0.0979070663452,
                "37": 0.0924580097198,
                "38": 0.0947139263153,
                "39": 0.0781259536743
            },
            "validation_time": 0.020808935165,
            "epoch_time": 3.8885281086
        },
        "5": {
            "steps": {
                "1": 0.0937418937683,
                "2": 0.0968198776245,
                "3": 0.0965168476105,
                "4": 0.0952999591827,
                "5": 0.092700958252,
                "6": 0.0954070091248,
                "7": 0.102411985397,
                "8": 0.100303888321,
                "9": 0.0965359210968,
                "10": 0.100989103317,
                "11": 0.0943398475647,
                "12": 0.0929260253906,
                "13": 0.0931160449982,
                "14": 0.0943360328674,
                "15": 0.092474937439,
                "16": 0.0944030284882,
                "17": 0.0954449176788,
                "18": 0.0997588634491,
                "19": 0.0944850444794,
                "20": 0.103889942169,
                "21": 0.0970129966736,
                "22": 0.0926380157471,
                "23": 0.0921947956085,
                "24": 0.093090057373,
                "25": 0.0951809883118,
                "26": 0.0990068912506,
                "27": 0.100931882858,
                "28": 0.0951008796692,
                "29": 0.0954139232635,
                "30": 0.0995779037476,
                "31": 0.0938949584961,
                "32": 0.093111038208,
                "33": 0.102570056915,