{
    "init": 6.665285587310791,
    "total_training": 28.59360408782959,
    "largest_real_time_delta": 20.57016682624817,
    "epochs": {
        "1": {
            "steps": {
                "1": 17.534572,
                "2": 0.017056,
                "3": 0.015611,
                "4": 0.017569,
                "5": 0.016679,
                "6": 0.01637,
                "7": 0.017511,
                "8": 0.016078,
                "9": 0.017434,
                "10": 0.016336,
                "11": 0.015832,
                "12": 0.0184,
                "13": 0.015285,
                "14": 0.017878,
                "15": 0.01606,
                "16": 0.017082,
                "17": 0.015302,
                "18": 0.016991,
                "19": 0.015461,
                "20": 0.018181,
                "21": 0.015446,
                "22": 0.017411,
                "23": 0.015519,
                "24": 0.017029,
                "25": 0.015581,
                "26": 0.017401,
                "27": 0.015069,
                "28": 0.024219,
                "29": 0.014331,
                "30": 0.028337
            },
            "validation_time": 0.323373,
            "epoch_time": 18.359288454055786
        },
        "2": {
            "steps": {
                "1": 0.015683,
                "2": 0.017773,
                "3": 0.014931,
                "4": 0.017331,
                "5": 0.014796,
                "6": 0.017371,
                "7": 0.014628,
                "8": 0.017214,
                "9": 0.015798,
                "10": 0.017513,
                "11": 0.015723,
                "12": 0.015086,
                "13": 0.017326,
                "14": 0.015809,
                "15": 0.017914,
                "16": 0.016384,
                "17": 0.015564,
                "18": 0.018301,
                "19": 0.014555,
                "20": 0.018227,
                "21": 0.015887,
                "22": 0.017376,
                "23": 0.015516,
                "24": 0.017672,
                "25": 0.015075,
                "26": 0.017908,
                "27": 0.015136,
                "28": 0.018021,
                "29": 0.014199,
                "30": 0.01491
            },
            "validation_time": 0.054771,
            "epoch_time": 0.5488758087158203
        },
        "3": {
            "steps": {
                "1": 0.015739,
                "2": 0.017912,
                "3": 0.01584,
                "4": 0.018078,
                "5": 0.015745,
                "6": 0.018165,
                "7": 0.015529,
                "8": 0.017577,
                "9": 0.015366,
                "10": 0.01736,
                "11": 0.015598,
                "12": 0.017609,
                "13": 0.014809,
                "14": 0.017726,
                "15": 0.016138,
                "16": 0.018161,
                "17": 0.016229,
                "18": 0.015234,
                "19": 0.017603,
                "20": 0.015335,
                "21": 0.017495,
                "22": 0.016093,
                "23": 0.017461,
                "24": 0.014943,
                "25": 0.017976,
                "26": 0.015598,
                "27": 0.016099,
                "28": 0.015987,
                "29": 0.014116,
                "30": 0.014397
            },
            "validation_time": 0.055088,
            "epoch_time": 0.5514609813690186
        },
        "4": {
            "steps": {
                "1": 0.015822,
                "2": 0.01834,
                "3": 0.015556,
                "4": 0.017852,
                "5": 0.015831,
                "6": 0.01772,
                "7": 0.015341,
                "8": 0.017988,
                "9": 0.015283,
                "10": 0.018135,
                "11": 0.016223,
                "12": 0.017653,
                "13": 0.016261,
                "14": 0.017787,
                "15": 0.015778,
                "16": 0.015687,
                "17": 0.018152,
                "18": 0.015224,
                "19": 0.017067,
                "20": 0.016528,
                "21": 0.016125,
                "22": 0.0165,
                "23": 0.015027,
                "24": 0.017967,
                "25": 0.015461,
                "26": 0.01793,
                "27": 0.01599,
                "28": 0.015311,
                "29": 0.01577,
                "30": 0.014392
            },
            "validation_time": 0.055172,
            "epoch_time": 0.5544157028198242
        },
        "5": {
            "steps": {
                "1": 0.016164,
                "2": 0.017878,
                "3": 0.015054,
                "4": 0.017708,
                "5": 0.015325,
                "6": 0.017402,
                "7": 0.015199,
                "8": 0.018241,
                "9": 0.016692,
                "10": 0.015205,
                "11": 0.017945,
                "12": 0.014889,
                "13": 0.017975,
                "14": 0.016104,
                "15": 0.017812,
                "16": 0.015846,
                "17": 0.017746,
                "18": 0.015181,
                "19": 0.018022,
                "20": 0.015157,
                "21": 0.01769,
                "22": 0.01567,
                "23": 0.017944,
                "24": 0.015209,
                "25": 0.017203,
                "26": 0.016737,
                "27": 0.015893,
                "28": 0.018614,
                "29": 0.01385,
                "30": 0.013794
            },
            "validation_time": 0.052707,
            "epoch_time": 0.5517857074737549
        }
    }
}
