{
    "init": 3.5327749252319336,
    "total_training": 20.995513916,
    "largest_real_time_delta": 16.519999980926514,
    "fit_time": -1.0,
    "write_model_time": -1.0,
    "epochs": {
        "1": {
            "steps": {
                "1": 7.6357588768,
                "2": 0.0260910987854,
                "3": 0.0232970714569,
                "4": 0.0224199295044,
                "5": 0.0227990150452,
                "6": 0.0225369930267,
                "7": 0.0223009586334,
                "8": 0.0225579738617,
                "9": 0.0227580070496,
                "10": 0.0224678516388,
                "11": 0.022696018219,
                "12": 0.0229270458221,
                "13": 0.0228219032288,
                "14": 0.0246942043304,
                "15": 0.0229349136353,
                "16": 0.0225059986115,
                "17": 0.0221071243286,
                "18": 0.0229358673096,
                "19": 0.0231101512909,
                "20": 0.0218458175659,
                "21": 0.0220079421997,
                "22": 0.0224599838257,
                "23": 0.0228290557861,
                "24": 0.0229051113129,
                "25": 0.0255541801453,
                "26": 0.0255329608917,
                "27": 0.0228459835052,
                "28": 0.0222799777985,
                "29": 0.022449016571,
                "30": 0.0228250026703,
                "31": 0.0224997997284,
                "32": 0.0225121974945,
                "33": 0.0228037834167,
                "34": 0.0225689411163,
                "35": 0.0225791931152,
                "36": 0.0228979587555,
                "37": 0.0216941833496,
                "38": 0.0225019454956,
                "39": 0.0228729248047,
                "40": 0.0226559638977,
                "41": 0.0224859714508,
                "42": 0.021880865097,
                "43": 0.0221989154816,
                "44": 0.0223069190979,
                "45": 0.0224502086639,
                "46": 0.0229818820953,
                "47": 0.0226080417633,
                "48": 0.0224950313568,
                "49": 0.0223278999329,
                "50": 0.0225851535797,
                "51": 0.0227348804474,
                "52": 0.0224969387054,
                "53": 0.0224139690399,
                "54": 0.0229249000549,
                "55": 0.0222010612488,
                "56": 0.022716999054,
                "57": 0.0227100849152,
                "58": 0.0227859020233,
                "59": 0.022628068924,
                "60": 0.0224370956421,
                "61": 0.0225231647491,
                "62": 0.0224299430847,
                "63": 0.0229749679565,
                "64": 0.0218050479889,
                "65": 0.0221359729767,
                "66": 0.0227029323578,
                "67": 0.0221700668335,
                "68": 0.0224740505219,
                "69": 0.0226118564606,
                "70": 0.0224599838257,
                "71": 0.022479057312,
                "72": 0.0229818820953,
                "73": 0.023120880127,
                "74": 0.0232470035553,
                "75": 0.0225269794464,
                "76": 0.0221982002258,
                "77": 0.0226140022278,
                "78": 0.0230507850647,
                "79": 0.0192029476166,
                "80": 0.0448260307312
            },
            "validation_accuracy": 0.9151,
            "validation_time": 0.15704703331,
            "epoch_time": 9.6126909256
        },
        "2": {
            "steps": {
                "1": 0.0238709449768,
                "2": 0.0211200714111,
                "3": 0.0210909843445,
                "4": 0.0213129520416,
                "5": 0.021390914917,
                "6": 0.0212540626526,
                "7": 0.0212209224701,
                "8": 0.0212979316711,
                "9": 0.0212070941925,
                "10": 0.021360874176,
                "11": 0.0213379859924,
                "12": 0.021910905838,
                "13": 0.0213208198547,
                "14": 0.0208530426025,
                "15": 0.0212850570679,
                "16": 0.0211148262024,
                "17": 0.0208070278168,
                "18": 0.0210099220276,
                "19": 0.0210440158844,
                "20": 0.0210340023041,
                "21": 0.0211207866669,
                "22": 0.0211760997772,
                "23": 0.021164894104,
                "24": 0.0212440490723,
                "25": 0.0211989879608,
                "26": 0.0208039283752,
                "27": 0.0244200229645,
                "28": 0.021231174469,
                "29": 0.0211009979248,
                "30": 0.0209739208221,
                "31": 0.0226340293884,
                "32": 0.0222959518433,
                "33": 0.0226418972015,
                "34": 0.0213639736176,
                "35": 0.0224862098694,
                "36": 0.022057056427,
                "37": 0.0227909088135,
                "38": 0.0209631919861,
                "39": 0.0210721492767,
                "40": 0.024708032608,
                "41": 0.0212450027466,
                "42": 0.0213871002197,
                "43": 0.02073097229,
                "44": 0.0227899551392,
                "45": 0.0209460258484,
                "46": 0.0210039615631,
                "47": 0.020889043808,
                "48": 0.0205669403076,
                "49": 0.0227749347687,
                "50": 0.0206859111786,
                "51": 0.0227539539337,
                "52": 0.022027015686,
                "53": 0.0227899551392,
                "54": 0.0209009647369,
                "55": 0.0222871303558,
                "56": 0.0222640037537,
                "57": 0.0204439163208,
                "58": 0.0232610702515,
                "59": 0.0210518836975,
                "60": 0.0228049755096,
                "61": 0.0215790271759,
                "62": 0.0226030349731,
                "63": 0.0211899280548,
                "64": 0.0224540233612,
                "65": 0.0207839012146,
                "66": 0.0227119922638,
                "67": 0.0212769508362,
                "68": 0.0227911472321,
                "69": 0.021124124527,
                "70": 0.0206558704376,
                "71": 0.0223910808563,
                "72": 0.021087884903,
                "73": 0.0212969779968,
                "74": 0.020968914032,
                "75": 0.0209939479828,
                "76": 0.0205080509186,
                "77": 0.0231461524963,
                "78": 0.0211939811707,
                "79": 0.0178091526031,
                "80": 0.0120060443878
            },
            "validation_accuracy": 0.9623,
            "validation_time": 0.00704002380371,
            "epoch_time": 1.72955322266
        },
        "3": {
            "steps": {
                "1": 0.0232388973236,
                "2": 0.0212140083313,
                "3": 0.0211820602417,
                "4": 0.0210108757019,
                "5": 0.0203750133514,
                "6": 0.0226109027863,
                "7": 0.0234830379486,
                "8": 0.0211999416351,
                "9": 0.0208530426025,
                "10": 0.0212070941925,
                "11": 0.0208230018616,
                "12": 0.0209338665009,
                "13": 0.0204529762268,
                "14": 0.0220279693604,
                "15": 0.0226528644562,
                "16": 0.0211429595947,
                "17": 0.0208029747009,
                "18": 0.0226540565491,
                "19": 0.0208919048309,
                "20": 0.0231518745422,
                "21": 0.0209629535675,
                "22": 0.0219709873199,
                "23": 0.0224678516388,
                "24": 0.020663022995,
                "25": 0.0235049724579,
                "26": 0.0214850902557,
                "27": 0.0212118625641,
                "28": 0.0229339599609,
                "29": 0.0208208560944,
                "30": 0.0229251384735,