{
    "init": 5.283442974090576,
    "total_training": 22.4761459827,
    "largest_real_time_delta": 16.25,
    "fit_time": 17.101569891,
    "write_model_time": 0.0910980701447,
    "epochs": {
        "1": {
            "steps": {
                "1": 8.21721720695,
                "2": 0.0195899009705,
                "3": 0.0210809707642,
                "4": 0.0191378593445,
                "5": 0.0201470851898,
                "6": 0.0188460350037,
                "7": 0.0202589035034,
                "8": 0.0192301273346,
                "9": 0.0223979949951,
                "10": 0.0192677974701,
                "11": 0.0211410522461,
                "12": 0.0189731121063,
                "13": 0.0214459896088,
                "14": 0.0188229084015,
                "15": 0.0199000835419,
                "16": 0.0191130638123,
                "17": 0.0209100246429,
                "18": 0.0190269947052,
                "19": 0.0208578109741,
                "20": 0.0188610553741,
                "21": 0.0198910236359,
                "22": 0.019583940506,
                "23": 0.020672082901,
                "24": 0.0191049575806,
                "25": 0.0206289291382,
                "26": 0.0190560817719,
                "27": 0.0220232009888,
                "28": 0.0192558765411,
                "29": 0.0207118988037,
                "30": 0.0183470249176,
                "31": 0.0197730064392,
                "32": 0.0208678245544,
                "33": 0.0191338062286,
                "34": 0.0206100940704,
                "35": 0.01948595047,
                "36": 0.0210819244385,
                "37": 0.0187110900879,
                "38": 0.0209989547729,
                "39": 0.0192310810089,
                "40": 0.0212190151215,
                "41": 0.0195741653442,
                "42": 0.0208308696747,
                "43": 0.0194499492645,
                "44": 0.0206689834595,
                "45": 0.018984079361,
                "46": 0.0203998088837,
                "47": 0.0190510749817,
                "48": 0.0210859775543,
                "49": 0.0190889835358,
                "50": 0.0205428600311,
                "51": 0.0190479755402,
                "52": 0.0203127861023,
                "53": 0.0192031860352,
                "54": 0.0203628540039,
                "55": 0.018965959549,
                "56": 0.0209279060364,
                "57": 0.0184891223907,
                "58": 0.0186121463776,
                "59": 0.0199828147888,
                "60": 0.0189361572266,
                "61": 0.0208678245544,
                "62": 0.0192461013794,
                "63": 0.0207779407501,
                "64": 0.0191819667816,
                "65": 0.0210371017456,
                "66": 0.0190649032593,
                "67": 0.0212049484253,
                "68": 0.0192430019379,
                "69": 0.0211451053619,
                "70": 0.0187940597534,
                "71": 0.0207550525665,
                "72": 0.0191400051117,
                "73": 0.020359992981,
                "74": 0.018394947052,
                "75": 0.0208549499512,
                "76": 0.0193910598755,
                "77": 0.0213479995728,
                "78": 0.0190379619598,
                "79": 0.0176429748535,
                "80": 0.042592048645
            },
            "validation_accuracy": 0.9151,
            "validation_time": 0.157248973846,
            "epoch_time": 9.97418999672
        },
        "2": {
            "steps": {
                "1": 0.0208449363708,
                "2": 0.0206880569458,
                "3": 0.0189249515533,
                "4": 0.0184321403503,
                "5": 0.0205671787262,
                "6": 0.0192348957062,
                "7": 0.020359992981,
                "8": 0.0202579498291,
                "9": 0.0179550647736,
                "10": 0.018238067627,
                "11": 0.0186660289764,
                "12": 0.0203649997711,
                "13": 0.0189700126648,
                "14": 0.0180809497833,
                "15": 0.0203828811646,
                "16": 0.0189001560211,
                "17": 0.0207860469818,
                "18": 0.0187511444092,
                "19": 0.0203928947449,
                "20": 0.0182058811188,
                "21": 0.0205600261688,
                "22": 0.0189781188965,
                "23": 0.0198872089386,
                "24": 0.0193319320679,
                "25": 0.0208008289337,
                "26": 0.0190320014954,
                "27": 0.0205359458923,
                "28": 0.018951177597,
                "29": 0.0203671455383,
                "30": 0.0189809799194,
                "31": 0.0202679634094,
                "32": 0.0184998512268,
                "33": 0.020339012146,
                "34": 0.0192260742188,
                "35": 0.0200850963593,
                "36": 0.0207388401031,
                "37": 0.0187549591064,
                "38": 0.0181860923767,
                "39": 0.0195910930634,
                "40": 0.020859003067,
                "41": 0.0190329551697,
                "42": 0.018609046936,
                "43": 0.0186581611633,
                "44": 0.0182161331177,
                "45": 0.0201539993286,
                "46": 0.0186989307404,
                "47": 0.0201578140259,
                "48": 0.0201880931854,
                "49": 0.0206778049469,
                "50": 0.0186049938202,
                "51": 0.0202391147614,
                "52": 0.0205399990082,
                "53": 0.0188491344452,
                "54": 0.0184030532837,
                "55": 0.0201940536499,
                "56": 0.0201780796051,
                "57": 0.0190389156342,
                "58": 0.0189418792725,
                "59": 0.0185599327087,
                "60": 0.0185599327087,
                "61": 0.0185861587524,
                "62": 0.0182309150696,
                "63": 0.0197470188141,
                "64": 0.0203869342804,
                "65": 0.0183920860291,
                "66": 0.0186629295349,
                "67": 0.0186071395874,
                "68": 0.018452167511,
                "69": 0.0176808834076,
                "70": 0.0180959701538,
                "71": 0.0195000171661,
                "72": 0.0203080177307,
                "73": 0.0187029838562,
                "74": 0.0179011821747,
                "75": 0.0202631950378,
                "76": 0.0185129642487,
                "77": 0.0199301242828,
                "78": 0.0202729701996,
                "79": 0.0154130458832,
                "80": 0.0115668773651
            },
            "validation_accuracy": 0.9434,
            "validation_time": 0.0068838596344,
            "epoch_time": 1.55152010918
        },
        "3": {
            "steps": {
                "1": 0.0185420513153,
                "2": 0.0202178955078,
                "3": 0.0200810432434,
                "4": 0.0186579227448,
                "5": 0.0199768543243,
                "6": 0.0186331272125,
                "7": 0.0201809406281,
                "8": 0.0186250209808,
                "9": 0.0198237895966,
                "10": 0.0184698104858,
                "11": 0.0195350646973,
                "12": 0.019896030426,
                "13": 0.0198450088501,
                "14": 0.0186800956726,
                "15": 0.0200588703156,
                "16": 0.0186688899994,
                "17": 0.0197839736938,
                "18": 0.018707036972,
                "19": 0.0188639163971,
                "20": 0.0184650421143,
                "21": 0.0177509784698,
                "22": 0.0203499794006,
                "23": 0.0185520648956,
                "24": 0.0198168754578,
                "25": 0.0189809799194,
                "26": 0.0211350917816,
                "27": 0.0205647945404,
                "28": 0.0185868740082,
                "29": 0.0200159549713,
                "30": 0.0186948776245,