{
    "init": 4.100627899169922,
    "total_training": 21.2680590153,
    "largest_real_time_delta": 16.230000019073486,
    "fit_time": 17.0780549049,
    "write_model_time": 0.0893399715424,
    "epochs": {
        "1": {
            "steps": {
                "1": 8.09844183922,
                "2": 0.0220150947571,
                "3": 0.0206010341644,
                "4": 0.0214829444885,
                "5": 0.0214200019836,
                "6": 0.0199871063232,
                "7": 0.0213527679443,
                "8": 0.0214660167694,
                "9": 0.0218818187714,
                "10": 0.021399974823,
                "11": 0.0215480327606,
                "12": 0.0215411186218,
                "13": 0.0217740535736,
                "14": 0.0216658115387,
                "15": 0.0211610794067,
                "16": 0.023050069809,
                "17": 0.022047996521,
                "18": 0.0222570896149,
                "19": 0.0210568904877,
                "20": 0.0217859745026,
                "21": 0.0215690135956,
                "22": 0.0218930244446,
                "23": 0.0218210220337,
                "24": 0.0206558704376,
                "25": 0.0217771530151,
                "26": 0.0207140445709,
                "27": 0.021568775177,
                "28": 0.0195918083191,
                "29": 0.0221281051636,
                "30": 0.0208790302277,
                "31": 0.0216269493103,
                "32": 0.0214040279388,
                "33": 0.0216331481934,
                "34": 0.0204908847809,
                "35": 0.0207369327545,
                "36": 0.0208740234375,
                "37": 0.0215840339661,
                "38": 0.0212149620056,
                "39": 0.02108502388,
                "40": 0.021152973175,
                "41": 0.021411895752,
                "42": 0.0211420059204,
                "43": 0.0211338996887,
                "44": 0.0212910175323,
                "45": 0.0194659233093,
                "46": 0.0211482048035,
                "47": 0.0210709571838,
                "48": 0.0206549167633,
                "49": 0.0214400291443,
                "50": 0.0214200019836,
                "51": 0.0210909843445,
                "52": 0.0212700366974,
                "53": 0.0211110115051,
                "54": 0.0211100578308,
                "55": 0.0213718414307,
                "56": 0.0210950374603,
                "57": 0.0212199687958,
                "58": 0.02161693573,
                "59": 0.0217990875244,
                "60": 0.0215699672699,
                "61": 0.0194709300995,
                "62": 0.0206871032715,
                "63": 0.0207049846649,
                "64": 0.0215079784393,
                "65": 0.0220918655396,
                "66": 0.0214149951935,
                "67": 0.0218369960785,
                "68": 0.0216910839081,
                "69": 0.0218749046326,
                "70": 0.0218048095703,
                "71": 0.0218369960785,
                "72": 0.0209591388702,
                "73": 0.0193181037903,
                "74": 0.0202119350433,
                "75": 0.0201771259308,
                "76": 0.0220818519592,
                "77": 0.0202310085297,
                "78": 0.0218398571014,
                "79": 0.0153901576996,
                "80": 0.0450510978699
            },
            "validation_accuracy": 0.9057,
            "validation_time": 0.159583091736,
            "epoch_time": 9.96138286591
        },
        "2": {
            "steps": {
                "1": 0.0202078819275,
                "2": 0.0197739601135,
                "3": 0.0201978683472,
                "4": 0.0200951099396,
                "5": 0.0196278095245,
                "6": 0.0197491645813,
                "7": 0.0198249816895,
                "8": 0.0199120044708,
                "9": 0.0197100639343,
                "10": 0.0197739601135,
                "11": 0.0198929309845,
                "12": 0.0203468799591,
                "13": 0.0200819969177,
                "14": 0.0199859142303,
                "15": 0.0197939872742,
                "16": 0.0201389789581,
                "17": 0.0201110839844,
                "18": 0.0198810100555,
                "19": 0.0188291072845,
                "20": 0.0199630260468,
                "21": 0.0203199386597,
                "22": 0.0199720859528,
                "23": 0.020124912262,
                "24": 0.0205669403076,
                "25": 0.0201890468597,
                "26": 0.020984172821,
                "27": 0.0201141834259,
                "28": 0.0200810432434,
                "29": 0.0196750164032,
                "30": 0.0199739933014,
                "31": 0.0189180374146,
                "32": 0.0190460681915,
                "33": 0.0195751190186,
                "34": 0.0200350284576,
                "35": 0.0195097923279,
                "36": 0.0198798179626,
                "37": 0.0196089744568,
                "38": 0.0198221206665,
                "39": 0.0198719501495,
                "40": 0.0198390483856,
                "41": 0.0195858478546,
                "42": 0.0198040008545,
                "43": 0.0201818943024,
                "44": 0.0199627876282,
                "45": 0.018728017807,
                "46": 0.0203778743744,
                "47": 0.0198600292206,
                "48": 0.0197489261627,
                "49": 0.0199999809265,
                "50": 0.0195879936218,
                "51": 0.0190200805664,
                "52": 0.0200819969177,
                "53": 0.0198168754578,
                "54": 0.0196928977966,
                "55": 0.0184810161591,
                "56": 0.0195879936218,
                "57": 0.0197939872742,
                "58": 0.0200231075287,
                "59": 0.0195820331573,
                "60": 0.0198628902435,
                "61": 0.0202009677887,
                "62": 0.0198929309845,
                "63": 0.0196480751038,
                "64": 0.0197379589081,
                "65": 0.0189380645752,
                "66": 0.0184369087219,
                "67": 0.0197200775146,
                "68": 0.0196847915649,
                "69": 0.0195620059967,
                "70": 0.0197279453278,
                "71": 0.0195529460907,
                "72": 0.0196900367737,
                "73": 0.0198249816895,
                "74": 0.0195689201355,
                "75": 0.0199790000916,
                "76": 0.0198068618774,
                "77": 0.0198600292206,
                "78": 0.0199511051178,
                "79": 0.0165529251099,
                "80": 0.0118780136108
            },
            "validation_accuracy": 0.934,
            "validation_time": 0.00680494308472,
            "epoch_time": 1.58487081528
        },
        "3": {
            "steps": {
                "1": 0.0195429325104,
                "2": 0.019758939743,
                "3": 0.0190920829773,
                "4": 0.0196270942688,
                "5": 0.0196208953857,
                "6": 0.0199098587036,
                "7": 0.0196900367737,
                "8": 0.0196681022644,
                "9": 0.0195419788361,
                "10": 0.0197820663452,
                "11": 0.019721031189,
                "12": 0.0199570655823,
                "13": 0.0188648700714,
                "14": 0.0201208591461,
                "15": 0.0199677944183,
                "16": 0.0195498466492,
                "17": 0.019012928009,
                "18": 0.0196561813354,
                "19": 0.0197730064392,
                "20": 0.0196650028229,
                "21": 0.0194549560547,
                "22": 0.0198149681091,
                "23": 0.0182740688324,
                "24": 0.0196549892426,
                "25": 0.0183908939362,
                "26": 0.0201680660248,
                "27": 0.0196042060852,
                "28": 0.0195469856262,
                "29": 0.0193228721619,
                "30": 0.0195848941803,