{
    "init": -1.0,
    "total_training": 90.96067762374878,
    "largest_real_time_delta": 87.47504925727844,
    "fit_time": 90.96067762374878,
    "write_model_time": -1.0,
    "epochs": {
        "1": {
            "steps": {
                "1": 49.567574,
                "2": 0.2206,
                "3": 0.218456,
                "4": 0.218882,
                "5": 0.221575,
                "6": 0.217155,
                "7": 0.216341,
                "8": 0.218355,
                "9": 0.219463,
                "10": 0.217118,
                "11": 0.21748,
                "12": 0.220616,
                "13": 0.21604,
                "14": 0.216556,
                "15": 0.219923,
                "16": 0.220208,
                "17": 0.216746,
                "18": 0.217234,
                "19": 0.217301,
                "20": 0.216359,
                "21": 0.220832,
                "22": 0.217449,
                "23": 0.220156,
                "24": 0.215082,
                "25": 3.032022
            },
            "validation_time": 5.490012,
            "epoch_time": 63.8998863697052,
            "validation_accuracy": 0.0
        },
        "2": {
            "steps": {
                "1": 0.222102,
                "2": 0.222079,
                "3": 0.222065,
                "4": 0.218812,
                "5": 0.22298,
                "6": 0.220456,
                "7": 0.219126,
                "8": 0.218464,
                "9": 0.218172,
                "10": 0.220615,
                "11": 0.218636,
                "12": 0.218628,
                "13": 0.224769,
                "14": 0.219948,
                "15": 0.220044,
                "16": 0.222561,
                "17": 0.219387,
                "18": 0.219859,
                "19": 0.224315,
                "20": 0.219997,
                "21": 0.220815,
                "22": 0.219488,
                "23": 0.218188,
                "24": 0.219626,
                "25": 0.22248
            },
            "validation_time": 0.330034,
            "epoch_time": 5.8482139110565186,
            "validation_accuracy": 0.0
        },
        "3": {
            "steps": {
                "1": 0.22232,
                "2": 0.220416,
                "3": 0.21892,
                "4": 0.223487,
                "5": 0.219871,
                "6": 0.221916,
                "7": 0.222814,
                "8": 0.227083,
                "9": 0.22069,
                "10": 0.223728,
                "11": 0.225464,
                "12": 0.219562,
                "13": 0.226105,
                "14": 0.220503,
                "15": 0.222966,
                "16": 0.221966,
                "17": 0.224587,
                "18": 0.223069,
                "19": 0.218368,
                "20": 0.22345,
                "21": 0.22185,
                "22": 0.221969,
                "23": 0.220782,
                "24": 0.219188,
                "25": 0.2226
            },
            "validation_time": 0.321081,
            "epoch_time": 5.87902569770813,
            "validation_accuracy": 0.0
        },
        "4": {
            "steps": {
                "1": 0.220727,
                "2": 0.22227,
                "3": 0.22591,
                "4": 0.221144,
                "5": 0.221854,
                "6": 0.222742,
                "7": 0.226386,
                "8": 0.226893,
                "9": 0.223313,
                "10": 0.221519,
                "11": 0.222571,
                "12": 0.222012,
                "13": 0.225066,
                "14": 0.22754,
                "15": 0.222337,
                "16": 0.224166,
                "17": 0.225588,
                "18": 0.221682,
                "19": 0.22533,
                "20": 0.220941,
                "21": 0.222352,
                "22": 0.223871,
                "23": 0.221262,
                "24": 0.22154,
                "25": 0.219457
            },
            "validation_time": 0.339384,
            "epoch_time": 5.922261476516724,
            "validation_accuracy": 0.0
        },
        "5": {
            "steps": {
                "1": 0.222199,
                "2": 0.226124,
                "3": 0.223255,
                "4": 0.221007,
                "5": 0.22756,
                "6": 0.224237,
                "7": 0.22283,
                "8": 0.224869,
                "9": 0.222296,
                "10": 0.221529,
                "11": 0.224592,
                "12": 0.226589,
                "13": 0.219479,
                "14": 0.224709,
                "15": 0.22599,
                "16": 0.221236,
                "17": 0.226268,
                "18": 0.222576,
                "19": 0.223479,
                "20": 0.221928,
                "21": 0.223887,
                "22": 0.225887,
                "23": 0.224671,
                "24": 0.222255,
                "25": 0.219785
            },
            "validation_time": 0.331267,
            "epoch_time": 5.924978256225586,
            "validation_accuracy": 8.3807e-06
        }
    },
    "computing_system": "g4dn12xlarge-4",
    "batch_size": "2048"
}
