{
    "init": -1.0,
    "total_training": 242.25277853012085,
    "largest_real_time_delta": 237.9184844493866,
    "fit_time": 242.25277853012085,
    "write_model_time": -1.0,
    "epochs": {
        "1": {
            "steps": {
                "1": 20.273037,
                "2": 0.404407,
                "3": 0.401094,
                "4": 0.394133,
                "5": 0.399629,
                "6": 0.396434,
                "7": 0.39793,
                "8": 0.396126,
                "9": 0.400876,
                "10": 0.396893,
                "11": 0.403398,
                "12": 0.399327,
                "13": 0.401824,
                "14": 0.399493,
                "15": 0.404543,
                "16": 0.399882,
                "17": 0.398567,
                "18": 0.401111,
                "19": 0.4011,
                "20": 0.402378,
                "21": 0.400719,
                "22": 0.40097,
                "23": 0.40319,
                "24": 0.402073,
                "25": 0.400889,
                "26": 0.400329,
                "27": 0.403786,
                "28": 0.402718,
                "29": 0.403001,
                "30": 0.400055,
                "31": 0.399917,
                "32": 0.400859,
                "33": 0.402116,
                "34": 0.401886,
                "35": 0.405425,
                "36": 0.401118,
                "37": 0.402028,
                "38": 0.401783,
                "39": 0.402248,
                "40": 0.399303,
                "41": 0.400991,
                "42": 0.400554,
                "43": 0.401891,
                "44": 0.402996,
                "45": 0.4035,
                "46": 0.399961,
                "47": 0.402933,
                "48": 0.398524,
                "49": 0.402783,
                "50": 0.40108,
                "51": 0.40328,
                "52": 0.39816,
                "53": 0.405023,
                "54": 0.401189,
                "55": 0.403099,
                "56": 0.400552,
                "57": 0.403107,
                "58": 0.401566,
                "59": 0.402591,
                "60": 0.401682,
                "61": 0.401835,
                "62": 0.403213,
                "63": 0.401206,
                "64": 0.399744,
                "65": 0.403526,
                "66": 0.400082,
                "67": 0.404216,
                "68": 0.399288,
                "69": 0.406077,
                "70": 0.400144,
                "71": 0.402672,
                "72": 0.399614,
                "73": 0.404145,
                "74": 0.401426,
                "75": 0.401457,
                "76": 0.399651,
                "77": 0.40167,
                "78": 0.40311,
                "79": 0.401603,
                "80": 0.401996,
                "81": 0.401309,
                "82": 0.401698,
                "83": 0.403212,
                "84": 0.401778,
                "85": 0.401852,
                "86": 0.399212,
                "87": 0.403038,
                "88": 0.399785,
                "89": 0.402684,
                "90": 0.400902,
                "91": 0.403905,
                "92": 0.40091,
                "93": 0.404792,
                "94": 0.398257,
                "95": 0.404002,
                "96": 0.401491,
                "97": 0.402945,
                "98": 4.832424
            },
            "validation_time": 5.551592,
            "epoch_time": 70.14407753944397,
            "validation_accuracy": 0.0
        },
        "2": {
            "steps": {
                "1": 0.42079,
                "2": 0.407784,
                "3": 0.408185,
                "4": 0.404408,
                "5": 0.405991,
                "6": 0.403632,
                "7": 0.403744,
                "8": 0.402783,
                "9": 0.402261,
                "10": 0.401065,
                "11": 0.403458,
                "12": 0.400987,
                "13": 0.401835,
                "14": 0.40239,
                "15": 0.405673,
                "16": 0.402127,
                "17": 0.402716,
                "18": 0.400381,
                "19": 0.404734,
                "20": 0.404238,
                "21": 0.403928,
                "22": 0.406467,
                "23": 0.402224,
                "24": 0.400666,
                "25": 0.403493,
                "26": 0.402223,
                "27": 0.405464,
                "28": 0.401112,
                "29": 0.401789,
                "30": 0.401521,
                "31": 0.407121,
                "32": 0.400032,
                "33": 0.404735,
                "34": 0.404775,
                "35": 0.405569,
                "36": 0.406513,
                "37": 0.406856,
                "38": 0.408953,
                "39": 0.407328,
                "40": 0.407207,
                "41": 0.411004,
                "42": 0.408266,
                "43": 0.407369,
                "44": 0.405751,
                "45": 0.407947,
                "46": 0.406163,
                "47": 0.403805,
                "48": 0.402099,
                "49": 0.402507,
                "50": 0.401851,
                "51": 0.406326,
                "52": 0.400193,
                "53": 0.404292,
                "54": 0.402371,
                "55": 0.40548,
                "56": 0.405221,
                "57": 0.40458,
                "58": 0.402295,
                "59": 0.414813,
                "60": 0.404588,
                "61": 0.406183,
                "62": 0.404544,
                "63": 0.408632,
                "64": 0.407893,
                "65": 0.408597,
                "66": 0.408256,
                "67": 0.409305,
                "68": 0.406976,
                "69": 0.40892,
                "70": 0.404483,
                "71": 0.405573,
                "72": 0.403069,
                "73": 0.402127,
                "74": 0.40185,
                "75": 0.406599,
                "76": 0.401324,
                "77": 0.409713,
                "78": 0.40159,
                "79": 0.40888,
                "80": 0.404162,
                "81": 0.407188,
                "82": 0.405602,
                "83": 0.407606,
                "84": 0.406211,
                "85": 0.414467,
                "86": 0.409589,
                "87": 0.412727,
                "88": 0.408266,
                "89": 0.410178,
                "90": 0.405019,
                "91": 0.405252,
                "92": 0.404389,
                "93": 0.405048,
                "94": 0.403718,
                "95": 0.407339,
                "96": 0.400606,
                "97": 0.405692,
                "98": 0.315077
            },
            "validation_time": 1.973543,
            "epoch_time": 41.61462378501892,
            "validation_accuracy": 0.0997
        },
        "3": {
            "steps": {
                "1": 0.402251,
                "2": 0.405278,
                "3": 0.40309,
                "4": 0.407597,
                "5": 0.407492,
                "6": 0.417218,
                "7": 0.406312,
                "8": 0.405529,
                "9": 0.412444,
                "10": 0.413635,
                "11": 0.409987,
                "12": 0.409276,
                "13": 0.406779,
                "14": 0.408427,
                "15": 0.404521,
                "16": 0.406633,
                "17": 0.40415,
                "18": 0.404805,
                "19": 0.4066,
                "20": 0.404619,
                "21": 0.405512,
                "22": 0.40763,
                "23": 0.406449,
                "24": 0.408431,
                "25": 0.406523,
                "26": 0.413768,
                "27": 0.409145,
                "28": 0.419919,
                "29": 0.408939,
                "30": 0.410792,
                "31": 0.403227,
                "32": 0.407476,
                "33": 0.404895,
                "34": 0.408898,
                "35": 0.400992,
                "36": 0.408099,