{
    "init": -1.0,
    "total_training": 249.9630811214447,
    "largest_real_time_delta": 245.40144228935242,
    "fit_time": 249.9630811214447,
    "write_model_time": -1.0,
    "epochs": {
        "1": {
            "steps": {
                "1": 22.431762,
                "2": 0.398606,
                "3": 0.413218,
                "4": 0.410068,
                "5": 0.410667,
                "6": 0.413372,
                "7": 0.41397,
                "8": 0.410758,
                "9": 0.408462,
                "10": 0.407826,
                "11": 0.404999,
                "12": 0.4088,
                "13": 0.409315,
                "14": 0.406055,
                "15": 0.411278,
                "16": 0.406792,
                "17": 0.409453,
                "18": 0.408562,
                "19": 0.416167,
                "20": 0.411916,
                "21": 0.417216,
                "22": 0.406741,
                "23": 0.40729,
                "24": 0.404885,
                "25": 0.406956,
                "26": 0.405665,
                "27": 0.412429,
                "28": 0.405451,
                "29": 0.41005,
                "30": 0.409548,
                "31": 0.415616,
                "32": 0.411751,
                "33": 0.414918,
                "34": 0.412959,
                "35": 0.413345,
                "36": 0.404966,
                "37": 0.413704,
                "38": 0.410728,
                "39": 0.411345,
                "40": 0.409129,
                "41": 0.414603,
                "42": 0.414013,
                "43": 0.418322,
                "44": 0.410607,
                "45": 0.410438,
                "46": 0.40653,
                "47": 0.407748,
                "48": 0.406193,
                "49": 0.409762,
                "50": 0.408342,
                "51": 0.413451,
                "52": 0.415532,
                "53": 0.417862,
                "54": 0.411098,
                "55": 0.414139,
                "56": 0.407766,
                "57": 0.408342,
                "58": 0.409579,
                "59": 0.412324,
                "60": 0.409106,
                "61": 0.410802,
                "62": 0.409627,
                "63": 0.416705,
                "64": 0.416364,
                "65": 0.411866,
                "66": 0.410723,
                "67": 0.411373,
                "68": 0.410914,
                "69": 0.412255,
                "70": 0.409163,
                "71": 0.414614,
                "72": 0.412508,
                "73": 0.417463,
                "74": 0.413121,
                "75": 0.415231,
                "76": 0.407924,
                "77": 0.41151,
                "78": 0.408957,
                "79": 0.409674,
                "80": 0.410274,
                "81": 0.4137,
                "82": 0.414095,
                "83": 0.41542,
                "84": 0.410558,
                "85": 0.41205,
                "86": 0.41035,
                "87": 0.408504,
                "88": 0.409217,
                "89": 0.415526,
                "90": 0.409112,
                "91": 0.418732,
                "92": 0.413411,
                "93": 0.414936,
                "94": 0.412353,
                "95": 0.414633,
                "96": 0.40905,
                "97": 0.41105,
                "98": 4.948004
            },
            "validation_time": 5.860563,
            "epoch_time": 73.70040798187256,
            "validation_accuracy": 0.0
        },
        "2": {
            "steps": {
                "1": 0.424251,
                "2": 0.409409,
                "3": 0.416803,
                "4": 0.410122,
                "5": 0.419108,
                "6": 0.419588,
                "7": 0.416094,
                "8": 0.411242,
                "9": 0.412929,
                "10": 0.412303,
                "11": 0.41559,
                "12": 0.411124,
                "13": 0.420577,
                "14": 0.41993,
                "15": 0.418817,
                "16": 0.409416,
                "17": 0.414796,
                "18": 0.413232,
                "19": 0.414936,
                "20": 0.419643,
                "21": 0.422082,
                "22": 0.413207,
                "23": 0.417678,
                "24": 0.4132,
                "25": 0.415262,
                "26": 0.415091,
                "27": 0.420415,
                "28": 0.416333,
                "29": 0.416511,
                "30": 0.414617,
                "31": 0.412337,
                "32": 0.419165,
                "33": 0.418452,
                "34": 0.417624,
                "35": 0.4171,
                "36": 0.416459,
                "37": 0.413603,
                "38": 0.414513,
                "39": 0.418086,
                "40": 0.415395,
                "41": 0.422425,
                "42": 0.415698,
                "43": 0.421069,
                "44": 0.407355,
                "45": 0.411784,
                "46": 0.412756,
                "47": 0.419216,
                "48": 0.415901,
                "49": 0.421663,
                "50": 0.411265,
                "51": 0.41456,
                "52": 0.405858,
                "53": 0.415867,
                "54": 0.412207,
                "55": 0.4206,
                "56": 0.418285,
                "57": 0.417945,
                "58": 0.411535,
                "59": 0.412953,
                "60": 0.408707,
                "61": 0.414464,
                "62": 0.411558,
                "63": 0.419209,
                "64": 0.418963,
                "65": 0.418183,
                "66": 0.412014,
                "67": 0.414043,
                "68": 0.414448,
                "69": 0.419121,
                "70": 0.412613,
                "71": 0.420348,
                "72": 0.419049,
                "73": 0.41574,
                "74": 0.408607,
                "75": 0.414989,
                "76": 0.412977,
                "77": 0.414719,
                "78": 0.420577,
                "79": 0.423373,
                "80": 0.41166,
                "81": 0.415727,
                "82": 0.411215,
                "83": 0.416144,
                "84": 0.418095,
                "85": 0.423177,
                "86": 0.416768,
                "87": 0.420252,
                "88": 0.413695,
                "89": 0.41457,
                "90": 0.414651,
                "91": 0.422499,
                "92": 0.425796,
                "93": 0.418134,
                "94": 0.411369,
                "95": 0.415935,
                "96": 0.411316,
                "97": 0.420316,
                "98": 0.324253
            },
            "validation_time": 2.052428,
            "epoch_time": 42.722437620162964,
            "validation_accuracy": 0.0
        },
        "3": {
            "steps": {
                "1": 0.413594,
                "2": 0.417405,
                "3": 0.424932,
                "4": 0.415456,
                "5": 0.415595,
                "6": 0.41252,
                "7": 0.415803,
                "8": 0.411828,
                "9": 0.422379,
                "10": 0.422575,
                "11": 0.417727,
                "12": 0.415953,
                "13": 0.413854,
                "14": 0.413457,
                "15": 0.419226,
                "16": 0.418207,
                "17": 0.423261,
                "18": 0.414267,
                "19": 0.417033,
                "20": 0.411246,
                "21": 0.417779,
                "22": 0.417322,
                "23": 0.426386,
                "24": 0.418027,
                "25": 0.418986,
                "26": 0.412149,
                "27": 0.418634,
                "28": 0.419813,
                "29": 0.427695,
                "30": 0.417329,
                "31": 0.416407,
                "32": 0.413437,
                "33": 0.417145,
                "34": 0.4176,
                "35": 0.422034,
                "36": 0.420109,