{
    "init": -1.0,
    "total_training": 235.26531410217285,
    "largest_real_time_delta": 230.79858946800232,
    "fit_time": 235.26531410217285,
    "write_model_time": -1.0,
    "epochs": {
        "1": {
            "steps": {
                "1": 20.670233,
                "2": 0.39052,
                "3": 0.388551,
                "4": 0.387578,
                "5": 0.391564,
                "6": 0.391942,
                "7": 0.388829,
                "8": 0.385465,
                "9": 0.38793,
                "10": 0.385536,
                "11": 0.39145,
                "12": 0.390782,
                "13": 0.391798,
                "14": 0.386547,
                "15": 0.389065,
                "16": 0.387422,
                "17": 0.387473,
                "18": 0.383594,
                "19": 0.390189,
                "20": 0.387314,
                "21": 0.384712,
                "22": 0.386374,
                "23": 0.387564,
                "24": 0.38677,
                "25": 0.389965,
                "26": 0.392401,
                "27": 0.39001,
                "28": 0.389463,
                "29": 0.388763,
                "30": 0.386733,
                "31": 0.386125,
                "32": 0.386262,
                "33": 0.389095,
                "34": 0.387386,
                "35": 0.387529,
                "36": 0.388114,
                "37": 0.391013,
                "38": 0.387278,
                "39": 0.386785,
                "40": 0.385395,
                "41": 0.391816,
                "42": 0.389073,
                "43": 0.391588,
                "44": 0.387606,
                "45": 0.388709,
                "46": 0.386608,
                "47": 0.385711,
                "48": 0.388283,
                "49": 0.393269,
                "50": 0.388911,
                "51": 0.395315,
                "52": 0.387402,
                "53": 0.38548,
                "54": 0.38681,
                "55": 0.391025,
                "56": 0.387135,
                "57": 0.390546,
                "58": 0.387024,
                "59": 0.391056,
                "60": 0.388175,
                "61": 0.388573,
                "62": 0.38639,
                "63": 0.38749,
                "64": 0.389518,
                "65": 0.392782,
                "66": 0.392196,
                "67": 0.389615,
                "68": 0.386256,
                "69": 0.391135,
                "70": 0.387671,
                "71": 0.387058,
                "72": 0.388934,
                "73": 0.393607,
                "74": 0.390336,
                "75": 0.390624,
                "76": 0.388852,
                "77": 0.393758,
                "78": 0.387626,
                "79": 0.387449,
                "80": 0.388802,
                "81": 0.391925,
                "82": 0.392381,
                "83": 0.39044,
                "84": 0.391522,
                "85": 0.390812,
                "86": 0.387891,
                "87": 0.387906,
                "88": 0.385666,
                "89": 0.392725,
                "90": 0.391031,
                "91": 0.391678,
                "92": 0.389272,
                "93": 0.390628,
                "94": 0.388669,
                "95": 0.389795,
                "96": 0.387606,
                "97": 0.389267,
                "98": 4.642789
            },
            "validation_time": 5.5311,
            "epoch_time": 69.14968514442444,
            "validation_accuracy": 0.0107
        },
        "2": {
            "steps": {
                "1": 0.39495,
                "2": 0.388252,
                "3": 0.392725,
                "4": 0.390367,
                "5": 0.394887,
                "6": 0.394614,
                "7": 0.395823,
                "8": 0.390522,
                "9": 0.391699,
                "10": 0.389249,
                "11": 0.390943,
                "12": 0.390452,
                "13": 0.387422,
                "14": 0.389717,
                "15": 0.394568,
                "16": 0.393416,
                "17": 0.392779,
                "18": 0.391286,
                "19": 0.394739,
                "20": 0.38781,
                "21": 0.389197,
                "22": 0.385995,
                "23": 0.393332,
                "24": 0.390462,
                "25": 0.392315,
                "26": 0.391278,
                "27": 0.393821,
                "28": 0.392792,
                "29": 0.389178,
                "30": 0.390639,
                "31": 0.390013,
                "32": 0.38855,
                "33": 0.390646,
                "34": 0.392499,
                "35": 0.39839,
                "36": 0.389857,
                "37": 0.391004,
                "38": 0.388554,
                "39": 0.391684,
                "40": 0.389478,
                "41": 0.390971,
                "42": 0.387792,
                "43": 0.392453,
                "44": 0.391562,
                "45": 0.395391,
                "46": 0.392218,
                "47": 0.392188,
                "48": 0.392186,
                "49": 0.389643,
                "50": 0.387754,
                "51": 0.389712,
                "52": 0.390351,
                "53": 0.389708,
                "54": 0.393035,
                "55": 0.392716,
                "56": 0.389676,
                "57": 0.390704,
                "58": 0.3866,
                "59": 0.392159,
                "60": 0.387386,
                "61": 0.39132,
                "62": 0.392186,
                "63": 0.396874,
                "64": 0.397275,
                "65": 0.39642,
                "66": 0.390801,
                "67": 0.392167,
                "68": 0.389476,
                "69": 0.391653,
                "70": 0.387124,
                "71": 0.391138,
                "72": 0.39039,
                "73": 0.394879,
                "74": 0.393164,
                "75": 0.395233,
                "76": 0.391469,
                "77": 0.395291,
                "78": 0.388347,
                "79": 0.389976,
                "80": 0.390884,
                "81": 0.392428,
                "82": 0.388327,
                "83": 0.393992,
                "84": 0.390906,
                "85": 0.391616,
                "86": 0.387438,
                "87": 0.394367,
                "88": 0.390769,
                "89": 0.390283,
                "90": 0.389249,
                "91": 0.39258,
                "92": 0.392381,
                "93": 0.394532,
                "94": 0.39294,
                "95": 0.393918,
                "96": 0.390961,
                "97": 0.391291,
                "98": 0.304242
            },
            "validation_time": 1.944693,
            "epoch_time": 40.22791576385498,
            "validation_accuracy": 0.0997
        },
        "3": {
            "steps": {
                "1": 0.394392,
                "2": 0.396498,
                "3": 0.393446,
                "4": 0.395025,
                "5": 0.39325,
                "6": 0.393615,
                "7": 0.390757,
                "8": 0.389736,
                "9": 0.386832,
                "10": 0.392834,
                "11": 0.392338,
                "12": 0.396214,
                "13": 0.394534,
                "14": 0.392979,
                "15": 0.393866,
                "16": 0.392395,
                "17": 0.391151,
                "18": 0.393379,
                "19": 0.3895,
                "20": 0.389294,
                "21": 0.391181,
                "22": 0.396075,
                "23": 0.392349,
                "24": 0.39952,
                "25": 0.392869,
                "26": 0.397645,
                "27": 0.391613,
                "28": 0.389917,
                "29": 0.390487,
                "30": 0.396204,
                "31": 0.387275,
                "32": 0.392409,
                "33": 0.390535,
                "34": 0.393721,
                "35": 0.394315,
                "36": 0.393682,