{
    "init": -1.0,
    "total_training": 18.56222915649414,
    "largest_real_time_delta": 15.593638896942139,
    "fit_time": -1.0,
    "write_model_time": -1.0,
    "epochs": {
        "1": {
            "steps": {
                "1": 3.410122,
                "2": 0.073142,
                "3": 0.077483,
                "4": 0.077734,
                "5": 0.076455,
                "6": 0.076107,
                "7": 0.073902,
                "8": 0.076081,
                "9": 0.074801,
                "10": 0.073089,
                "11": 0.075339,
                "12": 0.075929,
                "13": 0.073486,
                "14": 0.075744,
                "15": 0.076286,
                "16": 0.075118,
                "17": 0.073659,
                "18": 0.077272,
                "19": 0.076323,
                "20": 0.074085,
                "21": 0.0748,
                "22": 0.076695,
                "23": 0.074034,
                "24": 0.074115,
                "25": 0.077211,
                "26": 0.078427,
                "27": 0.0746,
                "28": 0.0748,
                "29": 0.075785,
                "30": 0.24872
            },
            "validation_time": 0.390982,
            "epoch_time": 6.168213129043579
        },
        "2": {
            "steps": {
                "1": 0.073196,
                "2": 0.076141,
                "3": 0.076023,
                "4": 0.074591,
                "5": 0.07433,
                "6": 0.076761,
                "7": 0.075589,
                "8": 0.07798,
                "9": 0.075619,
                "10": 0.076863,
                "11": 0.076625,
                "12": 0.073676,
                "13": 0.075349,
                "14": 0.076246,
                "15": 0.075867,
                "16": 0.073886,
                "17": 0.07646,
                "18": 0.076114,
                "19": 0.074202,
                "20": 0.075035,
                "21": 0.078738,
                "22": 0.078013,
                "23": 0.075347,
                "24": 0.074629,
                "25": 0.07718,
                "26": 0.076169,
                "27": 0.075948,
                "28": 0.074358,
                "29": 0.075752,
                "30": 0.027179
            },
            "validation_time": 0.113342,
            "epoch_time": 2.3403143882751465
        },
        "3": {
            "steps": {
                "1": 0.075521,
                "2": 0.074367,
                "3": 0.074685,
                "4": 0.077878,
                "5": 0.078478,
                "6": 0.075911,
                "7": 0.073703,
                "8": 0.077659,
                "9": 0.077239,
                "10": 0.075819,
                "11": 0.073999,
                "12": 0.077857,
                "13": 0.076115,
                "14": 0.074963,
                "15": 0.074734,
                "16": 0.076773,
                "17": 0.078234,
                "18": 0.076306,
                "19": 0.074996,
                "20": 0.076769,
                "21": 0.077388,
                "22": 0.075803,
                "23": 0.076108,
                "24": 0.076297,
                "25": 0.076595,
                "26": 0.075876,
                "27": 0.07537,
                "28": 0.077379,
                "29": 0.075328,
                "30": 0.027194
            },
            "validation_time": 0.115524,
            "epoch_time": 2.353851556777954
        },
        "4": {
            "steps": {
                "1": 0.074425,
                "2": 0.074279,
                "3": 0.076761,
                "4": 0.077699,
                "5": 0.077988,
                "6": 0.074516,
                "7": 0.075964,
                "8": 0.07728,
                "9": 0.077656,
                "10": 0.075208,
                "11": 0.074961,
                "12": 0.078282,
                "13": 0.078202,
                "14": 0.07716,
                "15": 0.074905,
                "16": 0.075408,
                "17": 0.07954,
                "18": 0.076639,
                "19": 0.074926,
                "20": 0.076031,
                "21": 0.077646,
                "22": 0.077376,
                "23": 0.075039,
                "24": 0.074999,
                "25": 0.07772,
                "26": 0.078656,
                "27": 0.076367,
                "28": 0.074718,
                "29": 0.075581,
                "30": 0.026961
            },
            "validation_time": 0.113858,
            "epoch_time": 2.359846830368042
        },
        "5": {
            "steps": {
                "1": 0.076903,
                "2": 0.076618,
                "3": 0.073696,
                "4": 0.076792,
                "5": 0.077223,
                "6": 0.076948,
                "7": 0.07418,
                "8": 0.076033,
                "9": 0.079195,
                "10": 0.077856,
                "11": 0.078506,
                "12": 0.074378,
                "13": 0.0748,
                "14": 0.077727,
                "15": 0.078179,
                "16": 0.075207,
                "17": 0.075068,
                "18": 0.077721,
                "19": 0.077794,
                "20": 0.078182,
                "21": 0.07444,
                "22": 0.075944,
                "23": 0.07845,
                "24": 0.078695,
                "25": 0.077372,
                "26": 0.073582,
                "27": 0.077293,
                "28": 0.078316,
                "29": 0.077214,
                "30": 0.027252
            },
            "validation_time": 0.113872,
            "epoch_time": 2.3685193061828613
        }
    }
}
