{
    "init": -1.0,
    "total_training": 120.55399560928345,
    "largest_real_time_delta": 117.18438053131104,
    "fit_time": 120.55399560928345,
    "write_model_time": -1.0,
    "epochs": {
        "1": {
            "steps": {
                "1": 17.015646,
                "2": 0.33224,
                "3": 0.333204,
                "4": 0.333513,
                "5": 0.329841,
                "6": 0.335699,
                "7": 0.333649,
                "8": 0.32779,
                "9": 0.334444,
                "10": 0.333546,
                "11": 0.328908,
                "12": 0.336929,
                "13": 0.331312,
                "14": 0.329048,
                "15": 0.334644,
                "16": 0.333444,
                "17": 0.332053,
                "18": 0.333326,
                "19": 0.332648,
                "20": 0.337412,
                "21": 0.333535,
                "22": 0.334546,
                "23": 0.340527,
                "24": 0.334972,
                "25": 0.33406,
                "26": 0.338346,
                "27": 0.337114,
                "28": 0.335776,
                "29": 0.333223,
                "30": 0.338334,
                "31": 0.333792,
                "32": 0.337715,
                "33": 0.333928,
                "34": 0.336217,
                "35": 0.334274,
                "36": 0.337023,
                "37": 0.333946,
                "38": 0.337971,
                "39": 0.337446,
                "40": 0.332795,
                "41": 0.334737,
                "42": 0.337496,
                "43": 0.336279,
                "44": 0.334133,
                "45": 0.338979,
                "46": 0.339052,
                "47": 0.335682,
                "48": 0.337894,
                "49": 6.26293
            },
            "validation_time": 4.70191,
            "epoch_time": 44.46927094459534,
            "validation_accuracy": 0.0
        },
        "2": {
            "steps": {
                "1": 0.343183,
                "2": 0.341365,
                "3": 0.337247,
                "4": 0.344372,
                "5": 0.359359,
                "6": 0.34241,
                "7": 0.339879,
                "8": 0.341185,
                "9": 0.343752,
                "10": 0.342712,
                "11": 0.343034,
                "12": 0.343074,
                "13": 0.3426,
                "14": 0.343069,
                "15": 0.341377,
                "16": 0.338451,
                "17": 0.345535,
                "18": 0.342858,
                "19": 0.344697,
                "20": 0.343838,
                "21": 0.343949,
                "22": 0.34453,
                "23": 0.345043,
                "24": 0.344737,
                "25": 0.348003,
                "26": 0.344853,
                "27": 0.34416,
                "28": 0.345129,
                "29": 0.343973,
                "30": 0.344256,
                "31": 0.345952,
                "32": 0.344507,
                "33": 0.345132,
                "34": 0.345783,
                "35": 0.346462,
                "36": 0.346232,
                "37": 0.34744,
                "38": 0.345043,
                "39": 0.34396,
                "40": 0.344135,
                "41": 0.346873,
                "42": 0.346829,
                "43": 0.346651,
                "44": 0.34649,
                "45": 0.344199,
                "46": 0.34688,
                "47": 0.345368,
                "48": 0.344551,
                "49": 0.297603
            },
            "validation_time": 0.820318,
            "epoch_time": 17.65645980834961,
            "validation_accuracy": 0.0999
        },
        "3": {
            "steps": {
                "1": 0.348439,
                "2": 0.365334,
                "3": 0.344719,
                "4": 0.346806,
                "5": 0.348705,
                "6": 0.349353,
                "7": 0.346586,
                "8": 0.349762,
                "9": 0.350171,
                "10": 0.348716,
                "11": 0.35315,
                "12": 0.346928,
                "13": 0.348492,
                "14": 0.348502,
                "15": 0.348817,
                "16": 0.349283,
                "17": 0.348004,
                "18": 0.349043,
                "19": 0.349041,
                "20": 0.350651,
                "21": 0.349993,
                "22": 0.347605,
                "23": 0.35212,
                "24": 0.351161,
                "25": 0.3494,
                "26": 0.353566,
                "27": 0.350663,
                "28": 0.350158,
                "29": 0.35072,
                "30": 0.352765,
                "31": 0.350155,
                "32": 0.349802,
                "33": 0.353043,
                "34": 0.354473,
                "35": 0.352697,
                "36": 0.35408,
                "37": 0.351823,
                "38": 0.352438,
                "39": 0.355994,
                "40": 0.35325,
                "41": 0.354751,
                "42": 0.351558,
                "43": 0.353981,
                "44": 0.353913,
                "45": 0.351257,
                "46": 0.359325,
                "47": 0.353805,
                "48": 0.353299,
                "49": 0.310185
            },
            "validation_time": 0.825037,
            "epoch_time": 17.99688959121704,
            "validation_accuracy": 0.1001
        },
        "4": {
            "steps": {
                "1": 0.353589,
                "2": 0.351726,
                "3": 0.360425,
                "4": 0.35733,
                "5": 0.358447,
                "6": 0.358127,
                "7": 0.357168,
                "8": 0.357616,
                "9": 0.357586,
                "10": 0.355864,
                "11": 0.359669,
                "12": 0.355991,
                "13": 0.357126,
                "14": 0.356723,
                "15": 0.360142,
                "16": 0.354691,
                "17": 0.356115,
                "18": 0.358247,
                "19": 0.358049,
                "20": 0.352213,
                "21": 0.359388,
                "22": 0.357459,
                "23": 0.359564,
                "24": 0.358836,
                "25": 0.362245,
                "26": 0.360115,
                "27": 0.358403,
                "28": 0.363031,
                "29": 0.359165,
                "30": 0.35675,
                "31": 0.361607,
                "32": 0.36118,
                "33": 0.35935,
                "34": 0.360701,
                "35": 0.35854,
                "36": 0.362683,
                "37": 0.360994,
                "38": 0.359196,
                "39": 0.361946,
                "40": 0.362511,
                "41": 0.360481,
                "42": 0.361114,
                "43": 0.360519,
                "44": 0.361745,
                "45": 0.361075,
                "46": 0.357965,
                "47": 0.365061,
                "48": 0.363899,
                "49": 0.308111
            },
            "validation_time": 0.843531,
            "epoch_time": 18.38731598854065,
            "validation_accuracy": 0.1
        },
        "5": {
            "steps": {
                "1": 0.358985,
                "2": 0.358308,
                "3": 0.368218,
                "4": 0.36126,
                "5": 0.362267,
                "6": 0.364181,
                "7": 0.363065,
                "8": 0.364551,
                "9": 0.363903,
                "10": 0.363722,
                "11": 0.362509,
                "12": 0.362795,
                "13": 0.362547,
                "14": 0.361851,
                "15": 0.362743,
                "16": 0.365236,
                "17": 0.364611,
                "18": 0.366432,
                "19": 0.362993,
                "20": 0.36622,
                "21": 0.366206,
                "22": 0.36279,
                "23": 0.36523,
                "24": 0.367298,
                "25": 0.363902,