{
    "init": 0.18193793296813965,
    "total_training": 25.2778820992,
    "largest_real_time_delta": 21.509999990463257,
    "fit_time": 24.974902153,
    "write_model_time": 0.12100315094,
    "epochs": {
        "1": {
            "steps": {
                "1": 4.99016404152,
                "2": 0.158879995346,
                "3": 0.157250165939,
                "4": 0.157090187073,
                "5": 0.157552957535,
                "6": 0.157683134079,
                "7": 0.157618999481,
                "8": 0.157799005508,
                "9": 0.157893896103,
                "10": 0.157351970673,
                "11": 0.157079935074,
                "12": 0.157488107681,
                "13": 0.157631874084,
                "14": 0.159110069275,
                "15": 0.157516002655,
                "16": 0.157488107681,
                "17": 0.156941890717,
                "18": 0.158143997192,
                "19": 0.153919935226,
                "20": 1.56301498413
            },
            "validation_time": 0.0917558670044,
            "epoch_time": 9.50530004501
        },
        "2": {
            "steps": {
                "1": 0.160089969635,
                "2": 0.156718969345,
                "3": 0.157168149948,
                "4": 0.157366037369,
                "5": 0.157875061035,
                "6": 0.157460927963,
                "7": 0.157100915909,
                "8": 0.158226013184,
                "9": 0.159521102905,
                "10": 0.15877199173,
                "11": 0.158123970032,
                "12": 0.158483982086,
                "13": 0.158009052277,
                "14": 0.157393932343,
                "15": 0.157243967056,
                "16": 0.157569885254,
                "17": 0.158494949341,
                "18": 0.157711982727,
                "19": 0.153276920319,
                "20": 0.0753469467163
            },
            "validation_time": 0.00526189804077,
            "epoch_time": 3.10373616219
        },
        "3": {
            "steps": {
                "1": 0.135411977768,
                "2": 0.135202884674,
                "3": 0.134470939636,
                "4": 0.135232925415,
                "5": 0.135306835175,
                "6": 0.134426116943,
                "7": 0.135195970535,
                "8": 0.135536909103,
                "9": 0.135097026825,
                "10": 0.134877920151,
                "11": 0.134919881821,
                "12": 0.13600897789,
                "13": 0.135332107544,
                "14": 0.157643795013,
                "15": 0.160847902298,
                "16": 0.157495975494,
                "17": 0.157976865768,
                "18": 0.157598972321,
                "19": 0.153234958649,
                "20": 0.0754110813141
            },
            "validation_time": 0.00528192520142,
            "epoch_time": 2.80906414986
        },
        "4": {
            "steps": {
                "1": 0.134278059006,
                "2": 0.157279014587,
                "3": 0.157083034515,
                "4": 0.158576011658,
                "5": 0.157339096069,
                "6": 0.157512187958,
                "7": 0.157202005386,
                "8": 0.157470941544,
                "9": 0.157838106155,
                "10": 0.157462120056,
                "11": 0.158760070801,
                "12": 0.158881902695,
                "13": 0.157337903976,
                "14": 0.157209873199,
                "15": 0.158472776413,
                "16": 0.157798051834,
                "17": 0.158180952072,
                "18": 0.158156871796,
                "19": 0.152772903442,
                "20": 0.0746948719025
            },
            "validation_time": 0.00523900985718,
            "epoch_time": 3.07586216927
        },
        "5": {
            "steps": {
                "1": 0.134346008301,
                "2": 0.135359048843,
                "3": 0.135100841522,
                "4": 0.135021924973,
                "5": 0.159068107605,
                "6": 0.159109115601,
                "7": 0.158190965652,
                "8": 0.157117128372,
                "9": 0.158612966537,
                "10": 0.15935587883,
                "11": 0.159159898758,
                "12": 0.160560846329,
                "13": 0.159040927887,
                "14": 0.158781051636,
                "15": 0.158149957657,
                "16": 0.157272100449,
                "17": 0.158029079437,
                "18": 0.158496141434,
                "19": 0.152924060822,
                "20": 0.0751419067383
            },
            "validation_time": 0.00510907173157,
            "epoch_time": 3.02022814751
        }
    }
}
