{
    "init": -1.0,
    "total_training": 19.283888339996338,
    "largest_real_time_delta": 15.319544792175293,
    "fit_time": -1.0,
    "write_model_time": -1.0,
    "epochs": {
        "1": {
            "steps": {
                "1": 7.257434,
                "2": 0.012736,
                "3": 0.012413,
                "4": 0.012473,
                "5": 0.012424,
                "6": 0.012428,
                "7": 0.012192,
                "8": 0.012142,
                "9": 0.012531,
                "10": 0.012207,
                "11": 0.012666,
                "12": 0.012007,
                "13": 0.012656,
                "14": 0.011962,
                "15": 0.013167,
                "16": 0.013476,
                "17": 0.01296,
                "18": 0.012277,
                "19": 0.01201,
                "20": 0.012228,
                "21": 0.01198,
                "22": 0.01205,
                "23": 0.012399,
                "24": 0.012121,
                "25": 0.012064,
                "26": 0.012239,
                "27": 0.01241,
                "28": 0.012394,
                "29": 0.011587,
                "30": 0.012118,
                "31": 0.011821,
                "32": 0.012045,
                "33": 0.012156,
                "34": 0.012226,
                "35": 0.012405,
                "36": 0.011967,
                "37": 0.012185,
                "38": 0.012298,
                "39": 0.011553,
                "40": 0.012214,
                "41": 0.011266,
                "42": 0.012363,
                "43": 0.01258,
                "44": 0.011898,
                "45": 0.012132,
                "46": 0.01212,
                "47": 0.011977,
                "48": 0.01224,
                "49": 0.012781,
                "50": 0.012139,
                "51": 0.012112,
                "52": 0.012277,
                "53": 0.012025,
                "54": 0.0121,
                "55": 0.011936,
                "56": 0.012079,
                "57": 0.011991,
                "58": 0.011665,
                "59": 0.013395,
                "60": 0.01226,
                "61": 0.012645,
                "62": 0.012117,
                "63": 0.012406,
                "64": 0.012324,
                "65": 0.012069,
                "66": 0.011638,
                "67": 0.012444,
                "68": 0.012392,
                "69": 0.012616,
                "70": 0.012981,
                "71": 0.011997,
                "72": 0.012117,
                "73": 0.012124,
                "74": 0.012251,
                "75": 0.011966,
                "76": 0.01229,
                "77": 0.01336,
                "78": 0.012124,
                "79": 0.012002,
                "80": 0.012191,
                "81": 0.012171,
                "82": 0.01217,
                "83": 0.012809,
                "84": 0.012178,
                "85": 0.012444,
                "86": 0.013085,
                "87": 0.012308,
                "88": 0.012182,
                "89": 0.012486,
                "90": 0.012077,
                "91": 0.012614,
                "92": 0.012447,
                "93": 0.012069,
                "94": 0.011851,
                "95": 0.011826,
                "96": 0.01161,
                "97": 0.012792,
                "98": 0.012205,
                "99": 0.012581,
                "100": 0.012522,
                "101": 0.012774,
                "102": 0.012301,
                "103": 0.012407,
                "104": 0.012308,
                "105": 0.012295,
                "106": 0.011564,
                "107": 0.01232,
                "108": 0.012325,
                "109": 0.012265,
                "110": 0.012179,
                "111": 0.012192,
                "112": 0.011995,
                "113": 0.012198,
                "114": 0.012361,
                "115": 0.012422,
                "116": 0.012294,
                "117": 0.011719,
                "118": 0.021124
            },
            "validation_time": 0.273561,
            "epoch_time": 8.976927518844604
        },
        "2": {
            "steps": {
                "1": 0.012623,
                "2": 0.012199,
                "3": 0.011794,
                "4": 0.011982,
                "5": 0.012039,
                "6": 0.012165,
                "7": 0.012436,
                "8": 0.011909,
                "9": 0.012186,
                "10": 0.011945,
                "11": 0.012085,
                "12": 0.012199,
                "13": 0.011968,
                "14": 0.012026,
                "15": 0.011889,
                "16": 0.012507,
                "17": 0.012114,
                "18": 0.01241,
                "19": 0.012161,
                "20": 0.011753,
                "21": 0.012006,
                "22": 0.012098,
                "23": 0.01185,
                "24": 0.012085,
                "25": 0.01231,
                "26": 0.011756,
                "27": 0.012012,
                "28": 0.011734,
                "29": 0.01202,
                "30": 0.012016,
                "31": 0.012315,
                "32": 0.011563,
                "33": 0.012326,
                "34": 0.011974,
                "35": 0.012367,
                "36": 0.011984,
                "37": 0.012492,
                "38": 0.012059,
                "39": 0.012244,
                "40": 0.012087,
                "41": 0.012337,
                "42": 0.011837,
                "43": 0.012127,
                "44": 0.012604,
                "45": 0.011787,
                "46": 0.012305,
                "47": 0.011952,
                "48": 0.012219,
                "49": 0.012138,
                "50": 0.011799,
                "51": 0.011998,
                "52": 0.012077,
                "53": 0.012058,
                "54": 0.01195,
                "55": 0.011745,
                "56": 0.011881,
                "57": 0.011908,
                "58": 0.01186,
                "59": 0.012511,
                "60": 0.011768,
                "61": 0.011921,
                "62": 0.011953,
                "63": 0.011675,
                "64": 0.01193,
                "65": 0.012065,
                "66": 0.011952,
                "67": 0.012101,
                "68": 0.012036,
                "69": 0.012333,
                "70": 0.01257,
                "71": 0.011891,
                "72": 0.012205,
                "73": 0.011377,
                "74": 0.012117,
                "75": 0.011662,
                "76": 0.012117,
                "77": 0.011983,
                "78": 0.012411,
                "79": 0.012139,
                "80": 0.012114,
                "81": 0.012377,
                "82": 0.012038,
                "83": 0.011542,
                "84": 0.011735,
                "85": 0.01206,
                "86": 0.012459,
                "87": 0.011841,
                "88": 0.012138,
                "89": 0.011904,
                "90": 0.012247,
                "91": 0.012165,
                "92": 0.011988,
                "93": 0.012037,
                "94": 0.011848,
                "95": 0.012208,
                "96": 0.012123,
                "97": 0.012173,
                "98": 0.012036,
                "99": 0.012214,
                "100": 0.012024,
                "101": 0.01238,
                "102": 0.011986,
                "103": 0.012042,
                "104": 0.012288,
                "105": 0.01327,
                "106": 0.012218,
                "107": 0.012268,
                "108": 0.011878,
                "109": 0.01219,
                "110": 0.011784,
                "111": 0.012362,
                "112": 0.012012,
                "113": 0.012091,
                "114": 0.012194,
                "115": 0.012278,
                "116": 0.012547,
                "117": 0.012635,
                "118": 0.011372
            },
            "validation_time": 0.152492,