{
    "init": 0.17915821075439453,
    "total_training": 17.2877230644,
    "largest_real_time_delta": 13.839999914169312,
    "fit_time": 16.9963040352,
    "write_model_time": 0.112227916718,
    "epochs": {
        "1": {
            "steps": {
                "1": 2.67812895775,
                "2": 0.031327009201,
                "3": 0.0285580158234,
                "4": 0.0274088382721,
                "5": 0.0264811515808,
                "6": 0.0281300544739,
                "7": 0.0277011394501,
                "8": 0.0275609493256,
                "9": 0.0283279418945,
                "10": 0.0281960964203,
                "11": 0.0265028476715,
                "12": 0.026346206665,
                "13": 0.0265808105469,
                "14": 0.0264060497284,
                "15": 0.0265829563141,
                "16": 0.0266618728638,
                "17": 0.0259921550751,
                "18": 0.027547121048,
                "19": 0.0278379917145,
                "20": 0.0266060829163,
                "21": 0.0267519950867,
                "22": 0.0263290405273,
                "23": 0.0260851383209,
                "24": 0.027312040329,
                "25": 0.0280799865723,
                "26": 0.0265719890594,
                "27": 0.0259799957275,
                "28": 0.0276370048523,
                "29": 0.0278940200806,
                "30": 0.0267848968506,
                "31": 0.0262839794159,
                "32": 0.0274610519409,
                "33": 0.0281248092651,
                "34": 0.0263481140137,
                "35": 0.0261199474335,
                "36": 0.0276789665222,
                "37": 0.0282471179962,
                "38": 0.0283739566803,
                "39": 0.0266909599304,
                "40": 0.0280079841614,
                "41": 0.0281789302826,
                "42": 0.0272951126099,
                "43": 0.0309178829193,
                "44": 0.0285339355469,
                "45": 0.0277538299561,
                "46": 0.0279440879822,
                "47": 0.0282099246979,
                "48": 0.0258638858795,
                "49": 0.0279929637909,
                "50": 0.0284671783447,
                "51": 0.0265719890594,
                "52": 0.0269539356232,
                "53": 0.0266931056976,
                "54": 0.0264821052551,
                "55": 0.0272059440613,
                "56": 0.0269651412964,
                "57": 0.0267868041992,
                "58": 0.029158115387,
                "59": 0.0271711349487,
                "60": 0.0276010036469,
                "61": 0.0270760059357,
                "62": 0.0286910533905,
                "63": 0.0267848968506,
                "64": 0.0264599323273,
                "65": 0.0269680023193,
                "66": 0.0262670516968,
                "67": 0.0287051200867,
                "68": 0.0285079479218,
                "69": 0.0265288352966,
                "70": 0.0266060829163,
                "71": 0.0269420146942,
                "72": 0.0266261100769,
                "73": 0.0267579555511,
                "74": 0.0264868736267,
                "75": 0.0281851291656,
                "76": 0.0280330181122,
                "77": 0.0269260406494,
                "78": 0.0264291763306,
                "79": 0.0235760211945,
                "80": 0.0857300758362
            },
            "validation_accuracy": 0.9104,
            "validation_time": 0.0907139778137,
            "epoch_time": 4.99229693413
        },
        "2": {
            "steps": {
                "1": 0.0280699729919,
                "2": 0.0277578830719,
                "3": 0.029550075531,
                "4": 0.0286240577698,
                "5": 0.0276789665222,
                "6": 0.0272350311279,
                "7": 0.0274498462677,
                "8": 0.0272510051727,
                "9": 0.0270900726318,
                "10": 0.0278458595276,
                "11": 0.0276470184326,
                "12": 0.0273818969727,
                "13": 0.0272719860077,
                "14": 0.0276100635529,
                "15": 0.0274639129639,
                "16": 0.0272631645203,
                "17": 0.0271589756012,
                "18": 0.0272510051727,
                "19": 0.0272400379181,
                "20": 0.0272550582886,
                "21": 0.0279848575592,
                "22": 0.0275280475616,
                "23": 0.0276079177856,
                "24": 0.0276598930359,
                "25": 0.0272400379181,
                "26": 0.0271580219269,
                "27": 0.0279378890991,
                "28": 0.0281181335449,
                "29": 0.0279898643494,
                "30": 0.0281629562378,
                "31": 0.027893781662,
                "32": 0.0273969173431,
                "33": 0.0273609161377,
                "34": 0.0273139476776,
                "35": 0.0277810096741,
                "36": 0.0277559757233,
                "37": 0.0276920795441,
                "38": 0.0273578166962,
                "39": 0.0276131629944,
                "40": 0.0275130271912,
                "41": 0.028058052063,
                "42": 0.0276401042938,
                "43": 0.0275309085846,
                "44": 0.0275428295135,
                "45": 0.027379989624,
                "46": 0.0281689167023,
                "47": 0.0282881259918,
                "48": 0.0288069248199,
                "49": 0.0286500453949,
                "50": 0.0278370380402,
                "51": 0.027685880661,
                "52": 0.0281488895416,
                "53": 0.0286109447479,
                "54": 0.0286021232605,
                "55": 0.0278720855713,
                "56": 0.0277349948883,
                "57": 0.0280661582947,
                "58": 0.0287499427795,
                "59": 0.0293428897858,
                "60": 0.027841091156,
                "61": 0.0275540351868,
                "62": 0.0277600288391,
                "63": 0.0280480384827,
                "64": 0.0275840759277,
                "65": 0.0277590751648,
                "66": 0.0274519920349,
                "67": 0.0278799533844,
                "68": 0.0285007953644,
                "69": 0.0278959274292,
                "70": 0.0279200077057,
                "71": 0.0278270244598,
                "72": 0.027370929718,
                "73": 0.0273220539093,
                "74": 0.0274250507355,
                "75": 0.0276498794556,
                "76": 0.0278861522675,
                "77": 0.027664899826,
                "78": 0.0269930362701,
                "79": 0.0244188308716,
                "80": 0.00881886482239
            },
            "validation_accuracy": 0.9623,
            "validation_time": 0.00471687316895,
            "epoch_time": 2.21001601219
        },
        "3": {
            "steps": {
                "1": 0.027391910553,
                "2": 0.0278580188751,
                "3": 0.0280809402466,
                "4": 0.0276789665222,
                "5": 0.027468919754,
                "6": 0.0274560451508,
                "7": 0.0276198387146,
                "8": 0.0271542072296,
                "9": 0.0273599624634,
                "10": 0.0277979373932,
                "11": 0.0275390148163,
                "12": 0.027526140213,
                "13": 0.0275378227234,
                "14": 0.0283391475677,
                "15": 0.0282139778137,
                "16": 0.0273530483246,
                "17": 0.0279140472412,
                "18": 0.0273351669312,
                "19": 0.0275537967682,
                "20": 0.0287530422211,
                "21": 0.0280478000641,
                "22": 0.0273680686951,
                "23": 0.0276210308075,
                "24": 0.0272381305695,
                "25": 0.0279128551483,
                "26": 0.0276770591736,
                "27": 0.0274770259857,
                "28": 0.0274980068207,
                "29": 0.027755022049,