{
    "init": 0.18236517906188965,
    "total_training": 19.2603077888,
    "largest_real_time_delta": 15.569999933242798,
    "fit_time": 18.9546740055,
    "write_model_time": 0.123226165771,
    "epochs": {
        "1": {
            "steps": {
                "1": 3.2397840023,
                "2": 0.0314249992371,
                "3": 0.03178191185,
                "4": 0.0309648513794,
                "5": 0.031760931015,
                "6": 0.0318870544434,
                "7": 0.0323119163513,
                "8": 0.0320439338684,
                "9": 0.0321741104126,
                "10": 0.0292232036591,
                "11": 0.0322811603546,
                "12": 0.0294709205627,
                "13": 0.0317838191986,
                "14": 0.0293991565704,
                "15": 0.029529094696,
                "16": 0.0292630195618,
                "17": 0.0320329666138,
                "18": 0.0293350219727,
                "19": 0.0296759605408,
                "20": 0.0291500091553,
                "21": 0.0323340892792,
                "22": 0.0290400981903,
                "23": 0.0328469276428,
                "24": 0.0293600559235,
                "25": 0.0314309597015,
                "26": 0.0290360450745,
                "27": 0.0314919948578,
                "28": 0.0287380218506,
                "29": 0.0291421413422,
                "30": 0.0286948680878,
                "31": 0.0290169715881,
                "32": 0.0285971164703,
                "33": 0.0292179584503,
                "34": 0.0286960601807,
                "35": 0.0318920612335,
                "36": 0.0289890766144,
                "37": 0.0298578739166,
                "38": 0.028660774231,
                "39": 0.0315880775452,
                "40": 0.0285549163818,
                "41": 0.0287499427795,
                "42": 0.0286290645599,
                "43": 0.0313119888306,
                "44": 0.0285360813141,
                "45": 0.0287981033325,
                "46": 0.0286009311676,
                "47": 0.0296740531921,
                "48": 0.0291919708252,
                "49": 0.0313999652863,
                "50": 0.0286700725555,
                "51": 0.0289530754089,
                "52": 0.0287990570068,
                "53": 0.0313818454742,
                "54": 0.0289759635925,
                "55": 0.0317449569702,
                "56": 0.0304698944092,
                "57": 0.0343170166016,
                "58": 0.0294179916382,
                "59": 0.0315890312195,
                "60": 0.0289289951324,
                "61": 0.0318620204926,
                "62": 0.0289921760559,
                "63": 0.0313830375671,
                "64": 0.0284509658813,
                "65": 0.0310089588165,
                "66": 0.0284678936005,
                "67": 0.0287721157074,
                "68": 0.0283579826355,
                "69": 0.0287940502167,
                "70": 0.0281748771667,
                "71": 0.0285429954529,
                "72": 0.0292689800262,
                "73": 0.0299229621887,
                "74": 0.0284538269043,
                "75": 0.0311679840088,
                "76": 0.0287170410156,
                "77": 0.0314888954163,
                "78": 0.0290648937225,
                "79": 0.0266199111938,
                "80": 0.0879058837891
            },
            "validation_time": 0.0957930088043,
            "epoch_time": 5.77321004868
        },
        "2": {
            "steps": {
                "1": 0.0320880413055,
                "2": 0.0300259590149,
                "3": 0.0317749977112,
                "4": 0.0299680233002,
                "5": 0.0310010910034,
                "6": 0.0300860404968,
                "7": 0.0309410095215,
                "8": 0.0296199321747,
                "9": 0.03089594841,
                "10": 0.0309138298035,
                "11": 0.0312399864197,
                "12": 0.0301530361176,
                "13": 0.0307991504669,
                "14": 0.0300889015198,
                "15": 0.0311770439148,
                "16": 0.0301170349121,
                "17": 0.0313811302185,
                "18": 0.0305681228638,
                "19": 0.0317938327789,
                "20": 0.030483007431,
                "21": 0.0319828987122,
                "22": 0.0304529666901,
                "23": 0.0314991474152,
                "24": 0.0304319858551,
                "25": 0.0318188667297,
                "26": 0.0312530994415,
                "27": 0.0321509838104,
                "28": 0.0312049388885,
                "29": 0.0316369533539,
                "30": 0.0299389362335,
                "31": 0.0312180519104,
                "32": 0.0307400226593,
                "33": 0.0312621593475,
                "34": 0.0301508903503,
                "35": 0.0316770076752,
                "36": 0.0304400920868,
                "37": 0.0317869186401,
                "38": 0.03014087677,
                "39": 0.0314989089966,
                "40": 0.0306169986725,
                "41": 0.0315849781036,
                "42": 0.031035900116,
                "43": 0.0317249298096,
                "44": 0.0303728580475,
                "45": 0.0318291187286,
                "46": 0.0307619571686,
                "47": 0.0323231220245,
                "48": 0.0304510593414,
                "49": 0.0319180488586,
                "50": 0.0298180580139,
                "51": 0.0307960510254,
                "52": 0.0297060012817,
                "53": 0.0313491821289,
                "54": 0.0302491188049,
                "55": 0.0312271118164,
                "56": 0.0302228927612,
                "57": 0.0312960147858,
                "58": 0.0308001041412,
                "59": 0.0325901508331,
                "60": 0.0304210186005,
                "61": 0.0318119525909,
                "62": 0.030739068985,
                "63": 0.0315189361572,
                "64": 0.0303931236267,
                "65": 0.0314290523529,
                "66": 0.0298240184784,
                "67": 0.0314161777496,
                "68": 0.0301520824432,
                "69": 0.0315248966217,
                "70": 0.0302419662476,
                "71": 0.031093120575,
                "72": 0.0300478935242,
                "73": 0.0312638282776,
                "74": 0.0309460163116,
                "75": 0.0315999984741,
                "76": 0.0306038856506,
                "77": 0.0315299034119,
                "78": 0.03040599823,
                "79": 0.026162147522,
                "80": 0.0105609893799
            },
            "validation_time": 0.00495505332947,
            "epoch_time": 2.46356678009
        },
        "3": {
            "steps": {
                "1": 0.0315639972687,
                "2": 0.0302801132202,
                "3": 0.0311419963837,
                "4": 0.0311808586121,
                "5": 0.0306820869446,
                "6": 0.029883146286,
                "7": 0.0310690402985,
                "8": 0.0303127765656,
                "9": 0.0316441059113,
                "10": 0.0303630828857,
                "11": 0.0313141345978,
                "12": 0.0298581123352,
                "13": 0.0315001010895,
                "14": 0.030650138855,
                "15": 0.0315551757812,
                "16": 0.0304081439972,
                "17": 0.0314087867737,
                "18": 0.0302319526672,
                "19": 0.0311667919159,
                "20": 0.031152009964,
                "21": 0.0314061641693,
                "22": 0.0305409431458,
                "23": 0.0319159030914,
                "24": 0.0304219722748,
                "25": 0.0317919254303,
                "26": 0.0303308963776,
                "27": 0.0319511890411,
                "28": 0.0307309627533,
                "29": 0.0310587882996,
                "30": 0.030650138855,
                "31": 0.0317289829254,
                "32": 0.0307059288025,