{
    "init": -1.0,
    "total_training": 24.199808835983276,
    "largest_real_time_delta": 18.349201202392578,
    "fit_time": -1.0,
    "write_model_time": -1.0,
    "epochs": {
        "1": {
            "steps": {
                "1": 11.390593,
                "2": 0.041646,
                "3": 0.041591,
                "4": 0.041181,
                "5": 0.041615,
                "6": 0.041147,
                "7": 0.040572,
                "8": 0.043204,
                "9": 0.041527,
                "10": 0.041567,
                "11": 0.042019,
                "12": 0.04148,
                "13": 0.042297,
                "14": 0.041157,
                "15": 0.041541,
                "16": 0.041491,
                "17": 0.040974,
                "18": 0.042097,
                "19": 0.041746,
                "20": 0.041429,
                "21": 0.040836,
                "22": 0.040992,
                "23": 0.041188,
                "24": 0.041991,
                "25": 0.041547,
                "26": 0.041366,
                "27": 0.042097,
                "28": 0.041901,
                "29": 0.041095,
                "30": 0.053722
            },
            "validation_accuracy": 0.8974,
            "validation_time": 0.397346,
            "epoch_time": 13.00878643989563
        },
        "2": {
            "steps": {
                "1": 0.043134,
                "2": 0.040869,
                "3": 0.042228,
                "4": 0.041458,
                "5": 0.041117,
                "6": 0.042261,
                "7": 0.041403,
                "8": 0.04108,
                "9": 0.042385,
                "10": 0.041727,
                "11": 0.042065,
                "12": 0.042323,
                "13": 0.041494,
                "14": 0.041402,
                "15": 0.042018,
                "16": 0.041829,
                "17": 0.041726,
                "18": 0.042037,
                "19": 0.042528,
                "20": 0.042469,
                "21": 0.042055,
                "22": 0.041907,
                "23": 0.041964,
                "24": 0.042555,
                "25": 0.041336,
                "26": 0.042302,
                "27": 0.041451,
                "28": 0.042294,
                "29": 0.040209,
                "30": 0.023347
            },
            "validation_accuracy": 0.944,
            "validation_time": 0.094253,
            "epoch_time": 1.3350536823272705
        },
        "3": {
            "steps": {
                "1": 0.041169,
                "2": 0.042402,
                "3": 0.041034,
                "4": 0.041478,
                "5": 0.040967,
                "6": 0.042296,
                "7": 0.041382,
                "8": 0.040406,
                "9": 0.04187,
                "10": 0.042261,
                "11": 0.041708,
                "12": 0.041556,
                "13": 0.041431,
                "14": 0.042185,
                "15": 0.042554,
                "16": 0.041406,
                "17": 0.041354,
                "18": 0.041077,
                "19": 0.04184,
                "20": 0.042397,
                "21": 0.041577,
                "22": 0.041735,
                "23": 0.041284,
                "24": 0.040887,
                "25": 0.041258,
                "26": 0.040917,
                "27": 0.042357,
                "28": 0.042839,
                "29": 0.03975,
                "30": 0.023651
            },
            "validation_accuracy": 0.9543,
            "validation_time": 0.09659,
            "epoch_time": 1.3293633460998535
        },
        "4": {
            "steps": {
                "1": 0.042754,
                "2": 0.041421,
                "3": 0.042353,
                "4": 0.042565,
                "5": 0.041085,
                "6": 0.04212,
                "7": 0.042298,
                "8": 0.041332,
                "9": 0.041408,
                "10": 0.042138,
                "11": 0.040766,
                "12": 0.041897,
                "13": 0.041212,
                "14": 0.040764,
                "15": 0.041788,
                "16": 0.04277,
                "17": 0.041427,
                "18": 0.041098,
                "19": 0.040814,
                "20": 0.042176,
                "21": 0.042411,
                "22": 0.043061,
                "23": 0.042375,
                "24": 0.041783,
                "25": 0.041952,
                "26": 0.040991,
                "27": 0.041644,
                "28": 0.042902,
                "29": 0.041264,
                "30": 0.022451
            },
            "validation_accuracy": 0.9682,
            "validation_time": 0.096409,
            "epoch_time": 1.3353116512298584
        },
        "5": {
            "steps": {
                "1": 0.041492,
                "2": 0.041226,
                "3": 0.041992,
                "4": 0.041528,
                "5": 0.042232,
                "6": 0.040971,
                "7": 0.042104,
                "8": 0.041192,
                "9": 0.042771,
                "10": 0.041444,
                "11": 0.042069,
                "12": 0.041702,
                "13": 0.041931,
                "14": 0.042709,
                "15": 0.041768,
                "16": 0.042354,
                "17": 0.042186,
                "18": 0.041933,
                "19": 0.04233,
                "20": 0.0417,
                "21": 0.041811,
                "22": 0.041757,
                "23": 0.041721,
                "24": 0.040819,
                "25": 0.04164,
                "26": 0.042011,
                "27": 0.04159,
                "28": 0.042576,
                "29": 0.040781,
                "30": 0.02386
            },
            "validation_accuracy": 0.9723,
            "validation_time": 0.096485,
            "epoch_time": 1.336503028869629
        }
    },
    "computing_system": "p2-8",
    "batch_size": "2048"
}
