{
    "init": -1.0,
    "total_training": 23.43886947631836,
    "largest_real_time_delta": 17.788418769836426,
    "fit_time": -1.0,
    "write_model_time": -1.0,
    "epochs": {
        "1": {
            "steps": {
                "1": 11.183379,
                "2": 0.041585,
                "3": 0.041979,
                "4": 0.040702,
                "5": 0.038032,
                "6": 0.038644,
                "7": 0.036869,
                "8": 0.043113,
                "9": 0.042778,
                "10": 0.03618,
                "11": 0.038479,
                "12": 0.041616,
                "13": 0.037067,
                "14": 0.036296,
                "15": 0.039051,
                "16": 0.036824,
                "17": 0.038806,
                "18": 0.035712,
                "19": 0.038367,
                "20": 0.036485,
                "21": 0.041128,
                "22": 0.036946,
                "23": 0.037962,
                "24": 0.036347,
                "25": 0.042809,
                "26": 0.036587,
                "27": 0.04392,
                "28": 0.042035,
                "29": 0.036714,
                "30": 0.054369
            },
            "validation_accuracy": 0.9082,
            "validation_time": 0.396169,
            "epoch_time": 12.731146097183228
        },
        "2": {
            "steps": {
                "1": 0.043849,
                "2": 0.038098,
                "3": 0.03745,
                "4": 0.037565,
                "5": 0.042923,
                "6": 0.042907,
                "7": 0.037764,
                "8": 0.037921,
                "9": 0.037089,
                "10": 0.035723,
                "11": 0.037536,
                "12": 0.036502,
                "13": 0.039021,
                "14": 0.041868,
                "15": 0.042476,
                "16": 0.041709,
                "17": 0.036743,
                "18": 0.038075,
                "19": 0.042626,
                "20": 0.036471,
                "21": 0.036436,
                "22": 0.038453,
                "23": 0.03579,
                "24": 0.043015,
                "25": 0.036093,
                "26": 0.042527,
                "27": 0.037015,
                "28": 0.043324,
                "29": 0.034791,
                "30": 0.024151
            },
            "validation_accuracy": 0.9401,
            "validation_time": 0.101619,
            "epoch_time": 1.2614953517913818
        },
        "3": {
            "steps": {
                "1": 0.037567,
                "2": 0.036233,
                "3": 0.037361,
                "4": 0.037309,
                "5": 0.038739,
                "6": 0.042835,
                "7": 0.03743,
                "8": 0.036184,
                "9": 0.042752,
                "10": 0.03846,
                "11": 0.037087,
                "12": 0.038868,
                "13": 0.03878,
                "14": 0.038183,
                "15": 0.037801,
                "16": 0.037594,
                "17": 0.037044,
                "18": 0.043266,
                "19": 0.043468,
                "20": 0.038662,
                "21": 0.037802,
                "22": 0.039179,
                "23": 0.03772,
                "24": 0.037855,
                "25": 0.036621,
                "26": 0.037096,
                "27": 0.03787,
                "28": 0.037921,
                "29": 0.041458,
                "30": 0.024005
            },
            "validation_accuracy": 0.9616,
            "validation_time": 0.101621,
            "epoch_time": 1.2486743927001953
        },
        "4": {
            "steps": {
                "1": 0.042873,
                "2": 0.038654,
                "3": 0.038031,
                "4": 0.043224,
                "5": 0.037447,
                "6": 0.038927,
                "7": 0.03694,
                "8": 0.042986,
                "9": 0.038913,
                "10": 0.039218,
                "11": 0.043464,
                "12": 0.042232,
                "13": 0.043617,
                "14": 0.042543,
                "15": 0.037181,
                "16": 0.043527,
                "17": 0.037371,
                "18": 0.03811,
                "19": 0.043087,
                "20": 0.037741,
                "21": 0.037351,
                "22": 0.036084,
                "23": 0.036105,
                "24": 0.037333,
                "25": 0.037164,
                "26": 0.042167,
                "27": 0.038437,
                "28": 0.036297,
                "29": 0.040313,
                "30": 0.023813
            },
            "validation_accuracy": 0.9683,
            "validation_time": 0.101816,
            "epoch_time": 1.276911735534668
        },
        "5": {
            "steps": {
                "1": 0.041555,
                "2": 0.041537,
                "3": 0.042886,
                "4": 0.04063,
                "5": 0.042784,
                "6": 0.037547,
                "7": 0.039224,
                "8": 0.036885,
                "9": 0.042286,
                "10": 0.037834,
                "11": 0.042679,
                "12": 0.035934,
                "13": 0.037696,
                "14": 0.03564,
                "15": 0.043895,
                "16": 0.036923,
                "17": 0.03809,
                "18": 0.041467,
                "19": 0.037979,
                "20": 0.036477,
                "21": 0.037191,
                "22": 0.037371,
                "23": 0.037624,
                "24": 0.036846,
                "25": 0.039223,
                "26": 0.040333,
                "27": 0.038226,
                "28": 0.0358,
                "29": 0.040864,
                "30": 0.023982
            },
            "validation_accuracy": 0.973,
            "validation_time": 0.103978,
            "epoch_time": 1.2659697532653809
        }
    },
    "computing_system": "p2-8",
    "batch_size": "2048"
}
