{
    "init": -1.0,
    "total_training": 18.632436275482178,
    "largest_real_time_delta": 15.669466018676758,
    "fit_time": -1.0,
    "write_model_time": -1.0,
    "epochs": {
        "1": {
            "steps": {
                "1": 3.437878,
                "2": 0.075277,
                "3": 0.078735,
                "4": 0.078027,
                "5": 0.077145,
                "6": 0.076368,
                "7": 0.073915,
                "8": 0.077478,
                "9": 0.075142,
                "10": 0.075441,
                "11": 0.074971,
                "12": 0.076187,
                "13": 0.0799,
                "14": 0.073829,
                "15": 0.077059,
                "16": 0.076186,
                "17": 0.077348,
                "18": 0.074035,
                "19": 0.075747,
                "20": 0.07617,
                "21": 0.077061,
                "22": 0.075824,
                "23": 0.074044,
                "24": 0.078029,
                "25": 0.075414,
                "26": 0.074246,
                "27": 0.075608,
                "28": 0.078468,
                "29": 0.0777,
                "30": 0.248646
            },
            "validation_time": 0.392173,
            "epoch_time": 6.2198874950408936
        },
        "2": {
            "steps": {
                "1": 0.075153,
                "2": 0.076223,
                "3": 0.077555,
                "4": 0.076373,
                "5": 0.077935,
                "6": 0.074754,
                "7": 0.078529,
                "8": 0.078513,
                "9": 0.076561,
                "10": 0.07416,
                "11": 0.07646,
                "12": 0.076846,
                "13": 0.076527,
                "14": 0.074023,
                "15": 0.076292,
                "16": 0.076602,
                "17": 0.076138,
                "18": 0.075185,
                "19": 0.076975,
                "20": 0.076685,
                "21": 0.074878,
                "22": 0.075417,
                "23": 0.077463,
                "24": 0.076795,
                "25": 0.074675,
                "26": 0.075449,
                "27": 0.077353,
                "28": 0.077447,
                "29": 0.073172,
                "30": 0.027384
            },
            "validation_time": 0.115767,
            "epoch_time": 2.3574297428131104
        },
        "3": {
            "steps": {
                "1": 0.072443,
                "2": 0.077375,
                "3": 0.078729,
                "4": 0.076659,
                "5": 0.074748,
                "6": 0.075941,
                "7": 0.078344,
                "8": 0.077109,
                "9": 0.076281,
                "10": 0.07563,
                "11": 0.078054,
                "12": 0.078457,
                "13": 0.078151,
                "14": 0.07518,
                "15": 0.07425,
                "16": 0.077281,
                "17": 0.076871,
                "18": 0.074879,
                "19": 0.07508,
                "20": 0.07769,
                "21": 0.077244,
                "22": 0.076037,
                "23": 0.074349,
                "24": 0.077832,
                "25": 0.077058,
                "26": 0.077677,
                "27": 0.0742,
                "28": 0.07729,
                "29": 0.07612,
                "30": 0.027642
            },
            "validation_time": 0.113272,
            "epoch_time": 2.3615574836730957
        },
        "4": {
            "steps": {
                "1": 0.076124,
                "2": 0.075797,
                "3": 0.075043,
                "4": 0.077493,
                "5": 0.077085,
                "6": 0.076676,
                "7": 0.074751,
                "8": 0.076545,
                "9": 0.078023,
                "10": 0.07696,
                "11": 0.074609,
                "12": 0.076335,
                "13": 0.077605,
                "14": 0.078255,
                "15": 0.07694,
                "16": 0.074739,
                "17": 0.076589,
                "18": 0.077822,
                "19": 0.078464,
                "20": 0.075998,
                "21": 0.074959,
                "22": 0.07718,
                "23": 0.07757,
                "24": 0.077488,
                "25": 0.074774,
                "26": 0.075396,
                "27": 0.07722,
                "28": 0.076742,
                "29": 0.073134,
                "30": 0.027691
            },
            "validation_time": 0.11597,
            "epoch_time": 2.3636138439178467
        },
        "5": {
            "steps": {
                "1": 0.072556,
                "2": 0.077866,
                "3": 0.077435,
                "4": 0.075782,
                "5": 0.074892,
                "6": 0.076339,
                "7": 0.077837,
                "8": 0.076338,
                "9": 0.074727,
                "10": 0.076529,
                "11": 0.078307,
                "12": 0.077981,
                "13": 0.07726,
                "14": 0.075521,
                "15": 0.076088,
                "16": 0.077488,
                "17": 0.077888,
                "18": 0.075469,
                "19": 0.075063,
                "20": 0.077655,
                "21": 0.077746,
                "22": 0.076452,
                "23": 0.073972,
                "24": 0.077541,
                "25": 0.077745,
                "26": 0.078382,
                "27": 0.074942,
                "28": 0.075404,
                "29": 0.07629,
                "30": 0.028021
            },
            "validation_time": 0.114387,
            "epoch_time": 2.3635923862457275
        }
    }
}
