{
    "init": -1.0,
    "total_training": 61.7929105758667,
    "largest_real_time_delta": 57.55568242073059,
    "fit_time": 61.7929105758667,
    "write_model_time": -1.0,
    "epochs": {
        "1": {
            "steps": {
                "1": 15.63278,
                "2": 0.073575,
                "3": 0.069664,
                "4": 0.069997,
                "5": 0.070244,
                "6": 0.071688,
                "7": 0.069829,
                "8": 0.070592,
                "9": 0.069832,
                "10": 0.069968,
                "11": 0.070947,
                "12": 0.069464,
                "13": 0.071692,
                "14": 0.071514,
                "15": 0.070691,
                "16": 0.070397,
                "17": 0.070707,
                "18": 0.07093,
                "19": 0.071521,
                "20": 0.071027,
                "21": 0.070329,
                "22": 0.070208,
                "23": 0.070231,
                "24": 0.070389,
                "25": 0.070385,
                "26": 0.070058,
                "27": 0.069638,
                "28": 0.070123,
                "29": 0.069841,
                "30": 0.069107,
                "31": 0.071897,
                "32": 0.071067,
                "33": 0.070122,
                "34": 0.069494,
                "35": 0.071742,
                "36": 0.071636,
                "37": 0.070082,
                "38": 0.069693,
                "39": 0.069773,
                "40": 0.071081,
                "41": 0.071203,
                "42": 0.071221,
                "43": 0.071661,
                "44": 0.071613,
                "45": 0.071549,
                "46": 0.069973,
                "47": 0.070668,
                "48": 0.06992,
                "49": 0.070205,
                "50": 0.069898,
                "51": 0.070572,
                "52": 0.072198,
                "53": 0.070019,
                "54": 0.070065,
                "55": 0.070616,
                "56": 0.070197,
                "57": 0.069805,
                "58": 0.069997,
                "59": 0.070247,
                "60": 0.071077,
                "61": 0.069678,
                "62": 0.070113,
                "63": 0.070371,
                "64": 0.070345,
                "65": 0.070946,
                "66": 0.069598,
                "67": 0.070104,
                "68": 0.070525,
                "69": 0.069884,
                "70": 0.069904,
                "71": 0.068897,
                "72": 0.069717,
                "73": 0.069965,
                "74": 0.069755,
                "75": 0.069479,
                "76": 0.072197,
                "77": 0.069552,
                "78": 0.070148,
                "79": 0.070086,
                "80": 0.070187,
                "81": 0.070185,
                "82": 0.070198,
                "83": 0.070495,
                "84": 0.070223,
                "85": 0.070362,
                "86": 0.069702,
                "87": 0.069461,
                "88": 0.069119,
                "89": 0.069413,
                "90": 0.069415,
                "91": 0.069688,
                "92": 0.069836,
                "93": 0.071786,
                "94": 0.071781,
                "95": 0.069501,
                "96": 0.069589,
                "97": 0.0709,
                "98": 1.423471
            },
            "validation_time": 3.242908,
            "epoch_time": 27.998271465301514
        },
        "2": {
            "steps": {
                "1": 0.070574,
                "2": 0.069922,
                "3": 0.070298,
                "4": 0.069896,
                "5": 0.070644,
                "6": 0.06956,
                "7": 0.069597,
                "8": 0.069223,
                "9": 0.070008,
                "10": 0.06968,
                "11": 0.07033,
                "12": 0.070024,
                "13": 0.070141,
                "14": 0.069716,
                "15": 0.069368,
                "16": 0.069718,
                "17": 0.069912,
                "18": 0.072176,
                "19": 0.069766,
                "20": 0.070448,
                "21": 0.069667,
                "22": 0.071091,
                "23": 0.07101,
                "24": 0.069646,
                "25": 0.07004,
                "26": 0.070122,
                "27": 0.069666,
                "28": 0.070024,
                "29": 0.06984,
                "30": 0.070287,
                "31": 0.070474,
                "32": 0.069811,
                "33": 0.069581,
                "34": 0.070827,
                "35": 0.069518,
                "36": 0.069523,
                "37": 0.071788,
                "38": 0.069232,
                "39": 0.069886,
                "40": 0.069596,
                "41": 0.069486,
                "42": 0.069566,
                "43": 0.069316,
                "44": 0.069759,
                "45": 0.070224,
                "46": 0.069875,
                "47": 0.070143,
                "48": 0.070061,
                "49": 0.069656,
                "50": 0.069907,
                "51": 0.069867,
                "52": 0.069279,
                "53": 0.069593,
                "54": 0.069474,
                "55": 0.069133,
                "56": 0.069959,
                "57": 0.071315,
                "58": 0.069917,
                "59": 0.070222,
                "60": 0.070632,
                "61": 0.070349,
                "62": 0.07013,
                "63": 0.069574,
                "64": 0.070023,
                "65": 0.070046,
                "66": 0.070369,
                "67": 0.069773,
                "68": 0.07035,
                "69": 0.069714,
                "70": 0.06989,
                "71": 0.069325,
                "72": 0.073087,
                "73": 0.069741,
                "74": 0.070229,
                "75": 0.069605,
                "76": 0.070873,
                "77": 0.069449,
                "78": 0.069516,
                "79": 0.07118,
                "80": 0.071277,
                "81": 0.069515,
                "82": 0.070125,
                "83": 0.069431,
                "84": 0.071966,
                "85": 0.069928,
                "86": 0.070615,
                "87": 0.070911,
                "88": 0.069831,
                "89": 0.069809,
                "90": 0.071052,
                "91": 0.069639,
                "92": 0.069925,
                "93": 0.070752,
                "94": 0.069643,
                "95": 0.069896,
                "96": 0.069661,
                "97": 0.07129,
                "98": 0.071996
            },
            "validation_time": 0.496632,
            "epoch_time": 7.3714587688446045
        },
        "3": {
            "steps": {
                "1": 0.070203,
                "2": 0.069386,
                "3": 0.073837,
                "4": 0.069899,
                "5": 0.069268,
                "6": 0.069813,
                "7": 0.069268,
                "8": 0.069384,
                "9": 0.069713,
                "10": 0.07107,
                "11": 0.071358,
                "12": 0.069629,
                "13": 0.069546,
                "14": 0.069566,
                "15": 0.069482,
                "16": 0.071111,
                "17": 0.069486,
                "18": 0.069411,
                "19": 0.069512,
                "20": 0.069383,
                "21": 0.069998,
                "22": 0.070264,
                "23": 0.070218,
                "24": 0.071323,
                "25": 0.069463,
                "26": 0.070301,
                "27": 0.06969,
                "28": 0.069502,
                "29": 0.070524,
                "30": 0.069605,
                "31": 0.071082,
                "32": 0.06984,
                "33": 0.069396,
                "34": 0.06961,
                "35": 0.070073,
                "36": 0.074248,
                "37": 0.069787,
                "38": 0.069203,
                "39": 0.069669,