{
    "init": -1.0,
    "total_training": 59.58987259864807,
    "largest_real_time_delta": 55.78269171714783,
    "fit_time": 59.58987259864807,
    "write_model_time": -1.0,
    "epochs": {
        "1": {
            "steps": {
                "1": 15.693578,
                "2": 0.069941,
                "3": 0.072938,
                "4": 0.06978,
                "5": 0.069966,
                "6": 0.071491,
                "7": 0.069159,
                "8": 0.06852,
                "9": 0.068746,
                "10": 0.071246,
                "11": 0.068471,
                "12": 0.068133,
                "13": 0.068252,
                "14": 0.06845,
                "15": 0.068436,
                "16": 0.068381,
                "17": 0.06877,
                "18": 0.068578,
                "19": 0.06847,
                "20": 0.068223,
                "21": 0.068197,
                "22": 0.069223,
                "23": 0.068143,
                "24": 0.068651,
                "25": 0.06851,
                "26": 0.068465,
                "27": 0.068305,
                "28": 0.068753,
                "29": 0.069674,
                "30": 0.068733,
                "31": 0.068831,
                "32": 0.070866,
                "33": 0.068848,
                "34": 0.072066,
                "35": 0.068332,
                "36": 0.068494,
                "37": 0.073761,
                "38": 0.074503,
                "39": 0.070171,
                "40": 0.068746,
                "41": 0.068619,
                "42": 0.068316,
                "43": 0.06877,
                "44": 0.069214,
                "45": 0.068376,
                "46": 0.071632,
                "47": 0.068637,
                "48": 0.068918,
                "49": 0.068784,
                "50": 0.069192,
                "51": 0.068967,
                "52": 0.068692,
                "53": 0.071031,
                "54": 0.072316,
                "55": 0.070643,
                "56": 0.068283,
                "57": 0.06866,
                "58": 0.068898,
                "59": 0.068827,
                "60": 0.071954,
                "61": 0.06936,
                "62": 0.068053,
                "63": 0.069036,
                "64": 0.068598,
                "65": 0.070771,
                "66": 0.069054,
                "67": 0.069676,
                "68": 0.068463,
                "69": 0.06792,
                "70": 0.068847,
                "71": 0.06942,
                "72": 0.068084,
                "73": 0.06865,
                "74": 0.070099,
                "75": 0.070232,
                "76": 0.072449,
                "77": 0.07017,
                "78": 0.068651,
                "79": 0.068336,
                "80": 0.069447,
                "81": 0.068264,
                "82": 0.068729,
                "83": 0.069797,
                "84": 0.068059,
                "85": 0.068756,
                "86": 0.069084,
                "87": 0.069829,
                "88": 0.068829,
                "89": 0.068534,
                "90": 0.068841,
                "91": 0.06836,
                "92": 0.06886,
                "93": 0.068551,
                "94": 0.069164,
                "95": 0.06945,
                "96": 0.068514,
                "97": 0.06819,
                "98": 1.392011
            },
            "validation_time": 2.243034,
            "epoch_time": 26.823727130889893,
            "validation_accuracy": 0.0
        },
        "2": {
            "steps": {
                "1": 0.07078,
                "2": 0.069757,
                "3": 0.0708,
                "4": 0.07076,
                "5": 0.068403,
                "6": 0.067934,
                "7": 0.068606,
                "8": 0.06855,
                "9": 0.069117,
                "10": 0.068001,
                "11": 0.070966,
                "12": 0.069705,
                "13": 0.069616,
                "14": 0.071052,
                "15": 0.068532,
                "16": 0.068043,
                "17": 0.06838,
                "18": 0.067924,
                "19": 0.068532,
                "20": 0.06826,
                "21": 0.069245,
                "22": 0.070431,
                "23": 0.069012,
                "24": 0.068375,
                "25": 0.068444,
                "26": 0.069572,
                "27": 0.068416,
                "28": 0.068405,
                "29": 0.068563,
                "30": 0.068857,
                "31": 0.068167,
                "32": 0.068453,
                "33": 0.068353,
                "34": 0.068582,
                "35": 0.068145,
                "36": 0.067803,
                "37": 0.068078,
                "38": 0.070043,
                "39": 0.068191,
                "40": 0.067911,
                "41": 0.06796,
                "42": 0.067999,
                "43": 0.06811,
                "44": 0.068383,
                "45": 0.068104,
                "46": 0.068724,
                "47": 0.068302,
                "48": 0.06828,
                "49": 0.06838,
                "50": 0.068661,
                "51": 0.069068,
                "52": 0.069876,
                "53": 0.069084,
                "54": 0.068299,
                "55": 0.068322,
                "56": 0.06839,
                "57": 0.06857,
                "58": 0.068635,
                "59": 0.068235,
                "60": 0.069553,
                "61": 0.069565,
                "62": 0.068863,
                "63": 0.068309,
                "64": 0.069002,
                "65": 0.068487,
                "66": 0.068681,
                "67": 0.069208,
                "68": 0.06887,
                "69": 0.068229,
                "70": 0.068151,
                "71": 0.068714,
                "72": 0.06815,
                "73": 0.070207,
                "74": 0.069015,
                "75": 0.069157,
                "76": 0.068486,
                "77": 0.068258,
                "78": 0.068992,
                "79": 0.068446,
                "80": 0.068336,
                "81": 0.069186,
                "82": 0.068025,
                "83": 0.06827,
                "84": 0.068456,
                "85": 0.068767,
                "86": 0.068279,
                "87": 0.069581,
                "88": 0.069518,
                "89": 0.069483,
                "90": 0.068275,
                "91": 0.068015,
                "92": 0.068537,
                "93": 0.067976,
                "94": 0.06815,
                "95": 0.068417,
                "96": 0.069095,
                "97": 0.07059,
                "98": 0.077114
            },
            "validation_time": 0.489155,
            "epoch_time": 7.242078542709351,
            "validation_accuracy": 0.1001
        },
        "3": {
            "steps": {
                "1": 0.068721,
                "2": 0.068341,
                "3": 0.068362,
                "4": 0.069141,
                "5": 0.068366,
                "6": 0.068373,
                "7": 0.068491,
                "8": 0.068286,
                "9": 0.068023,
                "10": 0.068819,
                "11": 0.068506,
                "12": 0.069363,
                "13": 0.068539,
                "14": 0.069462,
                "15": 0.068118,
                "16": 0.068329,
                "17": 0.068276,
                "18": 0.068139,
                "19": 0.068039,
                "20": 0.068449,
                "21": 0.069164,
                "22": 0.069114,
                "23": 0.068733,
                "24": 0.068158,
                "25": 0.068259,
                "26": 0.070669,
                "27": 0.068742,
                "28": 0.068124,
                "29": 0.068357,
                "30": 0.068321,
                "31": 0.070307,
                "32": 0.068356,
                "33": 0.068056,
                "34": 0.069126,
                "35": 0.068716,
                "36": 0.068756,