{
    "init": -1.0,
    "total_training": 62.65798902511597,
    "largest_real_time_delta": 58.230751514434814,
    "fit_time": 62.65798902511597,
    "write_model_time": -1.0,
    "epochs": {
        "1": {
            "steps": {
                "1": 15.934493,
                "2": 0.072366,
                "3": 0.070906,
                "4": 0.070757,
                "5": 0.069996,
                "6": 0.071371,
                "7": 0.071566,
                "8": 0.070417,
                "9": 0.070292,
                "10": 0.073507,
                "11": 0.073686,
                "12": 0.072118,
                "13": 0.070372,
                "14": 0.070023,
                "15": 0.070074,
                "16": 0.071265,
                "17": 0.074772,
                "18": 0.071457,
                "19": 0.070374,
                "20": 0.070127,
                "21": 0.070202,
                "22": 0.069922,
                "23": 0.069926,
                "24": 0.06972,
                "25": 0.074335,
                "26": 0.070791,
                "27": 0.070503,
                "28": 0.070507,
                "29": 0.070497,
                "30": 0.072436,
                "31": 0.07026,
                "32": 0.072832,
                "33": 0.072621,
                "34": 0.070602,
                "35": 0.070532,
                "36": 0.070936,
                "37": 0.069657,
                "38": 0.070408,
                "39": 0.070478,
                "40": 0.070247,
                "41": 0.070321,
                "42": 0.070049,
                "43": 0.071057,
                "44": 0.07058,
                "45": 0.071185,
                "46": 0.070321,
                "47": 0.070371,
                "48": 0.070888,
                "49": 0.070544,
                "50": 0.070457,
                "51": 0.073046,
                "52": 0.070139,
                "53": 0.071892,
                "54": 0.073478,
                "55": 0.070243,
                "56": 0.069924,
                "57": 0.070508,
                "58": 0.072406,
                "59": 0.070853,
                "60": 0.070409,
                "61": 0.071489,
                "62": 0.072183,
                "63": 0.070141,
                "64": 0.07016,
                "65": 0.070456,
                "66": 0.070311,
                "67": 0.071337,
                "68": 0.070691,
                "69": 0.070425,
                "70": 0.069675,
                "71": 0.072236,
                "72": 0.070601,
                "73": 0.070681,
                "74": 0.070803,
                "75": 0.070526,
                "76": 0.072733,
                "77": 0.070082,
                "78": 0.073436,
                "79": 0.070342,
                "80": 0.0724,
                "81": 0.070355,
                "82": 0.074958,
                "83": 0.070165,
                "84": 0.070263,
                "85": 0.070453,
                "86": 0.070436,
                "87": 0.070589,
                "88": 0.070173,
                "89": 0.076584,
                "90": 0.071934,
                "91": 0.069467,
                "92": 0.069587,
                "93": 0.069929,
                "94": 0.072869,
                "95": 0.069906,
                "96": 0.071012,
                "97": 0.069931,
                "98": 1.429084
            },
            "validation_time": 3.327169,
            "epoch_time": 28.470229625701904,
            "validation_accuracy": 0.0967
        },
        "2": {
            "steps": {
                "1": 0.071871,
                "2": 0.075562,
                "3": 0.070191,
                "4": 0.070097,
                "5": 0.07169,
                "6": 0.070182,
                "7": 0.070117,
                "8": 0.070264,
                "9": 0.070065,
                "10": 0.069643,
                "11": 0.070124,
                "12": 0.069561,
                "13": 0.069885,
                "14": 0.069804,
                "15": 0.06955,
                "16": 0.070036,
                "17": 0.07264,
                "18": 0.071386,
                "19": 0.072352,
                "20": 0.071495,
                "21": 0.069784,
                "22": 0.069649,
                "23": 0.07096,
                "24": 0.069865,
                "25": 0.071113,
                "26": 0.070063,
                "27": 0.070581,
                "28": 0.070341,
                "29": 0.070283,
                "30": 0.07076,
                "31": 0.069641,
                "32": 0.071155,
                "33": 0.070377,
                "34": 0.070133,
                "35": 0.070004,
                "36": 0.071355,
                "37": 0.070352,
                "38": 0.070143,
                "39": 0.069883,
                "40": 0.070316,
                "41": 0.069916,
                "42": 0.069787,
                "43": 0.069663,
                "44": 0.070966,
                "45": 0.069657,
                "46": 0.069931,
                "47": 0.070776,
                "48": 0.070053,
                "49": 0.06978,
                "50": 0.07047,
                "51": 0.070204,
                "52": 0.070229,
                "53": 0.069904,
                "54": 0.070665,
                "55": 0.071733,
                "56": 0.070262,
                "57": 0.069776,
                "58": 0.069878,
                "59": 0.070103,
                "60": 0.07145,
                "61": 0.075006,
                "62": 0.070321,
                "63": 0.07047,
                "64": 0.07027,
                "65": 0.069783,
                "66": 0.071311,
                "67": 0.073075,
                "68": 0.072426,
                "69": 0.070481,
                "70": 0.069716,
                "71": 0.06966,
                "72": 0.07075,
                "73": 0.070503,
                "74": 0.072796,
                "75": 0.071625,
                "76": 0.071054,
                "77": 0.070019,
                "78": 0.070537,
                "79": 0.070008,
                "80": 0.070368,
                "81": 0.069964,
                "82": 0.07023,
                "83": 0.073581,
                "84": 0.071766,
                "85": 0.070181,
                "86": 0.070189,
                "87": 0.070695,
                "88": 0.069882,
                "89": 0.070345,
                "90": 0.07046,
                "91": 0.069813,
                "92": 0.069796,
                "93": 0.069923,
                "94": 0.070098,
                "95": 0.069824,
                "96": 0.071856,
                "97": 0.070007,
                "98": 0.074914
            },
            "validation_time": 0.503099,
            "epoch_time": 7.429897308349609,
            "validation_accuracy": 0.0999
        },
        "3": {
            "steps": {
                "1": 0.070981,
                "2": 0.070641,
                "3": 0.069962,
                "4": 0.069802,
                "5": 0.070662,
                "6": 0.073022,
                "7": 0.070124,
                "8": 0.071373,
                "9": 0.068646,
                "10": 0.070685,
                "11": 0.070253,
                "12": 0.070334,
                "13": 0.073285,
                "14": 0.070258,
                "15": 0.070413,
                "16": 0.07143,
                "17": 0.07072,
                "18": 0.069324,
                "19": 0.069967,
                "20": 0.070099,
                "21": 0.070222,
                "22": 0.072135,
                "23": 0.069655,
                "24": 0.070031,
                "25": 0.069917,
                "26": 0.069865,
                "27": 0.069707,
                "28": 0.070969,
                "29": 0.070062,
                "30": 0.070192,
                "31": 0.072037,
                "32": 0.070172,
                "33": 0.069966,
                "34": 0.08022,
                "35": 0.070642,
                "36": 0.070003,