{
    "init": -1.0,
    "total_training": 17.603031158447266,
    "largest_real_time_delta": 14.75094223022461,
    "fit_time": -1.0,
    "write_model_time": -1.0,
    "epochs": {
        "1": {
            "steps": {
                "1": 2.118028,
                "2": 0.021874,
                "3": 0.020447,
                "4": 0.020491,
                "5": 0.020605,
                "6": 0.020491,
                "7": 0.021369,
                "8": 0.02026,
                "9": 0.020464,
                "10": 0.020189,
                "11": 0.020373,
                "12": 0.020251,
                "13": 0.020274,
                "14": 0.019939,
                "15": 0.020279,
                "16": 0.02019,
                "17": 0.020398,
                "18": 0.020375,
                "19": 0.020388,
                "20": 0.021049,
                "21": 0.019809,
                "22": 0.019861,
                "23": 0.019794,
                "24": 0.02019,
                "25": 0.020047,
                "26": 0.020317,
                "27": 0.020281,
                "28": 0.020106,
                "29": 0.020266,
                "30": 0.020162,
                "31": 0.020281,
                "32": 0.020575,
                "33": 0.020466,
                "34": 0.021044,
                "35": 0.021362,
                "36": 0.020985,
                "37": 0.0206,
                "38": 0.020293,
                "39": 0.020082,
                "40": 0.020365,
                "41": 0.020243,
                "42": 0.020074,
                "43": 0.020168,
                "44": 0.020168,
                "45": 0.020012,
                "46": 0.020457,
                "47": 0.020488,
                "48": 0.020202,
                "49": 0.020032,
                "50": 0.020108,
                "51": 0.020082,
                "52": 0.020307,
                "53": 0.019931,
                "54": 0.020153,
                "55": 0.020036,
                "56": 0.020069,
                "57": 0.020072,
                "58": 0.020011,
                "59": 0.020088,
                "60": 0.019814,
                "61": 0.020121,
                "62": 0.019882,
                "63": 0.020221,
                "64": 0.020265,
                "65": 0.02088,
                "66": 0.02013,
                "67": 0.020203,
                "68": 0.019938,
                "69": 0.020165,
                "70": 0.020064,
                "71": 0.020104,
                "72": 0.020357,
                "73": 0.020316,
                "74": 0.020432,
                "75": 0.019928,
                "76": 0.019856,
                "77": 0.020026,
                "78": 0.020236,
                "79": 0.020499,
                "80": 0.020384,
                "81": 0.020791,
                "82": 0.020563,
                "83": 0.020292,
                "84": 0.020224,
                "85": 0.020392,
                "86": 0.020048,
                "87": 0.020284,
                "88": 0.020343,
                "89": 0.02019,
                "90": 0.020387,
                "91": 0.020443,
                "92": 0.020227,
                "93": 0.020414,
                "94": 0.020272,
                "95": 0.020116,
                "96": 0.019922,
                "97": 0.020026,
                "98": 0.020081,
                "99": 0.020079,
                "100": 0.020255,
                "101": 0.020242,
                "102": 0.020383,
                "103": 0.020351,
                "104": 0.020505,
                "105": 0.020071,
                "106": 0.020247,
                "107": 0.02019,
                "108": 0.020049,
                "109": 0.020355,
                "110": 0.019989,
                "111": 0.020315,
                "112": 0.020157,
                "113": 0.020389,
                "114": 0.020317,
                "115": 0.020515,
                "116": 0.019957,
                "117": 0.01985,
                "118": 0.04355
            },
            "validation_time": 0.198125,
            "epoch_time": 4.714484214782715
        },
        "2": {
            "steps": {
                "1": 0.021375,
                "2": 0.020842,
                "3": 0.020516,
                "4": 0.020274,
                "5": 0.02008,
                "6": 0.019934,
                "7": 0.020142,
                "8": 0.019941,
                "9": 0.019998,
                "10": 0.019852,
                "11": 0.019889,
                "12": 0.019835,
                "13": 0.020234,
                "14": 0.020118,
                "15": 0.020236,
                "16": 0.020231,
                "17": 0.020169,
                "18": 0.020113,
                "19": 0.020394,
                "20": 0.019961,
                "21": 0.020296,
                "22": 0.020201,
                "23": 0.020181,
                "24": 0.019965,
                "25": 0.019993,
                "26": 0.02032,
                "27": 0.020278,
                "28": 0.020631,
                "29": 0.020418,
                "30": 0.020143,
                "31": 0.020056,
                "32": 0.020125,
                "33": 0.019982,
                "34": 0.020255,
                "35": 0.020065,
                "36": 0.021173,
                "37": 0.021832,
                "38": 0.021374,
                "39": 0.021099,
                "40": 0.020631,
                "41": 0.020514,
                "42": 0.020176,
                "43": 0.020298,
                "44": 0.019948,
                "45": 0.020118,
                "46": 0.020026,
                "47": 0.020367,
                "48": 0.019914,
                "49": 0.020278,
                "50": 0.020068,
                "51": 0.020205,
                "52": 0.020188,
                "53": 0.02027,
                "54": 0.01985,
                "55": 0.020247,
                "56": 0.01996,
                "57": 0.020232,
                "58": 0.020039,
                "59": 0.020222,
                "60": 0.019959,
                "61": 0.020073,
                "62": 0.020001,
                "63": 0.02007,
                "64": 0.020012,
                "65": 0.020163,
                "66": 0.020065,
                "67": 0.020186,
                "68": 0.019742,
                "69": 0.019912,
                "70": 0.01983,
                "71": 0.019889,
                "72": 0.019782,
                "73": 0.020048,
                "74": 0.019884,
                "75": 0.020305,
                "76": 0.02021,
                "77": 0.020307,
                "78": 0.020201,
                "79": 0.020298,
                "80": 0.020128,
                "81": 0.020395,
                "82": 0.020713,
                "83": 0.02076,
                "84": 0.02045,
                "85": 0.020674,
                "86": 0.02021,
                "87": 0.020421,
                "88": 0.020232,
                "89": 0.020358,
                "90": 0.020169,
                "91": 0.020194,
                "92": 0.019958,
                "93": 0.020272,
                "94": 0.020152,
                "95": 0.02029,
                "96": 0.02003,
                "97": 0.02034,
                "98": 0.020298,
                "99": 0.020359,
                "100": 0.02029,
                "101": 0.020377,
                "102": 0.020224,
                "103": 0.020344,
                "104": 0.019959,
                "105": 0.020118,
                "106": 0.020183,
                "107": 0.020101,
                "108": 0.020177,
                "109": 0.020501,
                "110": 0.020332,
                "111": 0.020463,
                "112": 0.020083,
                "113": 0.020339,
                "114": 0.020091,
                "115": 0.020124,
                "116": 0.020125,
                "117": 0.01989,
                "118": 0.007391
            },
            "validation_time": 0.128168,