{
    "init": 3.352280855178833,
    "total_training": 19.7485170364,
    "largest_real_time_delta": 15.460000038146973,
    "fit_time": -1.0,
    "write_model_time": -1.0,
    "epochs": {
        "1": {
            "steps": {
                "1": 8.12079286575,
                "2": 0.0403380393982,
                "3": 0.0315980911255,
                "4": 0.040384054184,
                "5": 0.0411489009857,
                "6": 0.0369739532471,
                "7": 0.0369620323181,
                "8": 0.0312230587006,
                "9": 0.0404078960419,
                "10": 0.0318551063538,
                "11": 0.0400819778442,
                "12": 0.03297996521,
                "13": 0.0475401878357,
                "14": 0.0417330265045,
                "15": 0.0407059192657,
                "16": 0.0366230010986,
                "17": 0.0368189811707,
                "18": 0.0363290309906,
                "19": 0.0377180576324,
                "20": 0.0368649959564,
                "21": 0.0372431278229,
                "22": 0.0316519737244,
                "23": 0.0405759811401,
                "24": 0.0317990779877,
                "25": 0.0399610996246,
                "26": 0.0408670902252,
                "27": 0.0413548946381,
                "28": 0.0372018814087,
                "29": 0.0315730571747,
                "30": 0.0407481193542,
                "31": 0.0349841117859,
                "32": 0.0408399105072,
                "33": 0.0342929363251,
                "34": 0.0401701927185,
                "35": 0.0404360294342,
                "36": 0.0408208370209,
                "37": 0.0368671417236,
                "38": 0.0314381122589,
                "39": 0.0318720340729,
                "40": 0.168800115585
            },
            "validation_accuracy": 0.8632,
            "validation_time": 0.156207084656,
            "epoch_time": 9.87826514244
        },
        "2": {
            "steps": {
                "1": 0.0400540828705,
                "2": 0.0359840393066,
                "3": 0.0466930866241,
                "4": 0.0350208282471,
                "5": 0.0399861335754,
                "6": 0.0363919734955,
                "7": 0.032881975174,
                "8": 0.0324449539185,
                "9": 0.0339829921722,
                "10": 0.0344948768616,
                "11": 0.0349280834198,
                "12": 0.0349318981171,
                "13": 0.0353519916534,
                "14": 0.0348770618439,
                "15": 0.034735918045,
                "16": 0.0340709686279,
                "17": 0.0341849327087,
                "18": 0.0352311134338,
                "19": 0.0343999862671,
                "20": 0.0351929664612,
                "21": 0.0345330238342,
                "22": 0.0345458984375,
                "23": 0.0346820354462,
                "24": 0.0345261096954,
                "25": 0.0345611572266,
                "26": 0.0346791744232,
                "27": 0.0341281890869,
                "28": 0.0345990657806,
                "29": 0.0340480804443,
                "30": 0.0350720882416,
                "31": 0.0356140136719,
                "32": 0.0342919826508,
                "33": 0.0349140167236,
                "34": 0.0344071388245,
                "35": 0.0340721607208,
                "36": 0.0339770317078,
                "37": 0.0348489284515,
                "38": 0.0350761413574,
                "39": 0.0318288803101,
                "40": 0.0213170051575
            },
            "validation_accuracy": 0.9198,
            "validation_time": 0.00582098960876,
            "epoch_time": 1.40709614754
        },
        "3": {
            "steps": {
                "1": 0.039806842804,
                "2": 0.0351979732513,
                "3": 0.0399630069733,
                "4": 0.0349199771881,
                "5": 0.0362150669098,
                "6": 0.0353710651398,
                "7": 0.040009021759,
                "8": 0.0347599983215,
                "9": 0.0401329994202,
                "10": 0.0346040725708,
                "11": 0.0365810394287,
                "12": 0.0316669940948,
                "13": 0.0397319793701,
                "14": 0.0349569320679,
                "15": 0.0345628261566,
                "16": 0.0400769710541,
                "17": 0.034255027771,
                "18": 0.0336761474609,
                "19": 0.0339000225067,
                "20": 0.0337898731232,
                "21": 0.034432888031,
                "22": 0.0336799621582,
                "23": 0.0335760116577,
                "24": 0.0334129333496,
                "25": 0.0331540107727,
                "26": 0.0328769683838,
                "27": 0.0340747833252,
                "28": 0.034010887146,
                "29": 0.0334839820862,
                "30": 0.0331771373749,
                "31": 0.0333490371704,
                "32": 0.033420085907,
                "33": 0.0344638824463,
                "34": 0.0334780216217,
                "35": 0.0334148406982,
                "36": 0.0333428382874,
                "37": 0.034234046936,
                "38": 0.0340819358826,
                "39": 0.0309488773346,
                "40": 0.0207028388977
            },
            "validation_accuracy": 0.9434,
            "validation_time": 0.00567603111267,
            "epoch_time": 1.39623904228
        },
        "4": {
            "steps": {
                "1": 0.0393590927124,
                "2": 0.035306930542,
                "3": 0.0361270904541,
                "4": 0.0316939353943,
                "5": 0.0387799739838,
                "6": 0.0311808586121,
                "7": 0.0400099754333,
                "8": 0.0335810184479,
                "9": 0.040195941925,
                "10": 0.03355884552,
                "11": 0.0394320487976,
                "12": 0.0343267917633,
                "13": 0.0388650894165,
                "14": 0.0335290431976,
                "15": 0.038938999176,
                "16": 0.0340638160706,
                "17": 0.0394699573517,
                "18": 0.0323460102081,
                "19": 0.0393469333649,
                "20": 0.0337507724762,
                "21": 0.0335690975189,
                "22": 0.0340640544891,
                "23": 0.0334851741791,
                "24": 0.0340301990509,
                "25": 0.0338680744171,
                "26": 0.0342609882355,
                "27": 0.0346779823303,
                "28": 0.0346109867096,
                "29": 0.0347909927368,
                "30": 0.0344579219818,
                "31": 0.033814907074,
                "32": 0.0340218544006,
                "33": 0.0341718196869,
                "34": 0.0339231491089,
                "35": 0.0335071086884,
                "36": 0.0334570407867,
                "37": 0.0334651470184,
                "38": 0.0337219238281,
                "39": 0.0316460132599,
                "40": 0.0211970806122
            },
            "validation_accuracy": 0.9481,
            "validation_time": 0.00618004798889,
            "epoch_time": 1.40347599983
        },
        "5": {
            "steps": {
                "1": 0.0385279655457,
                "2": 0.0346808433533,
                "3": 0.0365738868713,
                "4": 0.0343670845032,
                "5": 0.0394349098206,
                "6": 0.0347528457642,
                "7": 0.0320410728455,
                "8": 0.0339980125427,
                "9": 0.0338680744171,
                "10": 0.0346429347992,
                "11": 0.0343110561371,
                "12": 0.0335810184479,
                "13": 0.0346739292145,
                "14": 0.0334570407867,
                "15": 0.0338370800018,
                "16": 0.0332190990448,
                "17": 0.0338349342346,
                "18": 0.0338850021362,
                "19": 0.0336980819702,
                "20": 0.0339500904083,
                "21": 0.0340888500214,