{
    "init": 4.23341703414917,
    "total_training": 21.7246761322,
    "largest_real_time_delta": 16.549999952316284,
    "fit_time": 17.4004600048,
    "write_model_time": 0.090765953064,
    "epochs": {
        "1": {
            "steps": {
                "1": 8.30776286125,
                "2": 0.0397610664368,
                "3": 0.032096862793,
                "4": 0.0400328636169,
                "5": 0.0384910106659,
                "6": 0.0407650470734,
                "7": 0.0391421318054,
                "8": 0.0413119792938,
                "9": 0.0392961502075,
                "10": 0.0355551242828,
                "11": 0.0408670902252,
                "12": 0.0396599769592,
                "13": 0.0393569469452,
                "14": 0.0391190052032,
                "15": 0.0410850048065,
                "16": 0.0402851104736,
                "17": 0.0409469604492,
                "18": 0.0384600162506,
                "19": 0.0407698154449,
                "20": 0.0404880046844,
                "21": 0.0407121181488,
                "22": 0.0405151844025,
                "23": 0.0359311103821,
                "24": 0.0371479988098,
                "25": 0.0408039093018,
                "26": 0.0371079444885,
                "27": 0.0376958847046,
                "28": 0.0386798381805,
                "29": 0.0391478538513,
                "30": 0.0390570163727,
                "31": 0.0407400131226,
                "32": 0.0406301021576,
                "33": 0.0412399768829,
                "34": 0.0391759872437,
                "35": 0.0409860610962,
                "36": 0.0401849746704,
                "37": 0.0409760475159,
                "38": 0.0401830673218,
                "39": 0.0314199924469,
                "40": 0.170242071152
            },
            "validation_time": 0.153549909592,
            "epoch_time": 10.1311938763
        },
        "2": {
            "steps": {
                "1": 0.0411911010742,
                "2": 0.0416231155396,
                "3": 0.0397400856018,
                "4": 0.039892911911,
                "5": 0.0402150154114,
                "6": 0.0426738262177,
                "7": 0.0416460037231,
                "8": 0.0390501022339,
                "9": 0.0414011478424,
                "10": 0.041974067688,
                "11": 0.042219877243,
                "12": 0.0409219264984,
                "13": 0.0380561351776,
                "14": 0.0387980937958,
                "15": 0.0388309955597,
                "16": 0.0420961380005,
                "17": 0.0402171611786,
                "18": 0.0427510738373,
                "19": 0.0371890068054,
                "20": 0.040522813797,
                "21": 0.0418231487274,
                "22": 0.0398240089417,
                "23": 0.0397911071777,
                "24": 0.0416550636292,
                "25": 0.0416231155396,
                "26": 0.0400359630585,
                "27": 0.041848897934,
                "28": 0.0401039123535,
                "29": 0.0401380062103,
                "30": 0.0418031215668,
                "31": 0.0400547981262,
                "32": 0.0374410152435,
                "33": 0.0412330627441,
                "34": 0.0412359237671,
                "35": 0.0433669090271,
                "36": 0.0416488647461,
                "37": 0.042918920517,
                "38": 0.037425994873,
                "39": 0.0324528217316,
                "40": 0.0211420059204
            },
            "validation_time": 0.0075249671936,
            "epoch_time": 1.62098884583
        },
        "3": {
            "steps": {
                "1": 0.0382120609283,
                "2": 0.0386979579926,
                "3": 0.0368490219116,
                "4": 0.0378301143646,
                "5": 0.0365688800812,
                "6": 0.038547039032,
                "7": 0.0379590988159,
                "8": 0.037202835083,
                "9": 0.0382199287415,
                "10": 0.0367498397827,
                "11": 0.0381669998169,
                "12": 0.0387780666351,
                "13": 0.0424120426178,
                "14": 0.0423309803009,
                "15": 0.0414578914642,
                "16": 0.0424809455872,
                "17": 0.0422339439392,
                "18": 0.0392620563507,
                "19": 0.0397531986237,
                "20": 0.0400750637054,
                "21": 0.0413451194763,
                "22": 0.0422410964966,
                "23": 0.0405209064484,
                "24": 0.0410358905792,
                "25": 0.0396769046783,
                "26": 0.0421330928802,
                "27": 0.0414481163025,
                "28": 0.0419008731842,
                "29": 0.0416560173035,
                "30": 0.0422561168671,
                "31": 0.0402979850769,
                "32": 0.0423920154572,
                "33": 0.041836977005,
                "34": 0.0417790412903,
                "35": 0.0414731502533,
                "36": 0.0418469905853,
                "37": 0.0411019325256,
                "38": 0.0387399196625,
                "39": 0.0309109687805,
                "40": 0.0191299915314
            },
            "validation_time": 0.00750207901001,
            "epoch_time": 1.60005784035
        },
        "4": {
            "steps": {
                "1": 0.0410821437836,
                "2": 0.0406749248505,
                "3": 0.0368049144745,
                "4": 0.0372109413147,
                "5": 0.0380938053131,
                "6": 0.0417859554291,
                "7": 0.0384149551392,
                "8": 0.0423669815063,
                "9": 0.0413360595703,
                "10": 0.038446187973,
                "11": 0.0412018299103,
                "12": 0.0407068729401,
                "13": 0.0410470962524,
                "14": 0.0411221981049,
                "15": 0.0405030250549,
                "16": 0.0408208370209,
                "17": 0.0404391288757,
                "18": 0.0371401309967,
                "19": 0.0402901172638,
                "20": 0.0409409999847,
                "21": 0.038605928421,
                "22": 0.0410759449005,
                "23": 0.0372169017792,
                "24": 0.040833234787,
                "25": 0.0385501384735,
                "26": 0.0408141613007,
                "27": 0.0386791229248,
                "28": 0.0406370162964,
                "29": 0.0390589237213,
                "30": 0.0398139953613,
                "31": 0.0356040000916,
                "32": 0.0376589298248,
                "33": 0.0371370315552,
                "34": 0.0405750274658,
                "35": 0.0402209758759,
                "36": 0.0411260128021,
                "37": 0.0404441356659,
                "38": 0.0408589839935,
                "39": 0.0315549373627,
                "40": 0.0203700065613
            },
            "validation_time": 0.00798106193542,
            "epoch_time": 1.58422112465
        },
        "5": {
            "steps": {
                "1": 0.0388360023499,
                "2": 0.0406379699707,
                "3": 0.0394930839539,
                "4": 0.0418939590454,
                "5": 0.0400669574738,
                "6": 0.0416588783264,
                "7": 0.039715051651,
                "8": 0.0423431396484,
                "9": 0.0418481826782,
                "10": 0.0403969287872,
                "11": 0.0417098999023,
                "12": 0.0385439395905,
                "13": 0.0415179729462,
                "14": 0.0369000434875,
                "15": 0.0419030189514,
                "16": 0.0412900447845,
                "17": 0.0393218994141,
                "18": 0.0380461215973,
                "19": 0.0389070510864,
                "20": 0.037232875824,
                "21": 0.040442943573,
                "22": 0.0408310890198,
                "23": 0.0401749610901,
                "24": 0.0407190322876,
                "25": 0.0406148433685,