{
    "init": -1.0,
    "total_training": 17.94131636619568,
    "largest_real_time_delta": 13.996517419815063,
    "fit_time": -1.0,
    "write_model_time": -1.0,
    "epochs": {
        "1": {
            "steps": {
                "1": 7.537733,
                "2": 0.020086,
                "3": 0.019329,
                "4": 0.021133,
                "5": 0.020991,
                "6": 0.018374,
                "7": 0.020741,
                "8": 0.018187,
                "9": 0.020425,
                "10": 0.018645,
                "11": 0.020267,
                "12": 0.018099,
                "13": 0.02067,
                "14": 0.020554,
                "15": 0.017849,
                "16": 0.017996,
                "17": 0.020417,
                "18": 0.02036,
                "19": 0.017687,
                "20": 0.021481,
                "21": 0.020967,
                "22": 0.020802,
                "23": 0.019654,
                "24": 0.020098,
                "25": 0.021377,
                "26": 0.018171,
                "27": 0.018156,
                "28": 0.018362,
                "29": 0.021158,
                "30": 0.021118,
                "31": 0.021033,
                "32": 0.020061,
                "33": 0.019837,
                "34": 0.02068,
                "35": 0.018773,
                "36": 0.020461,
                "37": 0.020099,
                "38": 0.017908,
                "39": 0.02063,
                "40": 0.018189,
                "41": 0.020527,
                "42": 0.018867,
                "43": 0.02096,
                "44": 0.02097,
                "45": 0.020578,
                "46": 0.020511,
                "47": 0.020866,
                "48": 0.021082,
                "49": 0.018641,
                "50": 0.020623,
                "51": 0.020293,
                "52": 0.019787,
                "53": 0.017941,
                "54": 0.020545,
                "55": 0.020868,
                "56": 0.02044,
                "57": 0.020649,
                "58": 0.020136,
                "59": 0.066755
            },
            "validation_time": 0.222618,
            "epoch_time": 8.964479684829712
        },
        "2": {
            "steps": {
                "1": 0.020978,
                "2": 0.020287,
                "3": 0.020945,
                "4": 0.020465,
                "5": 0.020521,
                "6": 0.019926,
                "7": 0.020209,
                "8": 0.017811,
                "9": 0.017777,
                "10": 0.021137,
                "11": 0.02058,
                "12": 0.017699,
                "13": 0.018533,
                "14": 0.021382,
                "15": 0.02016,
                "16": 0.020531,
                "17": 0.019727,
                "18": 0.017904,
                "19": 0.021087,
                "20": 0.01972,
                "21": 0.020375,
                "22": 0.02055,
                "23": 0.020565,
                "24": 0.018015,
                "25": 0.02066,
                "26": 0.020565,
                "27": 0.020695,
                "28": 0.01759,
                "29": 0.017704,
                "30": 0.018442,
                "31": 0.019601,
                "32": 0.020486,
                "33": 0.020822,
                "34": 0.020378,
                "35": 0.0202,
                "36": 0.019463,
                "37": 0.018186,
                "38": 0.020639,
                "39": 0.01803,
                "40": 0.018224,
                "41": 0.018105,
                "42": 0.02105,
                "43": 0.020345,
                "44": 0.020839,
                "45": 0.020342,
                "46": 0.02048,
                "47": 0.019948,
                "48": 0.017908,
                "49": 0.02024,
                "50": 0.018059,
                "51": 0.017339,
                "52": 0.020999,
                "53": 0.019826,
                "54": 0.020706,
                "55": 0.021315,
                "56": 0.020534,
                "57": 0.021415,
                "58": 0.021111,
                "59": 0.014158
            },
            "validation_time": 0.084665,
            "epoch_time": 1.2502048015594482
        },
        "3": {
            "steps": {
                "1": 0.020898,
                "2": 0.020528,
                "3": 0.017847,
                "4": 0.021122,
                "5": 0.020505,
                "6": 0.021059,
                "7": 0.02076,
                "8": 0.020951,
                "9": 0.019553,
                "10": 0.018069,
                "11": 0.020451,
                "12": 0.020866,
                "13": 0.020109,
                "14": 0.020232,
                "15": 0.021318,
                "16": 0.020752,
                "17": 0.021127,
                "18": 0.020388,
                "19": 0.020929,
                "20": 0.018179,
                "21": 0.020343,
                "22": 0.021798,
                "23": 0.018078,
                "24": 0.019887,
                "25": 0.020467,
                "26": 0.020057,
                "27": 0.020633,
                "28": 0.018081,
                "29": 0.02046,
                "30": 0.018269,
                "31": 0.020546,
                "32": 0.018625,
                "33": 0.021276,
                "34": 0.020557,
                "35": 0.020984,
                "36": 0.020029,
                "37": 0.017882,
                "38": 0.018013,
                "39": 0.018124,
                "40": 0.018078,
                "41": 0.02042,
                "42": 0.018262,
                "43": 0.020628,
                "44": 0.020712,
                "45": 0.018539,
                "46": 0.020839,
                "47": 0.020228,
                "48": 0.020358,
                "49": 0.02043,
                "50": 0.019988,
                "51": 0.017904,
                "52": 0.020473,
                "53": 0.018317,
                "54": 0.01758,
                "55": 0.020659,
                "56": 0.020813,
                "57": 0.017646,
                "58": 0.020117,
                "59": 0.014461
            },
            "validation_time": 0.08408,
            "epoch_time": 1.2524950504302979
        },
        "4": {
            "steps": {
                "1": 0.021061,
                "2": 0.020673,
                "3": 0.018107,
                "4": 0.020594,
                "5": 0.021048,
                "6": 0.020683,
                "7": 0.020398,
                "8": 0.018704,
                "9": 0.020934,
                "10": 0.020851,
                "11": 0.021377,
                "12": 0.018463,
                "13": 0.020044,
                "14": 0.017556,
                "15": 0.020902,
                "16": 0.020193,
                "17": 0.020703,
                "18": 0.020109,
                "19": 0.020951,
                "20": 0.020857,
                "21": 0.020942,
                "22": 0.021332,
                "23": 0.020346,
                "24": 0.020175,
                "25": 0.020756,
                "26": 0.02053,
                "27": 0.020087,
                "28": 0.020738,
                "29": 0.019618,
                "30": 0.017739,
                "31": 0.021381,
                "32": 0.020634,
                "33": 0.020787,
                "34": 0.020805,
                "35": 0.020369,
                "36": 0.020899,
                "37": 0.0182,
                "38": 0.018422,
                "39": 0.021227,
                "40": 0.020456,
                "41": 0.020882,
                "42": 0.020301,
                "43": 0.02168,
                "44": 0.020129,
                "45": 0.020048,
                "46": 0.021451,
                "47": 0.020481,
                "48": 0.021052,
                "49": 0.021855,
                "50": 0.020409,
                "51": 0.017781,
                "52": 0.020282,
                "53": 0.020296,
                "54": 0.018288,