{
    "init": -1.0,
    "total_training": 123.02621650695801,
    "largest_real_time_delta": 119.6552631855011,
    "fit_time": 123.02621650695801,
    "write_model_time": -1.0,
    "epochs": {
        "1": {
            "steps": {
                "1": 20.800195,
                "2": 0.672085,
                "3": 0.66858,
                "4": 0.668924,
                "5": 0.672594,
                "6": 0.668972,
                "7": 0.666769,
                "8": 0.668772,
                "9": 0.667042,
                "10": 0.663822,
                "11": 0.667744,
                "12": 0.666946,
                "13": 0.668985,
                "14": 0.667964,
                "15": 0.665788,
                "16": 0.672637,
                "17": 0.668453,
                "18": 0.671069,
                "19": 0.670213,
                "20": 0.668819,
                "21": 0.67172,
                "22": 0.671316,
                "23": 0.672375,
                "24": 0.66786,
                "25": 6.161227
            },
            "validation_time": 5.163705,
            "epoch_time": 48.27585434913635
        },
        "2": {
            "steps": {
                "1": 0.65285,
                "2": 0.685606,
                "3": 0.673077,
                "4": 0.676313,
                "5": 0.675044,
                "6": 0.677419,
                "7": 0.677139,
                "8": 0.678951,
                "9": 0.680909,
                "10": 0.677867,
                "11": 0.678696,
                "12": 0.678535,
                "13": 0.679872,
                "14": 0.683855,
                "15": 0.676602,
                "16": 0.678799,
                "17": 0.677608,
                "18": 0.679048,
                "19": 0.682292,
                "20": 0.683417,
                "21": 0.678175,
                "22": 0.683345,
                "23": 0.685027,
                "24": 0.677722,
                "25": 0.314063
            },
            "validation_time": 0.866618,
            "epoch_time": 17.46229600906372
        },
        "3": {
            "steps": {
                "1": 0.678314,
                "2": 0.685582,
                "3": 0.687514,
                "4": 0.683908,
                "5": 0.688528,
                "6": 0.679653,
                "7": 0.688826,
                "8": 0.681389,
                "9": 0.688342,
                "10": 0.689295,
                "11": 0.690768,
                "12": 0.689734,
                "13": 0.689391,
                "14": 0.686584,
                "15": 0.688017,
                "16": 0.688501,
                "17": 0.692778,
                "18": 0.695307,
                "19": 0.693132,
                "20": 0.690977,
                "21": 0.69107,
                "22": 0.699156,
                "23": 0.691106,
                "24": 0.685558,
                "25": 0.323147
            },
            "validation_time": 0.876005,
            "epoch_time": 17.725952863693237
        },
        "4": {
            "steps": {
                "1": 0.691079,
                "2": 0.697121,
                "3": 0.691572,
                "4": 0.696666,
                "5": 0.699171,
                "6": 0.693515,
                "7": 0.700482,
                "8": 0.698772,
                "9": 0.694789,
                "10": 0.702978,
                "11": 0.704394,
                "12": 0.698411,
                "13": 0.70205,
                "14": 0.698549,
                "15": 0.699164,
                "16": 0.696519,
                "17": 0.703684,
                "18": 0.696664,
                "19": 0.702749,
                "20": 0.70522,
                "21": 0.702282,
                "22": 0.703821,
                "23": 0.706685,
                "24": 0.691284,
                "25": 0.327181
            },
            "validation_time": 0.881333,
            "epoch_time": 17.98950695991516
        },
        "5": {
            "steps": {
                "1": 0.700336,
                "2": 0.712277,
                "3": 0.706143,
                "4": 0.70533,
                "5": 0.703269,
                "6": 0.709969,
                "7": 0.707937,
                "8": 0.70464,
                "9": 0.707396,
                "10": 0.705316,
                "11": 0.708565,
                "12": 0.704838,
                "13": 0.710879,
                "14": 0.706405,
                "15": 0.703494,
                "16": 0.709021,
                "17": 0.707268,
                "18": 0.713358,
                "19": 0.707214,
                "20": 0.710814,
                "21": 0.710423,
                "22": 0.712293,
                "23": 0.71032,
                "24": 0.699413,
                "25": 0.330718
            },
            "validation_time": 0.889887,
            "epoch_time": 18.200920343399048
        }
    },
    "computing_system": "g4dn2xlarge-1",
    "batch_size": "2048"
}
