{
    "init": -1.0,
    "total_training": 129.7527585029602,
    "largest_real_time_delta": 126.33770561218262,
    "fit_time": 129.7527585029602,
    "write_model_time": -1.0,
    "epochs": {
        "1": {
            "steps": {
                "1": 21.816463,
                "2": 0.686371,
                "3": 0.682453,
                "4": 0.681,
                "5": 0.682902,
                "6": 0.680883,
                "7": 0.687496,
                "8": 0.682323,
                "9": 0.688442,
                "10": 0.681522,
                "11": 0.691137,
                "12": 0.681681,
                "13": 0.683484,
                "14": 0.687903,
                "15": 0.69383,
                "16": 0.690024,
                "17": 0.691254,
                "18": 0.695823,
                "19": 0.685744,
                "20": 0.693331,
                "21": 0.689727,
                "22": 0.690029,
                "23": 0.695258,
                "24": 0.689982,
                "25": 6.537413
            },
            "validation_time": 5.347465,
            "epoch_time": 50.25551438331604,
            "validation_accuracy": 0.0
        },
        "2": {
            "steps": {
                "1": 0.713832,
                "2": 0.707462,
                "3": 0.710666,
                "4": 0.709193,
                "5": 0.709456,
                "6": 0.687626,
                "7": 0.711164,
                "8": 0.712374,
                "9": 0.707442,
                "10": 0.713257,
                "11": 0.711609,
                "12": 0.712396,
                "13": 0.711102,
                "14": 0.715696,
                "15": 0.716784,
                "16": 0.715667,
                "17": 0.710099,
                "18": 0.724271,
                "19": 0.71723,
                "20": 0.709097,
                "21": 0.716743,
                "22": 0.721726,
                "23": 0.717764,
                "24": 0.717102,
                "25": 0.362999
            },
            "validation_time": 0.892108,
            "epoch_time": 18.358160257339478,
            "validation_accuracy": 0.0
        },
        "3": {
            "steps": {
                "1": 0.70901,
                "2": 0.719685,
                "3": 0.722648,
                "4": 0.725861,
                "5": 0.717188,
                "6": 0.724108,
                "7": 0.727178,
                "8": 0.729895,
                "9": 0.725801,
                "10": 0.721661,
                "11": 0.727658,
                "12": 0.731515,
                "13": 0.729433,
                "14": 0.730023,
                "15": 0.728321,
                "16": 0.73584,
                "17": 0.727808,
                "18": 0.727304,
                "19": 0.734048,
                "20": 0.737748,
                "21": 0.738239,
                "22": 0.735057,
                "23": 0.737856,
                "24": 0.739471,
                "25": 0.367533
            },
            "validation_time": 0.913272,
            "epoch_time": 18.767444849014282,
            "validation_accuracy": 0.1001
        },
        "4": {
            "steps": {
                "1": 0.733543,
                "2": 0.744211,
                "3": 0.746988,
                "4": 0.743333,
                "5": 0.748466,
                "6": 0.751024,
                "7": 0.750473,
                "8": 0.751187,
                "9": 0.751953,
                "10": 0.752189,
                "11": 0.747332,
                "12": 0.751635,
                "13": 0.752551,
                "14": 0.752472,
                "15": 0.755485,
                "16": 0.750016,
                "17": 0.7532,
                "18": 0.758716,
                "19": 0.754406,
                "20": 0.760587,
                "21": 0.755929,
                "22": 0.75413,
                "23": 0.761323,
                "24": 0.763542,
                "25": 0.375727
            },
            "validation_time": 0.927489,
            "epoch_time": 19.351263761520386,
            "validation_accuracy": 0.0957
        },
        "5": {
            "steps": {
                "1": 0.751838,
                "2": 0.753784,
                "3": 0.758674,
                "4": 0.761719,
                "5": 0.754981,
                "6": 0.765568,
                "7": 0.762019,
                "8": 0.770496,
                "9": 0.766269,
                "10": 0.766404,
                "11": 0.774041,
                "12": 0.760546,
                "13": 0.75904,
                "14": 0.75969,
                "15": 0.760828,
                "16": 0.762258,
                "17": 0.762457,
                "18": 0.755204,
                "19": 0.761966,
                "20": 0.760101,
                "21": 0.764058,
                "22": 0.764697,
                "23": 0.760343,
                "24": 0.76341,
                "25": 0.379419
            },
            "validation_time": 0.941505,
            "epoch_time": 19.604620695114136,
            "validation_accuracy": 0.1001
        }
    },
    "computing_system": "g4dn8xlarge-1",
    "batch_size": "2048"
}
