{
    "init": -1.0,
    "total_training": 59.47277545928955,
    "largest_real_time_delta": 55.02102851867676,
    "fit_time": 59.47277545928955,
    "write_model_time": -1.0,
    "epochs": {
        "1": {
            "steps": {
                "1": 17.763741,
                "2": 0.120162,
                "3": 0.121938,
                "4": 0.118375,
                "5": 0.118959,
                "6": 0.120237,
                "7": 0.118573,
                "8": 0.120412,
                "9": 0.119013,
                "10": 0.118268,
                "11": 0.118659,
                "12": 0.118762,
                "13": 0.119163,
                "14": 0.119085,
                "15": 0.121908,
                "16": 0.118136,
                "17": 0.118065,
                "18": 0.117302,
                "19": 0.118069,
                "20": 0.118531,
                "21": 0.118976,
                "22": 0.11827,
                "23": 0.118395,
                "24": 0.11843,
                "25": 0.118105,
                "26": 0.118922,
                "27": 0.118642,
                "28": 0.1179,
                "29": 0.118682,
                "30": 0.11905,
                "31": 0.117695,
                "32": 0.118479,
                "33": 0.118996,
                "34": 0.118113,
                "35": 0.118525,
                "36": 0.118354,
                "37": 0.118124,
                "38": 0.118215,
                "39": 0.117991,
                "40": 0.119517,
                "41": 0.1183,
                "42": 0.118463,
                "43": 0.118866,
                "44": 0.118168,
                "45": 0.118078,
                "46": 0.117872,
                "47": 0.118915,
                "48": 0.117673,
                "49": 2.090386
            },
            "validation_time": 3.511401,
            "epoch_time": 29.91637635231018,
            "validation_accuracy": 0.1001
        },
        "2": {
            "steps": {
                "1": 0.118547,
                "2": 0.118544,
                "3": 0.122828,
                "4": 0.119035,
                "5": 0.117944,
                "6": 0.118687,
                "7": 0.118374,
                "8": 0.118481,
                "9": 0.117965,
                "10": 0.120261,
                "11": 0.118192,
                "12": 0.118328,
                "13": 0.117763,
                "14": 0.118987,
                "15": 0.118411,
                "16": 0.119015,
                "17": 0.118276,
                "18": 0.119096,
                "19": 0.11882,
                "20": 0.118619,
                "21": 0.118535,
                "22": 0.118475,
                "23": 0.121164,
                "24": 0.122227,
                "25": 0.11839,
                "26": 0.118503,
                "27": 0.117743,
                "28": 0.117616,
                "29": 0.118154,
                "30": 0.119647,
                "31": 0.118184,
                "32": 0.11903,
                "33": 0.119146,
                "34": 0.118579,
                "35": 0.118031,
                "36": 0.117628,
                "37": 0.118542,
                "38": 0.119654,
                "39": 0.117512,
                "40": 0.121023,
                "41": 0.118345,
                "42": 0.118714,
                "43": 0.117817,
                "44": 0.117419,
                "45": 0.117904,
                "46": 0.118315,
                "47": 0.119377,
                "48": 0.117886,
                "49": 0.121012
            },
            "validation_time": 0.437185,
            "epoch_time": 6.262321710586548,
            "validation_accuracy": 0.0
        },
        "3": {
            "steps": {
                "1": 0.117971,
                "2": 0.117967,
                "3": 0.117851,
                "4": 0.117865,
                "5": 0.120261,
                "6": 0.118301,
                "7": 0.118274,
                "8": 0.118227,
                "9": 0.118831,
                "10": 0.118532,
                "11": 0.11889,
                "12": 0.121809,
                "13": 0.118227,
                "14": 0.118239,
                "15": 0.11812,
                "16": 0.118324,
                "17": 0.117935,
                "18": 0.118764,
                "19": 0.12035,
                "20": 0.119358,
                "21": 0.119031,
                "22": 0.118279,
                "23": 0.118283,
                "24": 0.12048,
                "25": 0.118266,
                "26": 0.118113,
                "27": 0.11868,
                "28": 0.118605,
                "29": 0.118148,
                "30": 0.119165,
                "31": 0.118227,
                "32": 0.118218,
                "33": 0.117641,
                "34": 0.118451,
                "35": 0.117907,
                "36": 0.117583,
                "37": 0.118016,
                "38": 0.117398,
                "39": 0.117467,
                "40": 0.118264,
                "41": 0.118347,
                "42": 0.119141,
                "43": 0.122613,
                "44": 0.118044,
                "45": 0.119724,
                "46": 0.119082,
                "47": 0.119218,
                "48": 0.117894,
                "49": 0.121202
            },
            "validation_time": 0.456769,
            "epoch_time": 6.2767722606658936,
            "validation_accuracy": 0.0
        },
        "4": {
            "steps": {
                "1": 0.119092,
                "2": 0.119957,
                "3": 0.118013,
                "4": 0.117267,
                "5": 0.120824,
                "6": 0.11799,
                "7": 0.118464,
                "8": 0.119804,
                "9": 0.118593,
                "10": 0.118842,
                "11": 0.118725,
                "12": 0.118975,
                "13": 0.11812,
                "14": 0.116525,
                "15": 0.118298,
                "16": 0.120545,
                "17": 0.118245,
                "18": 0.119362,
                "19": 0.118862,
                "20": 0.118759,
                "21": 0.118918,
                "22": 0.120152,
                "23": 0.118678,
                "24": 0.118828,
                "25": 0.118038,
                "26": 0.118773,
                "27": 0.119225,
                "28": 0.117892,
                "29": 0.118655,
                "30": 0.117798,
                "31": 0.117929,
                "32": 0.118639,
                "33": 0.118405,
                "34": 0.118696,
                "35": 0.118718,
                "36": 0.118793,
                "37": 0.118753,
                "38": 0.118548,
                "39": 0.118485,
                "40": 0.117566,
                "41": 0.118677,
                "42": 0.119568,
                "43": 0.118288,
                "44": 0.116683,
                "45": 0.118948,
                "46": 0.118878,
                "47": 0.1179,
                "48": 0.120184,
                "49": 0.120233
            },
            "validation_time": 0.445815,
            "epoch_time": 6.266391038894653,
            "validation_accuracy": 0.0
        },
        "5": {
            "steps": {
                "1": 0.119005,
                "2": 0.123229,
                "3": 0.119344,
                "4": 0.11748,
                "5": 0.118416,
                "6": 0.120199,
                "7": 0.121696,
                "8": 0.120141,
                "9": 0.119638,
                "10": 0.12095,
                "11": 0.119874,
                "12": 0.120135,
                "13": 0.117876,
                "14": 0.119507,
                "15": 0.127875,
                "16": 0.118972,
                "17": 0.119525,
                "18": 0.120256,
                "19": 0.122943,
                "20": 0.119315,
                "21": 0.119197,
                "22": 0.119317,
                "23": 0.119048,
                "24": 0.116907,
                "25": 0.118911,