{
    "init": -1.0,
    "total_training": 55.50638484954834,
    "largest_real_time_delta": 51.64960336685181,
    "fit_time": 55.50638484954834,
    "write_model_time": -1.0,
    "epochs": {
        "1": {
            "steps": {
                "1": 15.685221,
                "2": 0.117023,
                "3": 0.115864,
                "4": 0.115343,
                "5": 0.115284,
                "6": 0.115535,
                "7": 0.115163,
                "8": 0.11511,
                "9": 0.115375,
                "10": 0.117155,
                "11": 0.114614,
                "12": 0.114758,
                "13": 0.115209,
                "14": 0.115406,
                "15": 0.115079,
                "16": 0.115353,
                "17": 0.117117,
                "18": 0.115756,
                "19": 0.115305,
                "20": 0.115113,
                "21": 0.114533,
                "22": 0.115611,
                "23": 0.11534,
                "24": 0.11469,
                "25": 0.115527,
                "26": 0.116519,
                "27": 0.114964,
                "28": 0.114453,
                "29": 0.11457,
                "30": 0.115202,
                "31": 0.115404,
                "32": 0.115485,
                "33": 0.115525,
                "34": 0.116134,
                "35": 0.115392,
                "36": 0.114617,
                "37": 0.114378,
                "38": 0.114184,
                "39": 0.114414,
                "40": 0.115123,
                "41": 0.114778,
                "42": 0.11681,
                "43": 0.115549,
                "44": 0.115568,
                "45": 0.117158,
                "46": 0.11552,
                "47": 0.114766,
                "48": 0.114073,
                "49": 2.063121
            },
            "validation_time": 3.348767,
            "epoch_time": 27.36793828010559,
            "validation_accuracy": 0.0
        },
        "2": {
            "steps": {
                "1": 0.11465,
                "2": 0.114836,
                "3": 0.114555,
                "4": 0.115087,
                "5": 0.115468,
                "6": 0.11524,
                "7": 0.115157,
                "8": 0.115068,
                "9": 0.115482,
                "10": 0.11901,
                "11": 0.115694,
                "12": 0.115644,
                "13": 0.114239,
                "14": 0.115312,
                "15": 0.114856,
                "16": 0.115161,
                "17": 0.115098,
                "18": 0.115073,
                "19": 0.115132,
                "20": 0.114466,
                "21": 0.11466,
                "22": 0.115741,
                "23": 0.114826,
                "24": 0.114036,
                "25": 0.116986,
                "26": 0.115543,
                "27": 0.115382,
                "28": 0.114393,
                "29": 0.116155,
                "30": 0.116145,
                "31": 0.114482,
                "32": 0.113361,
                "33": 0.116536,
                "34": 0.116436,
                "35": 0.114881,
                "36": 0.11346,
                "37": 0.115092,
                "38": 0.11466,
                "39": 0.114698,
                "40": 0.115457,
                "41": 0.115116,
                "42": 0.114938,
                "43": 0.114675,
                "44": 0.117391,
                "45": 0.115546,
                "46": 0.115793,
                "47": 0.114959,
                "48": 0.116374,
                "49": 0.119374
            },
            "validation_time": 0.405347,
            "epoch_time": 6.0619611740112305,
            "validation_accuracy": 0.00061859
        },
        "3": {
            "steps": {
                "1": 0.114645,
                "2": 0.114759,
                "3": 0.11626,
                "4": 0.114707,
                "5": 0.114922,
                "6": 0.114985,
                "7": 0.11535,
                "8": 0.114949,
                "9": 0.115253,
                "10": 0.11519,
                "11": 0.114969,
                "12": 0.114422,
                "13": 0.115086,
                "14": 0.114902,
                "15": 0.115153,
                "16": 0.11527,
                "17": 0.114722,
                "18": 0.11654,
                "19": 0.11524,
                "20": 0.115189,
                "21": 0.115211,
                "22": 0.115124,
                "23": 0.117509,
                "24": 0.114898,
                "25": 0.114768,
                "26": 0.117437,
                "27": 0.114505,
                "28": 0.117625,
                "29": 0.114785,
                "30": 0.11498,
                "31": 0.1151,
                "32": 0.11492,
                "33": 0.115245,
                "34": 0.115366,
                "35": 0.114983,
                "36": 0.115659,
                "37": 0.115129,
                "38": 0.115874,
                "39": 0.114904,
                "40": 0.114398,
                "41": 0.114111,
                "42": 0.115324,
                "43": 0.115084,
                "44": 0.114619,
                "45": 0.114977,
                "46": 0.11512,
                "47": 0.115946,
                "48": 0.114616,
                "49": 0.116601
            },
            "validation_time": 0.405087,
            "epoch_time": 6.056625843048096,
            "validation_accuracy": 0.0945
        },
        "4": {
            "steps": {
                "1": 0.115437,
                "2": 0.115324,
                "3": 0.116937,
                "4": 0.115596,
                "5": 0.114931,
                "6": 0.115383,
                "7": 0.115172,
                "8": 0.114662,
                "9": 0.114912,
                "10": 0.114817,
                "11": 0.115052,
                "12": 0.114851,
                "13": 0.116975,
                "14": 0.115576,
                "15": 0.114674,
                "16": 0.115164,
                "17": 0.115145,
                "18": 0.115149,
                "19": 0.115757,
                "20": 0.114596,
                "21": 0.116948,
                "22": 0.116013,
                "23": 0.11436,
                "24": 0.117344,
                "25": 0.115314,
                "26": 0.115032,
                "27": 0.114985,
                "28": 0.114885,
                "29": 0.114995,
                "30": 0.114818,
                "31": 0.115331,
                "32": 0.114633,
                "33": 0.114835,
                "34": 0.115629,
                "35": 0.114051,
                "36": 0.114657,
                "37": 0.114726,
                "38": 0.115155,
                "39": 0.114937,
                "40": 0.115322,
                "41": 0.115628,
                "42": 0.115541,
                "43": 0.116521,
                "44": 0.115715,
                "45": 0.115928,
                "46": 0.116848,
                "47": 0.116029,
                "48": 0.114293,
                "49": 0.114917
            },
            "validation_time": 0.418538,
            "epoch_time": 6.07425594329834,
            "validation_accuracy": 0.1001
        },
        "5": {
            "steps": {
                "1": 0.115313,
                "2": 0.115442,
                "3": 0.115307,
                "4": 0.115324,
                "5": 0.117283,
                "6": 0.117526,
                "7": 0.11486,
                "8": 0.116771,
                "9": 0.115332,
                "10": 0.114649,
                "11": 0.114264,
                "12": 0.115256,
                "13": 0.116903,
                "14": 0.11499,
                "15": 0.114652,
                "16": 0.114833,
                "17": 0.114762,
                "18": 0.115134,
                "19": 0.115219,
                "20": 0.115301,
                "21": 0.115393,
                "22": 0.115322,
                "23": 0.114933,
                "24": 0.115551,
                "25": 0.115472,