{
    "init": -1.0,
    "total_training": 80.58924388885498,
    "largest_real_time_delta": 76.68040680885315,
    "fit_time": 80.58924388885498,
    "write_model_time": -1.0,
    "epochs": {
        "1": {
            "steps": {
                "1": 57.565132,
                "2": 0.085934,
                "3": 0.081382,
                "4": 0.083361,
                "5": 0.080353,
                "6": 0.08171,
                "7": 0.079722,
                "8": 0.081611,
                "9": 0.081199,
                "10": 0.082015,
                "11": 0.081274,
                "12": 0.081213,
                "13": 0.082195,
                "14": 0.08109,
                "15": 0.080376,
                "16": 0.078861,
                "17": 0.080458,
                "18": 0.083206,
                "19": 0.082465,
                "20": 0.082283,
                "21": 0.083578,
                "22": 0.080742,
                "23": 0.081645,
                "24": 0.083803,
                "25": 1.318365
            },
            "validation_time": 5.696277,
            "epoch_time": 67.3774824142456,
            "validation_accuracy": 0.0
        },
        "2": {
            "steps": {
                "1": 0.0816,
                "2": 0.08049,
                "3": 0.08392,
                "4": 0.080761,
                "5": 0.080095,
                "6": 0.082064,
                "7": 0.083941,
                "8": 0.082087,
                "9": 0.080061,
                "10": 0.080231,
                "11": 0.081554,
                "12": 0.08047,
                "13": 0.081203,
                "14": 0.083731,
                "15": 0.085782,
                "16": 0.081039,
                "17": 0.080133,
                "18": 0.081546,
                "19": 0.080228,
                "20": 0.079068,
                "21": 0.080724,
                "22": 0.080484,
                "23": 0.079357,
                "24": 0.079581,
                "25": 0.139616
            },
            "validation_time": 0.232072,
            "epoch_time": 2.3274998664855957,
            "validation_accuracy": 0.0
        },
        "3": {
            "steps": {
                "1": 0.084207,
                "2": 0.082767,
                "3": 0.084836,
                "4": 0.08028,
                "5": 0.082951,
                "6": 0.080923,
                "7": 0.079504,
                "8": 0.081095,
                "9": 0.083765,
                "10": 0.079763,
                "11": 0.079857,
                "12": 0.080391,
                "13": 0.080441,
                "14": 0.084227,
                "15": 0.080611,
                "16": 0.085805,
                "17": 0.080358,
                "18": 0.080892,
                "19": 0.080526,
                "20": 0.08013,
                "21": 0.0821,
                "22": 0.079676,
                "23": 0.084079,
                "24": 0.081719,
                "25": 0.1388
            },
            "validation_time": 0.228794,
            "epoch_time": 2.335066556930542,
            "validation_accuracy": 0.0
        },
        "4": {
            "steps": {
                "1": 0.085093,
                "2": 0.083709,
                "3": 0.085794,
                "4": 0.079742,
                "5": 0.079917,
                "6": 0.079003,
                "7": 0.082857,
                "8": 0.080587,
                "9": 0.078662,
                "10": 0.084923,
                "11": 0.081599,
                "12": 0.080259,
                "13": 0.082269,
                "14": 0.081048,
                "15": 0.079795,
                "16": 0.079367,
                "17": 0.078675,
                "18": 0.078186,
                "19": 0.080445,
                "20": 0.080206,
                "21": 0.081282,
                "22": 0.078643,
                "23": 0.080728,
                "24": 0.077518,
                "25": 0.139266
            },
            "validation_time": 0.226459,
            "epoch_time": 2.3124070167541504,
            "validation_accuracy": 0.0
        },
        "5": {
            "steps": {
                "1": 0.081782,
                "2": 0.080879,
                "3": 0.08238,
                "4": 0.086028,
                "5": 0.087455,
                "6": 0.081578,
                "7": 0.080455,
                "8": 0.079529,
                "9": 0.080317,
                "10": 0.082327,
                "11": 0.081095,
                "12": 0.083148,
                "13": 0.08131,
                "14": 0.081426,
                "15": 0.080236,
                "16": 0.079928,
                "17": 0.080008,
                "18": 0.08251,
                "19": 0.085197,
                "20": 0.080685,
                "21": 0.079458,
                "22": 0.084787,
                "23": 0.079478,
                "24": 0.078635,
                "25": 0.138801
            },
            "validation_time": 0.218634,
            "epoch_time": 2.3269882202148438,
            "validation_accuracy": 0.1001
        }
    },
    "computing_system": "p3-4",
    "batch_size": "2048"
}
