{
    "init": -1.0,
    "total_training": 90.53236865997314,
    "largest_real_time_delta": 85.92132639884949,
    "fit_time": 90.53236865997314,
    "write_model_time": -1.0,
    "epochs": {
        "1": {
            "steps": {
                "1": 63.976638,
                "2": 0.091622,
                "3": 0.088548,
                "4": 0.089018,
                "5": 0.089298,
                "6": 0.093182,
                "7": 0.087603,
                "8": 0.08785,
                "9": 0.08909,
                "10": 0.089176,
                "11": 0.088256,
                "12": 0.088803,
                "13": 0.087059,
                "14": 0.089482,
                "15": 0.088189,
                "16": 0.087702,
                "17": 0.091172,
                "18": 0.0868,
                "19": 0.088342,
                "20": 0.087545,
                "21": 0.08897,
                "22": 0.087531,
                "23": 0.08763,
                "24": 0.085033,
                "25": 1.338206
            },
            "validation_time": 6.977471,
            "epoch_time": 75.37164092063904,
            "validation_accuracy": 0.0
        },
        "2": {
            "steps": {
                "1": 0.091956,
                "2": 0.090106,
                "3": 0.088336,
                "4": 0.087992,
                "5": 0.088638,
                "6": 0.093526,
                "7": 0.087687,
                "8": 0.091572,
                "9": 0.089823,
                "10": 0.087645,
                "11": 0.091109,
                "12": 0.087312,
                "13": 0.090513,
                "14": 0.087407,
                "15": 0.087924,
                "16": 0.088026,
                "17": 0.09639,
                "18": 0.087949,
                "19": 0.092566,
                "20": 0.087999,
                "21": 0.087796,
                "22": 0.088193,
                "23": 0.08791,
                "24": 0.087263,
                "25": 0.158247
            },
            "validation_time": 0.325599,
            "epoch_time": 2.635589122772217,
            "validation_accuracy": 0.0
        },
        "3": {
            "steps": {
                "1": 0.093517,
                "2": 0.08956,
                "3": 0.086596,
                "4": 0.08829,
                "5": 0.094095,
                "6": 0.089344,
                "7": 0.092256,
                "8": 0.088499,
                "9": 0.089282,
                "10": 0.087953,
                "11": 0.088064,
                "12": 0.087816,
                "13": 0.089067,
                "14": 0.088439,
                "15": 0.093793,
                "16": 0.086122,
                "17": 0.089643,
                "18": 0.089326,
                "19": 0.086707,
                "20": 0.089383,
                "21": 0.087183,
                "22": 0.095001,
                "23": 0.090263,
                "24": 0.088229,
                "25": 0.153641
            },
            "validation_time": 0.319866,
            "epoch_time": 2.6289544105529785,
            "validation_accuracy": 0.0
        },
        "4": {
            "steps": {
                "1": 0.094467,
                "2": 0.091067,
                "3": 0.087535,
                "4": 0.0922,
                "5": 0.089317,
                "6": 0.088712,
                "7": 0.090523,
                "8": 0.088135,
                "9": 0.088884,
                "10": 0.088803,
                "11": 0.087386,
                "12": 0.094278,
                "13": 0.088432,
                "14": 0.08753,
                "15": 0.087844,
                "16": 0.089043,
                "17": 0.088805,
                "18": 0.087662,
                "19": 0.088226,
                "20": 0.088302,
                "21": 0.088697,
                "22": 0.088935,
                "23": 0.092471,
                "24": 0.084362,
                "25": 0.152454
            },
            "validation_time": 0.336151,
            "epoch_time": 2.637544870376587,
            "validation_accuracy": 0.0
        },
        "5": {
            "steps": {
                "1": 0.096365,
                "2": 0.08844,
                "3": 0.086355,
                "4": 0.093564,
                "5": 0.088311,
                "6": 0.090087,
                "7": 0.089367,
                "8": 0.08873,
                "9": 0.088366,
                "10": 0.088898,
                "11": 0.089799,
                "12": 0.089331,
                "13": 0.095817,
                "14": 0.086849,
                "15": 0.087937,
                "16": 0.086742,
                "17": 0.090795,
                "18": 0.089205,
                "19": 0.091379,
                "20": 0.090907,
                "21": 0.088469,
                "22": 0.088814,
                "23": 0.090228,
                "24": 0.084743,
                "25": 0.155377
            },
            "validation_time": 0.335463,
            "epoch_time": 2.6464669704437256,
            "validation_accuracy": 0.0966
        }
    },
    "computing_system": "p3-4",
    "batch_size": "2048"
}
