{
    "init": -1.0,
    "total_training": 84.52098369598389,
    "largest_real_time_delta": 80.48598766326904,
    "fit_time": 84.52098369598389,
    "write_model_time": -1.0,
    "epochs": {
        "1": {
            "steps": {
                "1": 60.088331,
                "2": 0.09,
                "3": 0.081195,
                "4": 0.083628,
                "5": 0.081756,
                "6": 0.081489,
                "7": 0.082125,
                "8": 0.08095,
                "9": 0.081316,
                "10": 0.082098,
                "11": 0.08068,
                "12": 0.083094,
                "13": 0.086592,
                "14": 0.087337,
                "15": 0.082692,
                "16": 0.07954,
                "17": 0.081069,
                "18": 0.083699,
                "19": 0.081715,
                "20": 0.080843,
                "21": 0.081083,
                "22": 0.080597,
                "23": 0.081051,
                "24": 0.079068,
                "25": 1.31443
            },
            "validation_time": 6.851256,
            "epoch_time": 71.09221386909485,
            "validation_accuracy": 0.0
        },
        "2": {
            "steps": {
                "1": 0.083803,
                "2": 0.082641,
                "3": 0.080957,
                "4": 0.08618,
                "5": 0.085223,
                "6": 0.08319,
                "7": 0.0815,
                "8": 0.081677,
                "9": 0.081464,
                "10": 0.082401,
                "11": 0.082523,
                "12": 0.083161,
                "13": 0.081873,
                "14": 0.080506,
                "15": 0.079552,
                "16": 0.085315,
                "17": 0.084199,
                "18": 0.085815,
                "19": 0.081221,
                "20": 0.080629,
                "21": 0.081006,
                "22": 0.081705,
                "23": 0.08345,
                "24": 0.07856,
                "25": 0.15019
            },
            "validation_time": 0.226388,
            "epoch_time": 2.3609883785247803,
            "validation_accuracy": 0.0
        },
        "3": {
            "steps": {
                "1": 0.085775,
                "2": 0.083121,
                "3": 0.081542,
                "4": 0.082741,
                "5": 0.08082,
                "6": 0.082017,
                "7": 0.080642,
                "8": 0.080569,
                "9": 0.082359,
                "10": 0.083621,
                "11": 0.083324,
                "12": 0.081171,
                "13": 0.082827,
                "14": 0.08348,
                "15": 0.086076,
                "16": 0.078983,
                "17": 0.081385,
                "18": 0.080957,
                "19": 0.08188,
                "20": 0.081466,
                "21": 0.081308,
                "22": 0.082807,
                "23": 0.081272,
                "24": 0.078696,
                "25": 0.142783
            },
            "validation_time": 0.230783,
            "epoch_time": 2.348881959915161,
            "validation_accuracy": 0.1001
        },
        "4": {
            "steps": {
                "1": 0.086052,
                "2": 0.080753,
                "3": 0.079873,
                "4": 0.080817,
                "5": 0.082436,
                "6": 0.080946,
                "7": 0.081171,
                "8": 0.085201,
                "9": 0.081363,
                "10": 0.079051,
                "11": 0.083166,
                "12": 0.084447,
                "13": 0.081138,
                "14": 0.083188,
                "15": 0.081182,
                "16": 0.078995,
                "17": 0.081959,
                "18": 0.081217,
                "19": 0.086082,
                "20": 0.081342,
                "21": 0.080748,
                "22": 0.082118,
                "23": 0.080323,
                "24": 0.080566,
                "25": 0.140896
            },
            "validation_time": 0.228761,
            "epoch_time": 2.3402719497680664,
            "validation_accuracy": 0.1001
        },
        "5": {
            "steps": {
                "1": 0.084966,
                "2": 0.08102,
                "3": 0.083424,
                "4": 0.080087,
                "5": 0.080606,
                "6": 0.080119,
                "7": 0.081551,
                "8": 0.080832,
                "9": 0.082761,
                "10": 0.084128,
                "11": 0.086681,
                "12": 0.080353,
                "13": 0.08235,
                "14": 0.081868,
                "15": 0.080834,
                "16": 0.080522,
                "17": 0.081241,
                "18": 0.082403,
                "19": 0.081323,
                "20": 0.082246,
                "21": 0.08335,
                "22": 0.080942,
                "23": 0.080841,
                "24": 0.081348,
                "25": 0.139699
            },
            "validation_time": 0.231422,
            "epoch_time": 2.3426618576049805,
            "validation_accuracy": 0.1001
        }
    },
    "computing_system": "p3-4",
    "batch_size": "2048"
}
