{
    "init": 0.23743700981140137,
    "total_training": 97.4947929382,
    "largest_real_time_delta": 96.79999995231628,
    "epochs": {
        "1": {
            "steps": {
                "1": 13.5524098873,
                "2": 0.765430927277,
                "3": 0.77063703537,
                "4": 0.772591114044,
                "5": 0.772207975388,
                "6": 0.777683973312,
                "7": 0.771787881851,
                "8": 0.776487827301,
                "9": 0.774740934372,
                "10": 0.778805971146,
                "11": 0.771374940872,
                "12": 0.772613048553,
                "13": 0.776747941971,
                "14": 0.785830974579,
                "15": 0.77979183197,
                "16": 0.780122041702,
                "17": 0.779428005219,
                "18": 0.782803058624,
                "19": 0.767107009888,
                "20": 7.20094108582
            },
            "validation_time": 0.1719539165,
            "epoch_time": 34.928691864
        },
        "2": {
            "steps": {
                "1": 0.781003952026,
                "2": 0.7837870121,
                "3": 0.788337945938,
                "4": 0.783977031708,
                "5": 0.789188146591,
                "6": 0.782308101654,
                "7": 0.788331985474,
                "8": 0.785437107086,
                "9": 0.784387111664,
                "10": 0.787533044815,
                "11": 0.787282943726,
                "12": 0.786281108856,
                "13": 0.788176059723,
                "14": 0.78538107872,
                "15": 0.78445482254,
                "16": 0.787570953369,
                "17": 0.784635066986,
                "18": 0.787935018539,
                "19": 0.779939889908,
                "20": 0.373590946198
            },
            "validation_time": 0.023823976516,
            "epoch_time": 15.3711249828
        },
        "3": {
            "steps": {
                "1": 0.784818887711,
                "2": 0.790400981903,
                "3": 0.790760993958,
                "4": 0.793571949005,
                "5": 0.784756183624,
                "6": 0.78679394722,
                "7": 0.786566019058,
                "8": 0.783505916595,
                "9": 0.789885997772,
                "10": 0.795635938644,
                "11": 0.78989815712,
                "12": 0.787477970123,
                "13": 0.788686037064,
                "14": 0.791702032089,
                "15": 0.787429094315,
                "16": 0.787164926529,
                "17": 0.793882131577,
                "18": 0.797111988068,
                "19": 0.782604932785,
                "20": 0.373664855957
            },
            "validation_time": 0.0239341259,
            "epoch_time": 15.4382271767
        },
        "4": {
            "steps": {
                "1": 0.790855884552,
                "2": 0.79349899292,
                "3": 0.791033983231,
                "4": 0.795219182968,
                "5": 0.788146972656,
                "6": 0.790362119675,
                "7": 0.789902925491,
                "8": 0.793872833252,
                "9": 0.798843860626,
                "10": 0.790960788727,
                "11": 0.793790102005,
                "12": 0.798827171326,
                "13": 0.794372081757,
                "14": 0.794164896011,
                "15": 0.79300403595,
                "16": 0.79902100563,
                "17": 0.786848068237,
                "18": 0.793861865997,
                "19": 0.782127857208,
                "20": 0.373810052872
            },
            "validation_time": 0.023864984512,
            "epoch_time": 15.504803896
        },
        "5": {
            "steps": {
                "1": 0.794198989868,
                "2": 0.790904998779,
                "3": 0.801218986511,
                "4": 0.793546915054,
                "5": 0.798799037933,
                "6": 0.797048091888,
                "7": 0.795805931091,
                "8": 0.792062044144,
                "9": 0.794993162155,
                "10": 0.792495012283,
                "11": 0.791553020477,
                "12": 0.796733856201,
                "13": 0.797425985336,
                "14": 0.796639919281,
                "15": 0.791738986969,
                "16": 0.7957239151,
                "17": 0.799518823624,
                "18": 0.79686498642,
                "19": 0.785790920258,
                "20": 0.377681016922
            },
            "validation_time": 0.02505302429,
            "epoch_time": 15.5534920692
        }
    }
}
