{
    "init": -1.0,
    "total_training": 18.858457326889038,
    "largest_real_time_delta": 15.65201711654663,
    "fit_time": -1.0,
    "write_model_time": -1.0,
    "epochs": {
        "1": {
            "steps": {
                "1": 3.1372,
                "2": 0.039143,
                "3": 0.039167,
                "4": 0.039826,
                "5": 0.03923,
                "6": 0.039924,
                "7": 0.039724,
                "8": 0.039861,
                "9": 0.03997,
                "10": 0.039585,
                "11": 0.039708,
                "12": 0.039464,
                "13": 0.039119,
                "14": 0.038535,
                "15": 0.037837,
                "16": 0.038271,
                "17": 0.039027,
                "18": 0.039631,
                "19": 0.039109,
                "20": 0.03914,
                "21": 0.039631,
                "22": 0.039233,
                "23": 0.039898,
                "24": 0.040081,
                "25": 0.040016,
                "26": 0.039492,
                "27": 0.03918,
                "28": 0.038801,
                "29": 0.037987,
                "30": 0.038134,
                "31": 0.038499,
                "32": 0.039557,
                "33": 0.039236,
                "34": 0.039632,
                "35": 0.039333,
                "36": 0.039739,
                "37": 0.04008,
                "38": 0.039493,
                "39": 0.039917,
                "40": 0.039228,
                "41": 0.039164,
                "42": 0.039395,
                "43": 0.038662,
                "44": 0.038341,
                "45": 0.03783,
                "46": 0.039095,
                "47": 0.039443,
                "48": 0.039848,
                "49": 0.039434,
                "50": 0.038936,
                "51": 0.040172,
                "52": 0.039903,
                "53": 0.039839,
                "54": 0.039298,
                "55": 0.039732,
                "56": 0.039069,
                "57": 0.03981,
                "58": 0.038353,
                "59": 0.245579
            },
            "validation_accuracy": 0.9408,
            "validation_time": 0.256002,
            "epoch_time": 5.882164001464844
        },
        "2": {
            "steps": {
                "1": 0.040661,
                "2": 0.03914,
                "3": 0.038514,
                "4": 0.03919,
                "5": 0.040391,
                "6": 0.039599,
                "7": 0.039813,
                "8": 0.039,
                "9": 0.039479,
                "10": 0.039014,
                "11": 0.039531,
                "12": 0.039428,
                "13": 0.039544,
                "14": 0.039299,
                "15": 0.039413,
                "16": 0.038046,
                "17": 0.038387,
                "18": 0.038791,
                "19": 0.040388,
                "20": 0.040267,
                "21": 0.039816,
                "22": 0.039823,
                "23": 0.039554,
                "24": 0.039336,
                "25": 0.038905,
                "26": 0.04022,
                "27": 0.039162,
                "28": 0.039752,
                "29": 0.039737,
                "30": 0.039546,
                "31": 0.039667,
                "32": 0.039184,
                "33": 0.039738,
                "34": 0.038639,
                "35": 0.0385,
                "36": 0.037562,
                "37": 0.0389,
                "38": 0.039339,
                "39": 0.039737,
                "40": 0.039842,
                "41": 0.039294,
                "42": 0.039634,
                "43": 0.039541,
                "44": 0.040115,
                "45": 0.039859,
                "46": 0.040489,
                "47": 0.039461,
                "48": 0.03946,
                "49": 0.039161,
                "50": 0.039384,
                "51": 0.038489,
                "52": 0.038415,
                "53": 0.037712,
                "54": 0.039149,
                "55": 0.039696,
                "56": 0.040748,
                "57": 0.0402,
                "58": 0.040308,
                "59": 0.025994
            },
            "validation_accuracy": 0.9551,
            "validation_time": 0.119365,
            "epoch_time": 2.4338903427124023
        },
        "3": {
            "steps": {
                "1": 0.037772,
                "2": 0.038766,
                "3": 0.040132,
                "4": 0.03954,
                "5": 0.040413,
                "6": 0.039021,
                "7": 0.040219,
                "8": 0.039371,
                "9": 0.039951,
                "10": 0.039124,
                "11": 0.040677,
                "12": 0.039942,
                "13": 0.040419,
                "14": 0.040033,
                "15": 0.039412,
                "16": 0.039272,
                "17": 0.04013,
                "18": 0.039284,
                "19": 0.040288,
                "20": 0.038673,
                "21": 0.039042,
                "22": 0.037625,
                "23": 0.038348,
                "24": 0.039332,
                "25": 0.040087,
                "26": 0.03983,
                "27": 0.039668,
                "28": 0.040191,
                "29": 0.040105,
                "30": 0.039126,
                "31": 0.0399,
                "32": 0.039777,
                "33": 0.040186,
                "34": 0.03951,
                "35": 0.039637,
                "36": 0.040411,
                "37": 0.039602,
                "38": 0.039979,
                "39": 0.039595,
                "40": 0.040081,
                "41": 0.038389,
                "42": 0.03857,
                "43": 0.037933,
                "44": 0.0395,
                "45": 0.039772,
                "46": 0.040293,
                "47": 0.039556,
                "48": 0.040388,
                "49": 0.039021,
                "50": 0.040611,
                "51": 0.039898,
                "52": 0.040063,
                "53": 0.039004,
                "54": 0.040706,
                "55": 0.039117,
                "56": 0.039652,
                "57": 0.039399,
                "58": 0.039764,
                "59": 0.02686
            },
            "validation_accuracy": 0.9759,
            "validation_time": 0.121184,
            "epoch_time": 2.4462080001831055
        },
        "4": {
            "steps": {
                "1": 0.038013,
                "2": 0.038725,
                "3": 0.040794,
                "4": 0.039799,
                "5": 0.039785,
                "6": 0.039786,
                "7": 0.040602,
                "8": 0.039535,
                "9": 0.039635,
                "10": 0.039174,
                "11": 0.041164,
                "12": 0.039602,
                "13": 0.03969,
                "14": 0.038921,
                "15": 0.038661,
                "16": 0.03793,
                "17": 0.03919,
                "18": 0.039421,
                "19": 0.040257,
                "20": 0.039606,
                "21": 0.040357,
                "22": 0.039824,
                "23": 0.03988,
                "24": 0.039247,
                "25": 0.039897,
                "26": 0.039655,
                "27": 0.040411,
                "28": 0.039608,
                "29": 0.040024,
                "30": 0.039576,
                "31": 0.039569,
                "32": 0.039088,
                "33": 0.039649,
                "34": 0.03882,
                "35": 0.038536,
                "36": 0.037843,
                "37": 0.039291,
                "38": 0.040597,
                "39": 0.040906,
                "40": 0.039778,
                "41": 0.04005,
                "42": 0.03967,
                "43": 0.039441,
                "44": 0.039634,
                "45": 0.040072,
                "46": 0.039615,
                "47": 0.040052,
                "48": 0.039479,
                "49": 0.039889,
                "50": 0.039591,