{
    "init": 3.6678009033203125,
    "total_training": 22.9612510204,
    "largest_real_time_delta": 18.34999990463257,
    "epochs": {
        "1": {
            "steps": {
                "1": 8.38940811157,
                "2": 0.0962700843811,
                "3": 0.0957429409027,
                "4": 0.0968899726868,
                "5": 0.096195936203,
                "6": 0.097305059433,
                "7": 0.0972151756287,
                "8": 0.0969169139862,
                "9": 0.0977699756622,
                "10": 0.0978920459747,
                "11": 0.0977289676666,
                "12": 0.0973200798035,
                "13": 0.097531080246,
                "14": 0.096853017807,
                "15": 0.0974969863892,
                "16": 0.0964210033417,
                "17": 0.0977020263672,
                "18": 0.0968480110168,
                "19": 0.092679977417,
                "20": 0.442375898361
            },
            "validation_time": 0.153693914413,
            "epoch_time": 10.7538101673
        },
        "2": {
            "steps": {
                "1": 0.0998408794403,
                "2": 0.0995900630951,
                "3": 0.100342035294,
                "4": 0.0996191501617,
                "5": 0.0994818210602,
                "6": 0.0997059345245,
                "7": 0.10017991066,
                "8": 0.0995659828186,
                "9": 0.100119113922,
                "10": 0.0993411540985,
                "11": 0.0998511314392,
                "12": 0.10088801384,
                "13": 0.0995481014252,
                "14": 0.0998048782349,
                "15": 0.100276947021,
                "16": 0.0993740558624,
                "17": 0.0994310379028,
                "18": 0.0982961654663,
                "19": 0.0931169986725,
                "20": 0.0377640724182
            },
            "validation_time": 0.00728797912598,
            "epoch_time": 1.96129989624
        },
        "3": {
            "steps": {
                "1": 0.0987219810486,
                "2": 0.099189043045,
                "3": 0.0983049869537,
                "4": 0.0961639881134,
                "5": 0.0956699848175,
                "6": 0.0961720943451,
                "7": 0.0963730812073,
                "8": 0.0958399772644,
                "9": 0.0952899456024,
                "10": 0.0955300331116,
                "11": 0.0959889888763,
                "12": 0.0960969924927,
                "13": 0.0959429740906,
                "14": 0.0954871177673,
                "15": 0.0930359363556,
                "16": 0.0949809551239,
                "17": 0.095146894455,
                "18": 0.0933570861816,
                "19": 0.0901341438293,
                "20": 0.037397146225
            },
            "validation_time": 0.00691509246826,
            "epoch_time": 1.88887786865
        },
        "4": {
            "steps": {
                "1": 0.0954248905182,
                "2": 0.0942709445953,
                "3": 0.0955340862274,
                "4": 0.0949490070343,
                "5": 0.09552693367,
                "6": 0.0955657958984,
                "7": 0.0947790145874,
                "8": 0.0953178405762,
                "9": 0.0953810214996,
                "10": 0.0934829711914,
                "11": 0.0953061580658,
                "12": 0.0948321819305,
                "13": 0.095635175705,
                "14": 0.0952501296997,
                "15": 0.095006942749,
                "16": 0.095183134079,
                "17": 0.0952641963959,
                "18": 0.094810962677,
                "19": 0.0908999443054,
                "20": 0.0372619628906
            },
            "validation_time": 0.00769710540771,
            "epoch_time": 1.87329602242
        },
        "5": {
            "steps": {
                "1": 0.0950469970703,
                "2": 0.0946969985962,
                "3": 0.095055103302,
                "4": 0.0946300029755,
                "5": 0.0954620838165,
                "6": 0.0943508148193,
                "7": 0.0953340530396,
                "8": 0.0947511196136,
                "9": 0.0950381755829,
                "10": 0.0946929454803,
                "11": 0.0946178436279,
                "12": 0.0948209762573,
                "13": 0.092521905899,
                "14": 0.0956521034241,
                "15": 0.0952279567719,
                "16": 0.0952119827271,
                "17": 0.0949749946594,
                "18": 0.0948948860168,
                "19": 0.0902891159058,
                "20": 0.0370991230011
            },
            "validation_time": 0.0075249671936,
            "epoch_time": 1.86761307716
        }
    }
}
