{
    "init": -1.0,
    "total_training": 119.27186489105225,
    "largest_real_time_delta": 115.8438184261322,
    "fit_time": 119.27186489105225,
    "write_model_time": -1.0,
    "epochs": {
        "1": {
            "steps": {
                "1": 16.453095,
                "2": 0.172585,
                "3": 0.171399,
                "4": 0.172626,
                "5": 0.172439,
                "6": 0.172867,
                "7": 0.173066,
                "8": 0.173157,
                "9": 0.173668,
                "10": 0.172785,
                "11": 0.173309,
                "12": 0.17276,
                "13": 0.170895,
                "14": 0.172203,
                "15": 0.173102,
                "16": 0.173047,
                "17": 0.171836,
                "18": 0.173521,
                "19": 0.171264,
                "20": 0.173479,
                "21": 0.173282,
                "22": 0.172742,
                "23": 0.171707,
                "24": 0.173323,
                "25": 0.172163,
                "26": 0.173211,
                "27": 0.172215,
                "28": 0.174071,
                "29": 0.172936,
                "30": 0.174136,
                "31": 0.174983,
                "32": 0.17382,
                "33": 0.164698,
                "34": 0.171409,
                "35": 0.174318,
                "36": 0.172224,
                "37": 0.174166,
                "38": 0.173252,
                "39": 0.172963,
                "40": 0.173253,
                "41": 0.172165,
                "42": 0.173154,
                "43": 0.173978,
                "44": 0.174386,
                "45": 0.167818,
                "46": 0.174234,
                "47": 0.173287,
                "48": 0.173098,
                "49": 0.173459,
                "50": 0.173891,
                "51": 0.172897,
                "52": 0.173531,
                "53": 0.173441,
                "54": 0.17382,
                "55": 0.172767,
                "56": 0.176598,
                "57": 0.17394,
                "58": 0.173862,
                "59": 0.174409,
                "60": 0.174745,
                "61": 0.174008,
                "62": 0.173185,
                "63": 0.175366,
                "64": 0.172818,
                "65": 0.173674,
                "66": 0.173962,
                "67": 0.17411,
                "68": 0.173631,
                "69": 0.172178,
                "70": 0.173384,
                "71": 0.173929,
                "72": 0.175188,
                "73": 0.173955,
                "74": 0.175862,
                "75": 0.173628,
                "76": 0.174336,
                "77": 0.173564,
                "78": 0.173698,
                "79": 0.173867,
                "80": 0.174665,
                "81": 0.174998,
                "82": 0.17302,
                "83": 0.174266,
                "84": 0.174899,
                "85": 0.17497,
                "86": 0.173561,
                "87": 0.174852,
                "88": 0.176615,
                "89": 0.174792,
                "90": 0.173478,
                "91": 0.173743,
                "92": 0.173901,
                "93": 0.174248,
                "94": 0.174734,
                "95": 0.174951,
                "96": 0.175775,
                "97": 0.173382,
                "98": 4.055862
            },
            "validation_time": 4.164696,
            "epoch_time": 42.08714318275452
        },
        "2": {
            "steps": {
                "1": 0.174821,
                "2": 0.166852,
                "3": 0.176007,
                "4": 0.174726,
                "5": 0.173887,
                "6": 0.174435,
                "7": 0.174703,
                "8": 0.175161,
                "9": 0.175649,
                "10": 0.174168,
                "11": 0.175099,
                "12": 0.17532,
                "13": 0.178581,
                "14": 0.174807,
                "15": 0.175999,
                "16": 0.175509,
                "17": 0.175986,
                "18": 0.174724,
                "19": 0.175898,
                "20": 0.176393,
                "21": 0.175556,
                "22": 0.175929,
                "23": 0.175357,
                "24": 0.175557,
                "25": 0.176846,
                "26": 0.175249,
                "27": 0.175987,
                "28": 0.176047,
                "29": 0.175344,
                "30": 0.175189,
                "31": 0.174709,
                "32": 0.174611,
                "33": 0.175592,
                "34": 0.174396,
                "35": 0.175186,
                "36": 0.17797,
                "37": 0.173906,
                "38": 0.174733,
                "39": 0.173815,
                "40": 0.175644,
                "41": 0.175211,
                "42": 0.176281,
                "43": 0.174433,
                "44": 0.176363,
                "45": 0.175804,
                "46": 0.175885,
                "47": 0.177058,
                "48": 0.175552,
                "49": 0.175244,
                "50": 0.176874,
                "51": 0.176215,
                "52": 0.175358,
                "53": 0.176689,
                "54": 0.177192,
                "55": 0.175277,
                "56": 0.176324,
                "57": 0.175699,
                "58": 0.176868,
                "59": 0.176171,
                "60": 0.17582,
                "61": 0.177083,
                "62": 0.17702,
                "63": 0.175758,
                "64": 0.17624,
                "65": 0.176063,
                "66": 0.174733,
                "67": 0.177164,
                "68": 0.175463,
                "69": 0.177727,
                "70": 0.176472,
                "71": 0.176002,
                "72": 0.176343,
                "73": 0.178047,
                "74": 0.176938,
                "75": 0.17623,
                "76": 0.176622,
                "77": 0.177303,
                "78": 0.17568,
                "79": 0.176058,
                "80": 0.176925,
                "81": 0.17696,
                "82": 0.176979,
                "83": 0.177554,
                "84": 0.175313,
                "85": 0.17715,
                "86": 0.177431,
                "87": 0.177033,
                "88": 0.175982,
                "89": 0.177599,
                "90": 0.177449,
                "91": 0.17789,
                "92": 0.177516,
                "93": 0.177666,
                "94": 0.177763,
                "95": 0.175556,
                "96": 0.177911,
                "97": 0.176309,
                "98": 0.136787
            },
            "validation_time": 0.876722,
            "epoch_time": 18.083751916885376
        },
        "3": {
            "steps": {
                "1": 0.175438,
                "2": 0.17634,
                "3": 0.176496,
                "4": 0.176522,
                "5": 0.176532,
                "6": 0.178948,
                "7": 0.17649,
                "8": 0.178199,
                "9": 0.176343,
                "10": 0.176862,
                "11": 0.171623,
                "12": 0.180236,
                "13": 0.178524,
                "14": 0.178475,
                "15": 0.175586,
                "16": 0.177263,
                "17": 0.177111,
                "18": 0.176809,
                "19": 0.177941,
                "20": 0.177526,
                "21": 0.178314,
                "22": 0.177965,
                "23": 0.17795,
                "24": 0.17812,
                "25": 0.178665,
                "26": 0.177971,
                "27": 0.17808,
                "28": 0.178972,
                "29": 0.179474,
                "30": 0.178653,
                "31": 0.178153,
                "32": 0.177018,
                "33": 0.171977,
                "34": 0.178086,
                "35": 0.17648,
                "36": 0.179417,
                "37": 0.177706,
                "38": 0.178719,
                "39": 0.178503,