{
    "init": -1.0,
    "total_training": 11.855149745941162,
    "largest_real_time_delta": 8.600505590438843,
    "fit_time": -1.0,
    "write_model_time": -1.0,
    "epochs": {
        "1": {
            "steps": {
                "1": 2.700084,
                "2": 0.009532,
                "3": 0.009589,
                "4": 0.00924,
                "5": 0.009427,
                "6": 0.009131,
                "7": 0.009458,
                "8": 0.008836,
                "9": 0.009295,
                "10": 0.008924,
                "11": 0.009415,
                "12": 0.008967,
                "13": 0.009289,
                "14": 0.008994,
                "15": 0.009267,
                "16": 0.008868,
                "17": 0.009245,
                "18": 0.00907,
                "19": 0.00952,
                "20": 0.009061,
                "21": 0.009243,
                "22": 0.009156,
                "23": 0.009229,
                "24": 0.009037,
                "25": 0.009302,
                "26": 0.0091,
                "27": 0.00946,
                "28": 0.009009,
                "29": 0.009224,
                "30": 0.009115,
                "31": 0.009349,
                "32": 0.008954,
                "33": 0.009125,
                "34": 0.008961,
                "35": 0.009354,
                "36": 0.009162,
                "37": 0.009346,
                "38": 0.009055,
                "39": 0.009525,
                "40": 0.008973,
                "41": 0.009193,
                "42": 0.009266,
                "43": 0.009305,
                "44": 0.008875,
                "45": 0.009114,
                "46": 0.008939,
                "47": 0.00903,
                "48": 0.009004,
                "49": 0.009209,
                "50": 0.00906,
                "51": 0.009127,
                "52": 0.009048,
                "53": 0.009287,
                "54": 0.009118,
                "55": 0.009244,
                "56": 0.009058,
                "57": 0.009187,
                "58": 0.008897,
                "59": 0.009323,
                "60": 0.009067,
                "61": 0.009483,
                "62": 0.00902,
                "63": 0.009254,
                "64": 0.009213,
                "65": 0.008988,
                "66": 0.009142,
                "67": 0.009715,
                "68": 0.009236,
                "69": 0.009306,
                "70": 0.009083,
                "71": 0.009488,
                "72": 0.009291,
                "73": 0.009453,
                "74": 0.009215,
                "75": 0.009595,
                "76": 0.009128,
                "77": 0.009555,
                "78": 0.009337,
                "79": 0.009492,
                "80": 0.009607,
                "81": 0.009596,
                "82": 0.009055,
                "83": 0.009354,
                "84": 0.009066,
                "85": 0.009363,
                "86": 0.009106,
                "87": 0.009348,
                "88": 0.008934,
                "89": 0.009235,
                "90": 0.009005,
                "91": 0.009293,
                "92": 0.008945,
                "93": 0.009231,
                "94": 0.008991,
                "95": 0.009135,
                "96": 0.009033,
                "97": 0.009274,
                "98": 0.009081,
                "99": 0.015149,
                "100": 0.009125,
                "101": 0.009179,
                "102": 0.00911,
                "103": 0.009142,
                "104": 0.009024,
                "105": 0.009429,
                "106": 0.009148,
                "107": 0.00934,
                "108": 0.009281,
                "109": 0.009413,
                "110": 0.009097,
                "111": 0.009423,
                "112": 0.009115,
                "113": 0.009309,
                "114": 0.009079,
                "115": 0.009229,
                "116": 0.009168,
                "117": 0.008961,
                "118": 0.021978
            },
            "validation_time": 0.140349,
            "epoch_time": 3.9386188983917236
        },
        "2": {
            "steps": {
                "1": 0.009615,
                "2": 0.009611,
                "3": 0.00918,
                "4": 0.00943,
                "5": 0.00939,
                "6": 0.009389,
                "7": 0.009204,
                "8": 0.009428,
                "9": 0.009115,
                "10": 0.009407,
                "11": 0.009202,
                "12": 0.009233,
                "13": 0.009238,
                "14": 0.00935,
                "15": 0.009048,
                "16": 0.009261,
                "17": 0.008949,
                "18": 0.009169,
                "19": 0.009212,
                "20": 0.009573,
                "21": 0.008988,
                "22": 0.009076,
                "23": 0.009187,
                "24": 0.00939,
                "25": 0.009221,
                "26": 0.009259,
                "27": 0.009073,
                "28": 0.011395,
                "29": 0.00916,
                "30": 0.009194,
                "31": 0.009011,
                "32": 0.009177,
                "33": 0.009078,
                "34": 0.00936,
                "35": 0.009071,
                "36": 0.009133,
                "37": 0.008926,
                "38": 0.009336,
                "39": 0.009259,
                "40": 0.009318,
                "41": 0.00917,
                "42": 0.009274,
                "43": 0.00925,
                "44": 0.009352,
                "45": 0.009207,
                "46": 0.00944,
                "47": 0.009675,
                "48": 0.009787,
                "49": 0.009379,
                "50": 0.00935,
                "51": 0.009173,
                "52": 0.009335,
                "53": 0.009073,
                "54": 0.00966,
                "55": 0.009375,
                "56": 0.009196,
                "57": 0.008918,
                "58": 0.009179,
                "59": 0.009019,
                "60": 0.009041,
                "61": 0.009366,
                "62": 0.009119,
                "63": 0.009049,
                "64": 0.009441,
                "65": 0.008993,
                "66": 0.009321,
                "67": 0.009087,
                "68": 0.0091,
                "69": 0.009079,
                "70": 0.009209,
                "71": 0.00908,
                "72": 0.008985,
                "73": 0.008973,
                "74": 0.009385,
                "75": 0.008888,
                "76": 0.009009,
                "77": 0.00926,
                "78": 0.00969,
                "79": 0.00913,
                "80": 0.009172,
                "81": 0.008952,
                "82": 0.009333,
                "83": 0.009067,
                "84": 0.009243,
                "85": 0.009176,
                "86": 0.00917,
                "87": 0.008791,
                "88": 0.009268,
                "89": 0.008881,
                "90": 0.00916,
                "91": 0.009257,
                "92": 0.00894,
                "93": 0.008996,
                "94": 0.009199,
                "95": 0.009039,
                "96": 0.009218,
                "97": 0.008963,
                "98": 0.009171,
                "99": 0.00915,
                "100": 0.009087,
                "101": 0.009041,
                "102": 0.009147,
                "103": 0.009066,
                "104": 0.009078,
                "105": 0.009064,
                "106": 0.009181,
                "107": 0.009059,
                "108": 0.009127,
                "109": 0.00904,
                "110": 0.009245,
                "111": 0.008834,
                "112": 0.009214,
                "113": 0.009512,
                "114": 0.009434,
                "115": 0.009132,
                "116": 0.009317,
                "117": 0.008597,
                "118": 0.005519
            },
            "validation_time": 0.079765,