{
    "init": 4.670130014419556,
    "total_training": 23.8561749458313,
    "largest_real_time_delta": 17.80289888381958,
    "epochs": {
        "1": {
            "steps": {
                "1": 11.330413,
                "2": 0.041893,
                "3": 0.036479,
                "4": 0.036496,
                "5": 0.037629,
                "6": 0.035294,
                "7": 0.036965,
                "8": 0.036013,
                "9": 0.036343,
                "10": 0.03575,
                "11": 0.036569,
                "12": 0.036306,
                "13": 0.037798,
                "14": 0.035462,
                "15": 0.036541,
                "16": 0.041224,
                "17": 0.036289,
                "18": 0.036553,
                "19": 0.036263,
                "20": 0.03697,
                "21": 0.037433,
                "22": 0.036068,
                "23": 0.037954,
                "24": 0.036094,
                "25": 0.041215,
                "26": 0.035615,
                "27": 0.037568,
                "28": 0.036595,
                "29": 0.03583,
                "30": 0.053375
            },
            "validation_time": 0.403379,
            "epoch_time": 12.828168869018555
        },
        "2": {
            "steps": {
                "1": 0.040318,
                "2": 0.039126,
                "3": 0.036792,
                "4": 0.037302,
                "5": 0.036936,
                "6": 0.037494,
                "7": 0.037257,
                "8": 0.037243,
                "9": 0.037306,
                "10": 0.036154,
                "11": 0.037018,
                "12": 0.036099,
                "13": 0.037002,
                "14": 0.037184,
                "15": 0.042101,
                "16": 0.037304,
                "17": 0.036261,
                "18": 0.036939,
                "19": 0.037837,
                "20": 0.035976,
                "21": 0.038486,
                "22": 0.037396,
                "23": 0.035775,
                "24": 0.037249,
                "25": 0.036572,
                "26": 0.037053,
                "27": 0.042282,
                "28": 0.036819,
                "29": 0.03544,
                "30": 0.023569
            },
            "validation_time": 0.109188,
            "epoch_time": 1.2229640483856201
        },
        "3": {
            "steps": {
                "1": 0.040521,
                "2": 0.037122,
                "3": 0.042207,
                "4": 0.039982,
                "5": 0.041674,
                "6": 0.039985,
                "7": 0.035996,
                "8": 0.037455,
                "9": 0.037087,
                "10": 0.035381,
                "11": 0.037821,
                "12": 0.03823,
                "13": 0.041422,
                "14": 0.039928,
                "15": 0.046299,
                "16": 0.03584,
                "17": 0.040347,
                "18": 0.037393,
                "19": 0.03738,
                "20": 0.037318,
                "21": 0.036293,
                "22": 0.039325,
                "23": 0.040767,
                "24": 0.035981,
                "25": 0.038204,
                "26": 0.036264,
                "27": 0.036747,
                "28": 0.036429,
                "29": 0.03845,
                "30": 0.023537
            },
            "validation_time": 0.113677,
            "epoch_time": 1.2587425708770752
        },
        "4": {
            "steps": {
                "1": 0.040866,
                "2": 0.035769,
                "3": 0.037189,
                "4": 0.040037,
                "5": 0.037005,
                "6": 0.038727,
                "7": 0.037875,
                "8": 0.038468,
                "9": 0.03646,
                "10": 0.043121,
                "11": 0.037381,
                "12": 0.038306,
                "13": 0.036683,
                "14": 0.040655,
                "15": 0.037231,
                "16": 0.037518,
                "17": 0.035434,
                "18": 0.040103,
                "19": 0.039362,
                "20": 0.036671,
                "21": 0.040474,
                "22": 0.041715,
                "23": 0.037576,
                "24": 0.036986,
                "25": 0.03827,
                "26": 0.036825,
                "27": 0.037443,
                "28": 0.036434,
                "29": 0.036092,
                "30": 0.023232
            },
            "validation_time": 0.106672,
            "epoch_time": 1.2404747009277344
        },
        "5": {
            "steps": {
                "1": 0.039776,
                "2": 0.039344,
                "3": 0.036277,
                "4": 0.037506,
                "5": 0.037318,
                "6": 0.038548,
                "7": 0.035669,
                "8": 0.03798,
                "9": 0.035987,
                "10": 0.037537,
                "11": 0.036473,
                "12": 0.037141,
                "13": 0.036557,
                "14": 0.046006,
                "15": 0.037506,
                "16": 0.042804,
                "17": 0.036967,
                "18": 0.04011,
                "19": 0.04583,
                "20": 0.04197,
                "21": 0.037416,
                "22": 0.036157,
                "23": 0.03736,
                "24": 0.035349,
                "25": 0.037348,
                "26": 0.037735,
                "27": 0.03819,
                "28": 0.036699,
                "29": 0.036941,
                "30": 0.02312
            },
            "validation_time": 0.111353,
            "epoch_time": 1.248753309249878
        }
    }
}
