{
    "init": -1.0,
    "total_training": 227.72317481040955,
    "largest_real_time_delta": 223.92948865890503,
    "fit_time": 227.72317481040955,
    "write_model_time": -1.0,
    "epochs": {
        "1": {
            "steps": {
                "1": 22.951962,
                "2": 0.72016,
                "3": 0.715647,
                "4": 0.712333,
                "5": 0.712799,
                "6": 0.714027,
                "7": 0.725872,
                "8": 0.717615,
                "9": 0.715911,
                "10": 0.709872,
                "11": 0.71172,
                "12": 0.709016,
                "13": 0.710259,
                "14": 0.723313,
                "15": 0.722003,
                "16": 0.723204,
                "17": 0.718632,
                "18": 0.711973,
                "19": 0.707947,
                "20": 0.707767,
                "21": 0.71833,
                "22": 0.71994,
                "23": 0.717041,
                "24": 0.720748,
                "25": 0.714041,
                "26": 0.71578,
                "27": 0.711246,
                "28": 0.716488,
                "29": 0.716712,
                "30": 0.724985,
                "31": 0.723621,
                "32": 0.719876,
                "33": 0.715372,
                "34": 0.722433,
                "35": 0.727368,
                "36": 0.719364,
                "37": 0.7218,
                "38": 0.71891,
                "39": 0.724465,
                "40": 0.719471,
                "41": 0.72066,
                "42": 0.719256,
                "43": 0.710528,
                "44": 0.713638,
                "45": 0.712257,
                "46": 0.71808,
                "47": 0.726561,
                "48": 0.728672,
                "49": 7.990706
            },
            "validation_time": 6.131177,
            "epoch_time": 71.64368200302124
        },
        "2": {
            "steps": {
                "1": 0.731073,
                "2": 0.719422,
                "3": 0.716369,
                "4": 0.719749,
                "5": 0.722189,
                "6": 0.734908,
                "7": 0.721214,
                "8": 0.723068,
                "9": 0.728676,
                "10": 0.726775,
                "11": 0.722154,
                "12": 0.727667,
                "13": 0.719048,
                "14": 0.720077,
                "15": 0.725416,
                "16": 0.720591,
                "17": 0.721514,
                "18": 0.716747,
                "19": 0.730859,
                "20": 0.731397,
                "21": 0.727083,
                "22": 0.726588,
                "23": 0.725343,
                "24": 0.727336,
                "25": 0.724779,
                "26": 0.717962,
                "27": 0.729331,
                "28": 0.723669,
                "29": 0.728159,
                "30": 0.730441,
                "31": 0.733109,
                "32": 0.730721,
                "33": 0.73361,
                "34": 0.726179,
                "35": 0.736845,
                "36": 0.743394,
                "37": 0.723982,
                "38": 0.733122,
                "39": 0.742403,
                "40": 0.735278,
                "41": 0.73884,
                "42": 0.736938,
                "43": 0.733062,
                "44": 0.734483,
                "45": 0.733564,
                "46": 0.728518,
                "47": 0.740625,
                "48": 0.737617,
                "49": 0.644626
            },
            "validation_time": 1.899621,
            "epoch_time": 37.51072716712952
        },
        "3": {
            "steps": {
                "1": 0.757131,
                "2": 0.749233,
                "3": 0.748133,
                "4": 0.740803,
                "5": 0.755431,
                "6": 0.761395,
                "7": 0.751651,
                "8": 0.751807,
                "9": 0.755703,
                "10": 0.757086,
                "11": 0.758147,
                "12": 0.751749,
                "13": 0.753912,
                "14": 0.748024,
                "15": 0.747212,
                "16": 0.753051,
                "17": 0.749276,
                "18": 0.750397,
                "19": 0.766296,
                "20": 0.754049,
                "21": 0.757548,
                "22": 0.758993,
                "23": 0.752018,
                "24": 0.748506,
                "25": 0.747619,
                "26": 0.748405,
                "27": 0.754335,
                "28": 0.755387,
                "29": 0.761946,
                "30": 0.752539,
                "31": 0.756497,
                "32": 0.755025,
                "33": 0.75992,
                "34": 0.752344,
                "35": 0.75128,
                "36": 0.746239,
                "37": 0.75755,
                "38": 0.756433,
                "39": 0.765944,
                "40": 0.763533,
                "41": 0.746739,
                "42": 0.749708,
                "43": 0.74844,
                "44": 0.753014,
                "45": 0.749457,
                "46": 0.75379,
                "47": 0.748992,
                "48": 0.746284,
                "49": 0.639105
            },
            "validation_time": 1.883399,
            "epoch_time": 38.685813188552856
        },
        "4": {
            "steps": {
                "1": 0.732459,
                "2": 0.732015,
                "3": 0.734538,
                "4": 0.729563,
                "5": 0.734467,
                "6": 0.741252,
                "7": 0.741598,
                "8": 0.724506,
                "9": 0.73841,
                "10": 0.731673,
                "11": 0.73217,
                "12": 0.732249,
                "13": 0.735577,
                "14": 0.735911,
                "15": 0.725086,
                "16": 0.737862,
                "17": 0.72978,
                "18": 0.725146,
                "19": 0.734698,
                "20": 0.733987,
                "21": 0.726016,
                "22": 0.725419,
                "23": 0.735085,
                "24": 0.728218,
                "25": 0.731619,
                "26": 0.73069,
                "27": 0.731709,
                "28": 0.729271,
                "29": 0.733684,
                "30": 0.73241,
                "31": 0.728489,
                "32": 0.729336,
                "33": 0.722265,
                "34": 0.728923,
                "35": 0.738799,
                "36": 0.731288,
                "37": 0.732352,
                "38": 0.721843,
                "39": 0.731954,
                "40": 0.729209,
                "41": 0.727875,
                "42": 0.742478,
                "43": 0.734695,
                "44": 0.730778,
                "45": 0.731626,
                "46": 0.731567,
                "47": 0.731949,
                "48": 0.733783,
                "49": 0.638813
            },
            "validation_time": 1.867459,
            "epoch_time": 37.63692545890808
        },
        "5": {
            "steps": {
                "1": 0.741878,
                "2": 0.735706,
                "3": 0.735866,
                "4": 0.745318,
                "5": 0.731891,
                "6": 0.735875,
                "7": 0.745758,
                "8": 0.730855,
                "9": 0.746104,
                "10": 0.737606,
                "11": 0.740252,
                "12": 0.736588,
                "13": 0.737955,
                "14": 0.740346,
                "15": 0.746253,
                "16": 0.7373,
                "17": 0.744677,
                "18": 0.741631,
                "19": 0.748179,
                "20": 0.747506,
                "21": 0.747642,
                "22": 0.756178,
                "23": 0.747917,
                "24": 0.746898,
                "25": 0.741808,
                "26": 0.748415,
                "27": 0.740097,
                "28": 0.752036,
                "29": 0.747814,
                "30": 0.745996,