{
    "init": -1.0,
    "total_training": 235.1540584564209,
    "largest_real_time_delta": 230.62131881713867,
    "fit_time": 235.1540584564209,
    "write_model_time": -1.0,
    "epochs": {
        "1": {
            "steps": {
                "1": 23.142642,
                "2": 0.753903,
                "3": 0.742016,
                "4": 0.739628,
                "5": 0.752203,
                "6": 0.741872,
                "7": 0.746511,
                "8": 0.747697,
                "9": 0.742569,
                "10": 0.743363,
                "11": 0.75011,
                "12": 0.745082,
                "13": 0.742309,
                "14": 0.739854,
                "15": 0.744993,
                "16": 0.741719,
                "17": 0.7423,
                "18": 0.749578,
                "19": 0.739456,
                "20": 0.748962,
                "21": 0.747741,
                "22": 0.745573,
                "23": 0.747508,
                "24": 0.739481,
                "25": 0.744819,
                "26": 0.738905,
                "27": 0.745758,
                "28": 0.742145,
                "29": 0.749191,
                "30": 0.749591,
                "31": 0.740802,
                "32": 0.756263,
                "33": 0.74829,
                "34": 0.744248,
                "35": 0.743709,
                "36": 0.74668,
                "37": 0.744411,
                "38": 0.742057,
                "39": 0.74681,
                "40": 0.746556,
                "41": 0.749831,
                "42": 0.746788,
                "43": 0.751231,
                "44": 0.748604,
                "45": 0.74232,
                "46": 0.748033,
                "47": 0.748844,
                "48": 0.745767,
                "49": 8.325063
            },
            "validation_time": 6.438296,
            "epoch_time": 73.95173525810242,
            "validation_accuracy": 0.0
        },
        "2": {
            "steps": {
                "1": 0.749108,
                "2": 0.747857,
                "3": 0.755432,
                "4": 0.747169,
                "5": 0.752915,
                "6": 0.755254,
                "7": 0.74825,
                "8": 0.75247,
                "9": 0.751627,
                "10": 0.755021,
                "11": 0.748967,
                "12": 0.747102,
                "13": 0.755605,
                "14": 0.743465,
                "15": 0.752188,
                "16": 0.751969,
                "17": 0.755454,
                "18": 0.747174,
                "19": 0.751395,
                "20": 0.749441,
                "21": 0.750044,
                "22": 0.750226,
                "23": 0.754344,
                "24": 0.751073,
                "25": 0.757588,
                "26": 0.752511,
                "27": 0.75703,
                "28": 0.74687,
                "29": 0.756959,
                "30": 0.756634,
                "31": 0.755915,
                "32": 0.751142,
                "33": 0.752365,
                "34": 0.758116,
                "35": 0.757546,
                "36": 0.750975,
                "37": 0.750155,
                "38": 0.754105,
                "39": 0.757473,
                "40": 0.75271,
                "41": 0.757183,
                "42": 0.752336,
                "43": 0.758923,
                "44": 0.749686,
                "45": 0.757401,
                "46": 0.757118,
                "47": 0.755575,
                "48": 0.753317,
                "49": 0.65558
            },
            "validation_time": 1.963072,
            "epoch_time": 38.756385803222656,
            "validation_accuracy": 0.0
        },
        "3": {
            "steps": {
                "1": 0.764688,
                "2": 0.759032,
                "3": 0.759116,
                "4": 0.75757,
                "5": 0.763324,
                "6": 0.756989,
                "7": 0.762102,
                "8": 0.759432,
                "9": 0.759262,
                "10": 0.75472,
                "11": 0.760604,
                "12": 0.756659,
                "13": 0.755323,
                "14": 0.750963,
                "15": 0.766177,
                "16": 0.756034,
                "17": 0.762606,
                "18": 0.758013,
                "19": 0.767975,
                "20": 0.756736,
                "21": 0.766183,
                "22": 0.750396,
                "23": 0.762392,
                "24": 0.754978,
                "25": 0.768886,
                "26": 0.755762,
                "27": 0.768303,
                "28": 0.758233,
                "29": 0.766963,
                "30": 0.761903,
                "31": 0.762948,
                "32": 0.763759,
                "33": 0.764352,
                "34": 0.759381,
                "35": 0.775034,
                "36": 0.763124,
                "37": 0.765926,
                "38": 0.756284,
                "39": 0.763901,
                "40": 0.758578,
                "41": 0.769531,
                "42": 0.761124,
                "43": 0.764616,
                "44": 0.765123,
                "45": 0.76638,
                "46": 0.759604,
                "47": 0.776616,
                "48": 0.764016,
                "49": 0.657021
            },
            "validation_time": 1.960329,
            "epoch_time": 39.18372964859009,
            "validation_accuracy": 0.0
        },
        "4": {
            "steps": {
                "1": 0.758417,
                "2": 0.764838,
                "3": 0.75771,
                "4": 0.75434,
                "5": 0.75565,
                "6": 0.759269,
                "7": 0.75909,
                "8": 0.762641,
                "9": 0.771626,
                "10": 0.759728,
                "11": 0.756421,
                "12": 0.760082,
                "13": 0.75777,
                "14": 0.763134,
                "15": 0.760233,
                "16": 0.762606,
                "17": 0.760211,
                "18": 0.7598,
                "19": 0.75795,
                "20": 0.75685,
                "21": 0.758932,
                "22": 0.770118,
                "23": 0.761939,
                "24": 0.763655,
                "25": 0.760988,
                "26": 0.75788,
                "27": 0.760449,
                "28": 0.762489,
                "29": 0.763945,
                "30": 0.761672,
                "31": 0.758252,
                "32": 0.761522,
                "33": 0.758548,
                "34": 0.764977,
                "35": 0.761329,
                "36": 0.763299,
                "37": 0.759581,
                "38": 0.763352,
                "39": 0.764157,
                "40": 0.768059,
                "41": 0.761995,
                "42": 0.763812,
                "43": 0.758228,
                "44": 0.768052,
                "45": 0.763905,
                "46": 0.761214,
                "47": 0.758881,
                "48": 0.759283,
                "49": 0.663023
            },
            "validation_time": 1.972396,
            "epoch_time": 39.179043769836426,
            "validation_accuracy": 0.1001
        },
        "5": {
            "steps": {
                "1": 0.763931,
                "2": 0.76995,
                "3": 0.760725,
                "4": 0.774122,
                "5": 0.761729,
                "6": 0.772953,
                "7": 0.769189,
                "8": 0.772164,
                "9": 0.763411,
                "10": 0.771721,
                "11": 0.762902,
                "12": 0.773726,
                "13": 0.763362,
                "14": 0.773196,
                "15": 0.763256,
                "16": 0.771189,
                "17": 0.756015,
                "18": 0.775484,
                "19": 0.764122,
                "20": 0.763777,
                "21": 0.765058,
                "22": 0.775634,
                "23": 0.768334,
                "24": 0.770709,
                "25": 0.768827,