{
    "init": -1.0,
    "total_training": 232.6567506790161,
    "largest_real_time_delta": 228.66072964668274,
    "fit_time": 232.6567506790161,
    "write_model_time": -1.0,
    "epochs": {
        "1": {
            "steps": {
                "1": 24.432812,
                "2": 0.786505,
                "3": 0.845617,
                "4": 0.742877,
                "5": 0.767519,
                "6": 0.810566,
                "7": 0.812156,
                "8": 0.756904,
                "9": 0.764132,
                "10": 0.77177,
                "11": 0.83588,
                "12": 0.741931,
                "13": 0.769008,
                "14": 0.766548,
                "15": 0.796794,
                "16": 0.769329,
                "17": 0.753876,
                "18": 0.776635,
                "19": 0.819453,
                "20": 0.748358,
                "21": 0.792163,
                "22": 0.766313,
                "23": 0.85974,
                "24": 0.796599,
                "25": 0.759704,
                "26": 0.7743,
                "27": 0.819661,
                "28": 0.747794,
                "29": 0.794364,
                "30": 0.752971,
                "31": 0.837,
                "32": 0.749239,
                "33": 0.770438,
                "34": 0.814724,
                "35": 0.787746,
                "36": 0.75369,
                "37": 0.762979,
                "38": 0.753903,
                "39": 0.829052,
                "40": 0.755848,
                "41": 0.767673,
                "42": 0.75346,
                "43": 0.798801,
                "44": 0.772692,
                "45": 0.765718,
                "46": 0.786996,
                "47": 0.814539,
                "48": 0.750176,
                "49": 8.080997
            },
            "validation_time": 6.243158,
            "epoch_time": 76.35659527778625,
            "validation_accuracy": 0.0
        },
        "2": {
            "steps": {
                "1": 0.810793,
                "2": 0.78753,
                "3": 0.761167,
                "4": 0.793556,
                "5": 0.819735,
                "6": 0.758281,
                "7": 0.805735,
                "8": 0.76787,
                "9": 0.883424,
                "10": 0.764278,
                "11": 0.764094,
                "12": 0.81683,
                "13": 0.821692,
                "14": 0.768655,
                "15": 0.780314,
                "16": 0.765002,
                "17": 0.844558,
                "18": 0.756138,
                "19": 0.766459,
                "20": 0.797246,
                "21": 0.803525,
                "22": 0.760726,
                "23": 0.762542,
                "24": 0.764776,
                "25": 0.855303,
                "26": 0.72767,
                "27": 0.720929,
                "28": 0.723364,
                "29": 0.732169,
                "30": 0.733048,
                "31": 0.721058,
                "32": 0.729193,
                "33": 0.731766,
                "34": 0.726817,
                "35": 0.725598,
                "36": 0.728839,
                "37": 0.754527,
                "38": 0.718283,
                "39": 0.728807,
                "40": 0.724185,
                "41": 0.742814,
                "42": 0.724252,
                "43": 0.727395,
                "44": 0.750549,
                "45": 0.729342,
                "46": 0.727602,
                "47": 0.726431,
                "48": 0.731204,
                "49": 0.630307
            },
            "validation_time": 1.886129,
            "epoch_time": 39.08706521987915,
            "validation_accuracy": 0.0999
        },
        "3": {
            "steps": {
                "1": 0.726674,
                "2": 0.738248,
                "3": 0.741156,
                "4": 0.724577,
                "5": 0.730837,
                "6": 0.738886,
                "7": 0.728684,
                "8": 0.728676,
                "9": 0.735302,
                "10": 0.740575,
                "11": 0.728783,
                "12": 0.729216,
                "13": 0.727305,
                "14": 0.732727,
                "15": 0.745246,
                "16": 0.728827,
                "17": 0.729387,
                "18": 0.731844,
                "19": 0.724768,
                "20": 0.729493,
                "21": 0.731206,
                "22": 0.752991,
                "23": 0.724497,
                "24": 0.728564,
                "25": 0.731723,
                "26": 0.747998,
                "27": 0.726379,
                "28": 0.731049,
                "29": 0.738784,
                "30": 0.735592,
                "31": 0.728771,
                "32": 0.725187,
                "33": 0.728338,
                "34": 0.763739,
                "35": 0.721074,
                "36": 0.73737,
                "37": 0.726655,
                "38": 0.756584,
                "39": 0.726062,
                "40": 0.728598,
                "41": 0.753874,
                "42": 0.733966,
                "43": 0.727318,
                "44": 0.727516,
                "45": 0.733296,
                "46": 0.734992,
                "47": 0.725384,
                "48": 0.742185,
                "49": 0.62518
            },
            "validation_time": 1.877983,
            "epoch_time": 37.71846389770508,
            "validation_accuracy": 0.0999
        },
        "4": {
            "steps": {
                "1": 0.727498,
                "2": 0.738733,
                "3": 0.730003,
                "4": 0.73807,
                "5": 0.732202,
                "6": 0.731378,
                "7": 0.759219,
                "8": 0.727643,
                "9": 0.732668,
                "10": 0.732288,
                "11": 0.746525,
                "12": 0.727312,
                "13": 0.728288,
                "14": 0.746345,
                "15": 0.733487,
                "16": 0.734295,
                "17": 0.72885,
                "18": 0.730184,
                "19": 0.758489,
                "20": 0.72514,
                "21": 0.731307,
                "22": 0.732979,
                "23": 0.743485,
                "24": 0.727086,
                "25": 0.721154,
                "26": 0.751875,
                "27": 0.739016,
                "28": 0.725563,
                "29": 0.732687,
                "30": 0.725885,
                "31": 0.732095,
                "32": 0.723533,
                "33": 0.750252,
                "34": 0.723283,
                "35": 0.745653,
                "36": 0.727416,
                "37": 0.724022,
                "38": 0.724425,
                "39": 0.736386,
                "40": 0.737265,
                "41": 0.735155,
                "42": 0.735121,
                "43": 0.734586,
                "44": 0.724897,
                "45": 0.742054,
                "46": 0.733901,
                "47": 0.741097,
                "48": 0.727019,
                "49": 0.640133
            },
            "validation_time": 1.878717,
            "epoch_time": 37.761314392089844,
            "validation_accuracy": 0.0999
        },
        "5": {
            "steps": {
                "1": 0.725823,
                "2": 0.73393,
                "3": 0.728115,
                "4": 0.751156,
                "5": 0.724779,
                "6": 0.730391,
                "7": 0.72484,
                "8": 0.743054,
                "9": 0.72455,
                "10": 0.729548,
                "11": 0.738331,
                "12": 0.735173,
                "13": 0.735074,
                "14": 0.732179,
                "15": 0.733409,
                "16": 0.758135,
                "17": 0.727148,
                "18": 0.736088,
                "19": 0.724143,
                "20": 0.74847,
                "21": 0.726381,
                "22": 0.729739,
                "23": 0.742691,
                "24": 0.738622,
                "25": 0.729717,