{
    "init": 4.989284038543701,
    "total_training": 34.7257168293,
    "epochs": {
        "1": {
            "steps": {
                "1": 15.6452920437,
                "2": 0.0302519798279,
                "3": 0.0299220085144,
                "4": 0.0301442146301,
                "5": 0.0299079418182,
                "6": 0.0348119735718,
                "7": 0.0320630073547,
                "8": 0.0312230587006,
                "9": 0.0316359996796,
                "10": 0.0317029953003,
                "11": 0.0310909748077,
                "12": 0.0313658714294,
                "13": 0.0296881198883,
                "14": 0.029853105545,
                "15": 0.0306210517883,
                "16": 0.0300958156586,
                "17": 0.0298871994019,
                "18": 0.029730796814,
                "19": 0.0303680896759,
                "20": 0.0309429168701,
                "21": 0.0314359664917,
                "22": 0.0308690071106,
                "23": 0.029865026474,
                "24": 0.0314221382141,
                "25": 0.0315990447998,
                "26": 0.0317029953003,
                "27": 0.030778169632,
                "28": 0.0319080352783,
                "29": 0.0318510532379,
                "30": 0.0320448875427,
                "31": 0.0328750610352,
                "32": 0.0314149856567,
                "33": 0.0319020748138,
                "34": 0.031858921051,
                "35": 0.0308101177216,
                "36": 0.0316028594971,
                "37": 0.032191991806,
                "38": 0.0320720672607,
                "39": 0.0314230918884,
                "40": 0.0317749977112,
                "41": 0.0316259860992,
                "42": 0.0310471057892,
                "43": 0.0320689678192,
                "44": 0.0326888561249,
                "45": 0.0320801734924,
                "46": 0.0319020748138,
                "47": 0.0322589874268,
                "48": 0.0325629711151,
                "49": 0.0319700241089,
                "50": 0.0321319103241,
                "51": 0.0321700572968,
                "52": 0.0328750610352,
                "53": 0.0316200256348,
                "54": 0.0322248935699,
                "55": 0.0308318138123,
                "56": 0.0324349403381,
                "57": 0.032557964325,
                "58": 0.0314700603485,
                "59": 0.0317268371582,
                "60": 0.0315480232239,
                "61": 0.0320100784302,
                "62": 0.0318958759308,
                "63": 0.0316638946533,
                "64": 0.0315160751343,
                "65": 0.0314440727234,
                "66": 0.0308549404144,
                "67": 0.0306489467621,
                "68": 0.0311088562012,
                "69": 0.0319480895996,
                "70": 0.0308091640472,
                "71": 0.031553030014,
                "72": 0.0320279598236,
                "73": 0.0384819507599,
                "74": 0.0328807830811,
                "75": 0.0323431491852,
                "76": 0.032301902771,
                "77": 0.0322818756104,
                "78": 0.0323688983917,
                "79": 0.0278470516205,
                "80": 0.0482640266418
            },
            "validation_time": 0.261677026749,
            "epoch_time": 18.4242808819
        },
        "2": {
            "steps": {
                "1": 0.0331151485443,
                "2": 0.0328559875488,
                "3": 0.0320420265198,
                "4": 0.0315840244293,
                "5": 0.0318510532379,
                "6": 0.0329430103302,
                "7": 0.0322599411011,
                "8": 0.0319409370422,
                "9": 0.0324339866638,
                "10": 0.0324029922485,
                "11": 0.0321822166443,
                "12": 0.0319390296936,
                "13": 0.032112121582,
                "14": 0.0317997932434,
                "15": 0.0310099124908,
                "16": 0.0314478874207,
                "17": 0.0309529304504,
                "18": 0.0306611061096,
                "19": 0.0310170650482,
                "20": 0.0315210819244,
                "21": 0.0319378376007,
                "22": 0.0303230285645,
                "23": 0.0305318832397,
                "24": 0.0305161476135,
                "25": 0.0307981967926,
                "26": 0.0307891368866,
                "27": 0.0327930450439,
                "28": 0.0322370529175,
                "29": 0.0326359272003,
                "30": 0.0319900512695,
                "31": 0.0326008796692,
                "32": 0.0322370529175,
                "33": 0.0326919555664,
                "34": 0.0320370197296,
                "35": 0.0322210788727,
                "36": 0.0320250988007,
                "37": 0.0305380821228,
                "38": 0.03062915802,
                "39": 0.0305359363556,
                "40": 0.0304899215698,
                "41": 0.0307009220123,
                "42": 0.0306630134583,
                "43": 0.0315508842468,
                "44": 0.0304269790649,
                "45": 0.0310890674591,
                "46": 0.0301449298859,
                "47": 0.0299971103668,
                "48": 0.0304670333862,
                "49": 0.0296909809113,
                "50": 0.0306849479675,
                "51": 0.0300090312958,
                "52": 0.0306408405304,
                "53": 0.0325770378113,
                "54": 0.0316789150238,
                "55": 0.0315549373627,
                "56": 0.0303039550781,
                "57": 0.0305390357971,
                "58": 0.0305938720703,
                "59": 0.0302379131317,
                "60": 0.0302081108093,
                "61": 0.0303390026093,
                "62": 0.029993057251,
                "63": 0.030216217041,
                "64": 0.0303010940552,
                "65": 0.0301198959351,
                "66": 0.0302028656006,
                "67": 0.0300490856171,
                "68": 0.0301320552826,
                "69": 0.0303580760956,
                "70": 0.0309062004089,
                "71": 0.0304741859436,
                "72": 0.0300440788269,
                "73": 0.0310280323029,
                "74": 0.0298199653625,
                "75": 0.030611038208,
                "76": 0.0303840637207,
                "77": 0.030177116394,
                "78": 0.0309410095215,
                "79": 0.0266230106354,
                "80": 0.0237698554993
            },
            "validation_time": 0.0137538909912,
            "epoch_time": 2.49905800819
        },
        "3": {
            "steps": {
                "1": 0.0300359725952,
                "2": 0.0304660797119,
                "3": 0.0303800106049,
                "4": 0.0308828353882,
                "5": 0.0306041240692,
                "6": 0.0301179885864,
                "7": 0.0297949314117,
                "8": 0.0306081771851,
                "9": 0.0306360721588,
                "10": 0.0304009914398,
                "11": 0.030827999115,
                "12": 0.0309071540833,
                "13": 0.0305871963501,
                "14": 0.030797958374,
                "15": 0.0311651229858,
                "16": 0.0302431583405,
                "17": 0.030632019043,
                "18": 0.029748916626,
                "19": 0.0307059288025,
                "20": 0.0302748680115,
                "21": 0.0302128791809,
                "22": 0.0302369594574,
                "23": 0.0308690071106,
                "24": 0.0298810005188,
                "25": 0.030809879303,
                "26": 0.0304210186005,
                "27": 0.0306880474091,
                "28": 0.0304532051086,
                "29": 0.030200958252,
                "30": 0.0299670696259,
                "31": 0.0296518802643,
                "32": 0.0297608375549,
                "33": 0.0310180187225,
                "34": 0.0301558971405,
                "35": 0.03084897995,