{
    "init": 0.186798095703125,
    "total_training": 58.4751670361,
    "largest_real_time_delta": 54.859999895095825,
    "fit_time": 58.1635270119,
    "write_model_time": 0.124802112579,
    "epochs": {
        "1": {
            "steps": {
                "1": 5.16225481033,
                "2": 0.123604059219,
                "3": 0.122072935104,
                "4": 0.121913909912,
                "5": 0.123532056808,
                "6": 0.125158071518,
                "7": 0.124393939972,
                "8": 0.125776052475,
                "9": 0.121653079987,
                "10": 0.123952865601,
                "11": 0.124060153961,
                "12": 0.12225317955,
                "13": 0.122032880783,
                "14": 0.123423099518,
                "15": 0.127116918564,
                "16": 0.123419046402,
                "17": 0.122805118561,
                "18": 0.124955892563,
                "19": 0.12366604805,
                "20": 0.124091863632,
                "21": 0.122024059296,
                "22": 0.122303962708,
                "23": 0.124180793762,
                "24": 0.124399185181,
                "25": 0.122317790985,
                "26": 0.122359991074,
                "27": 0.123538017273,
                "28": 0.125041007996,
                "29": 0.124375104904,
                "30": 0.122744083405,
                "31": 0.123751163483,
                "32": 0.124054908752,
                "33": 0.126759052277,
                "34": 0.123655080795,
                "35": 0.121598958969,
                "36": 0.124283075333,
                "37": 0.124688863754,
                "38": 0.124110937119,
                "39": 0.121917963028,
                "40": 0.124403953552,
                "41": 0.124382972717,
                "42": 0.122081041336,
                "43": 0.121913194656,
                "44": 0.12316608429,
                "45": 0.123953104019,
                "46": 0.124531030655,
                "47": 0.122490882874,
                "48": 0.1224629879,
                "49": 0.124836921692,
                "50": 0.124404907227,
                "51": 0.122604846954,
                "52": 0.121737003326,
                "53": 0.123651027679,
                "54": 0.125502109528,
                "55": 0.12452507019,
                "56": 0.123553037643,
                "57": 0.123416900635,
                "58": 0.124887943268,
                "59": 0.123917102814,
                "60": 0.12201499939,
                "61": 0.122038125992,
                "62": 0.124840974808,
                "63": 0.124987125397,
                "64": 0.122515916824,
                "65": 0.122789144516,
                "66": 0.124266862869,
                "67": 0.124397993088,
                "68": 0.122583866119,
                "69": 0.122716903687,
                "70": 0.124112844467,
                "71": 0.125963926315,
                "72": 0.124623060226,
                "73": 0.122512102127,
                "74": 0.124204874039,
                "75": 0.124563217163,
                "76": 0.124152898788,
                "77": 0.122099161148,
                "78": 0.122107982635,
                "79": 0.120684862137,
                "80": 0.323035955429
            },
            "validation_time": 0.166836023331,
            "epoch_time": 15.2994179726
        },
        "2": {
            "steps": {
                "1": 0.122145175934,
                "2": 0.122248888016,
                "3": 0.121571063995,
                "4": 0.122021913528,
                "5": 0.124148130417,
                "6": 0.124612808228,
                "7": 0.123471975327,
                "8": 0.121854066849,
                "9": 0.12420797348,
                "10": 0.125379085541,
                "11": 0.123975038528,
                "12": 0.121649980545,
                "13": 0.123146057129,
                "14": 0.12530708313,
                "15": 0.125134944916,
                "16": 0.122978210449,
                "17": 0.123047828674,
                "18": 0.12505698204,
                "19": 0.124674081802,
                "20": 0.122153043747,
                "21": 0.12167096138,
                "22": 0.124572992325,
                "23": 0.125195980072,
                "24": 0.123798847198,
                "25": 0.121956110001,
                "26": 0.123602151871,
                "27": 0.125490903854,
                "28": 0.124833106995,
                "29": 0.121661901474,
                "30": 0.122050046921,
                "31": 0.124289989471,
                "32": 0.124706983566,
                "33": 0.122205018997,
                "34": 0.121747016907,
                "35": 0.12425494194,
                "36": 0.124794006348,
                "37": 0.123795986176,
                "38": 0.122100830078,
                "39": 0.124473810196,
                "40": 0.127562046051,
                "41": 0.124252080917,
                "42": 0.122349023819,
                "43": 0.123712062836,
                "44": 0.125895023346,
                "45": 0.128545045853,
                "46": 0.122562170029,
                "47": 0.123925924301,
                "48": 0.125645875931,
                "49": 0.125357866287,
                "50": 0.122642040253,
                "51": 0.121967077255,
                "52": 0.124749898911,
                "53": 0.12498497963,
                "54": 0.12179517746,
                "55": 0.121976852417,
                "56": 0.124037981033,
                "57": 0.125424146652,
                "58": 0.124235868454,
                "59": 0.122669935226,
                "60": 0.123984098434,
                "61": 0.125959873199,
                "62": 0.125206947327,
                "63": 0.123070955276,
                "64": 0.123227119446,
                "65": 0.124270915985,
                "66": 0.124430894852,
                "67": 0.123424053192,
                "68": 0.122095108032,
                "69": 0.124381065369,
                "70": 0.124956846237,
                "71": 0.123522043228,
                "72": 0.122596979141,
                "73": 0.123996019363,
                "74": 0.125747203827,
                "75": 0.125010967255,
                "76": 0.121891975403,
                "77": 0.123940944672,
                "78": 0.125606060028,
                "79": 0.121174812317,
                "80": 0.0305640697479
            },
            "validation_time": 0.0145139694214,
            "epoch_time": 9.82982802391
        },
        "3": {
            "steps": {
                "1": 0.123198986053,
                "2": 0.122959852219,
                "3": 0.122284173965,
                "4": 0.121747970581,
                "5": 0.12495803833,
                "6": 0.125976800919,
                "7": 0.124863147736,
                "8": 0.122503042221,
                "9": 0.123911142349,
                "10": 0.126116037369,
                "11": 0.124804019928,
                "12": 0.12184882164,
                "13": 0.124016046524,
                "14": 0.12557387352,
                "15": 0.124783039093,
                "16": 0.122375965118,
                "17": 0.124217033386,
                "18": 0.126358985901,
                "19": 0.124716043472,
                "20": 0.122148990631,
                "21": 0.122366189957,
                "22": 0.124612808228,
                "23": 0.126287937164,
                "24": 0.123517990112,
                "25": 0.122493982315,
                "26": 0.123887062073,
                "27": 0.126266002655,
                "28": 0.125050067902,
                "29": 0.122451066971,
                "30": 0.123842000961,
                "31": 0.126522064209,
                "32": 0.125118017197,
                "33": 0.122177124023,
                "34": 0.124925851822,
                "35": 0.126511096954,
                "36": 0.124974966049,
                "37": 0.123811006546,