{
    "init": -1.0,
    "total_training": 122.58453059196472,
    "largest_real_time_delta": 119.21794009208679,
    "fit_time": 122.58453059196472,
    "write_model_time": -1.0,
    "epochs": {
        "1": {
            "steps": {
                "1": 17.175583,
                "2": 0.343204,
                "3": 0.333156,
                "4": 0.338555,
                "5": 0.332438,
                "6": 0.340491,
                "7": 0.338315,
                "8": 0.336728,
                "9": 0.339403,
                "10": 0.340607,
                "11": 0.338587,
                "12": 0.337343,
                "13": 0.338836,
                "14": 0.33795,
                "15": 0.337795,
                "16": 0.33798,
                "17": 0.33794,
                "18": 0.341146,
                "19": 0.33789,
                "20": 0.337909,
                "21": 0.339649,
                "22": 0.34002,
                "23": 0.33945,
                "24": 0.34039,
                "25": 0.341521,
                "26": 0.337468,
                "27": 0.340245,
                "28": 0.343678,
                "29": 0.340414,
                "30": 0.338749,
                "31": 0.344127,
                "32": 0.340888,
                "33": 0.343872,
                "34": 0.342378,
                "35": 0.341271,
                "36": 0.340883,
                "37": 0.341254,
                "38": 0.33977,
                "39": 0.342552,
                "40": 0.344467,
                "41": 0.345485,
                "42": 0.346192,
                "43": 0.341174,
                "44": 0.339725,
                "45": 0.341003,
                "46": 0.343986,
                "47": 0.356612,
                "48": 0.338671,
                "49": 6.387303
            },
            "validation_time": 4.925321,
            "epoch_time": 45.23539876937866,
            "validation_accuracy": 0.0
        },
        "2": {
            "steps": {
                "1": 0.350544,
                "2": 0.347862,
                "3": 0.346256,
                "4": 0.34832,
                "5": 0.347728,
                "6": 0.348962,
                "7": 0.350134,
                "8": 0.345484,
                "9": 0.347062,
                "10": 0.349482,
                "11": 0.350498,
                "12": 0.34904,
                "13": 0.34727,
                "14": 0.348507,
                "15": 0.349813,
                "16": 0.348719,
                "17": 0.350476,
                "18": 0.350909,
                "19": 0.350792,
                "20": 0.347414,
                "21": 0.348796,
                "22": 0.349987,
                "23": 0.350873,
                "24": 0.349895,
                "25": 0.351389,
                "26": 0.350652,
                "27": 0.351509,
                "28": 0.350902,
                "29": 0.352198,
                "30": 0.354963,
                "31": 0.34985,
                "32": 0.351702,
                "33": 0.352772,
                "34": 0.353572,
                "35": 0.356585,
                "36": 0.349611,
                "37": 0.348283,
                "38": 0.359401,
                "39": 0.352011,
                "40": 0.355665,
                "41": 0.35484,
                "42": 0.355395,
                "43": 0.354254,
                "44": 0.3528,
                "45": 0.353599,
                "46": 0.354053,
                "47": 0.357575,
                "48": 0.353992,
                "49": 0.30137
            },
            "validation_time": 0.857481,
            "epoch_time": 18.014662742614746,
            "validation_accuracy": 0.0999
        },
        "3": {
            "steps": {
                "1": 0.352439,
                "2": 0.352188,
                "3": 0.361399,
                "4": 0.356902,
                "5": 0.353632,
                "6": 0.354481,
                "7": 0.353784,
                "8": 0.358034,
                "9": 0.355693,
                "10": 0.355805,
                "11": 0.357084,
                "12": 0.357387,
                "13": 0.354781,
                "14": 0.357944,
                "15": 0.35977,
                "16": 0.355472,
                "17": 0.357379,
                "18": 0.357124,
                "19": 0.359478,
                "20": 0.358671,
                "21": 0.356992,
                "22": 0.357544,
                "23": 0.35913,
                "24": 0.361285,
                "25": 0.357325,
                "26": 0.359977,
                "27": 0.359749,
                "28": 0.357259,
                "29": 0.358834,
                "30": 0.357803,
                "31": 0.359819,
                "32": 0.357851,
                "33": 0.361055,
                "34": 0.359723,
                "35": 0.355472,
                "36": 0.358584,
                "37": 0.364199,
                "38": 0.35919,
                "39": 0.358686,
                "40": 0.360635,
                "41": 0.364455,
                "42": 0.360262,
                "43": 0.360007,
                "44": 0.357988,
                "45": 0.360548,
                "46": 0.362684,
                "47": 0.362536,
                "48": 0.358073,
                "49": 0.309535
            },
            "validation_time": 0.854282,
            "epoch_time": 18.36428713798523,
            "validation_accuracy": 0.0
        },
        "4": {
            "steps": {
                "1": 0.35843,
                "2": 0.358005,
                "3": 0.368251,
                "4": 0.364687,
                "5": 0.362554,
                "6": 0.364592,
                "7": 0.365128,
                "8": 0.363442,
                "9": 0.350094,
                "10": 0.365309,
                "11": 0.362558,
                "12": 0.362334,
                "13": 0.362815,
                "14": 0.365689,
                "15": 0.36262,
                "16": 0.364193,
                "17": 0.362039,
                "18": 0.346381,
                "19": 0.370537,
                "20": 0.367802,
                "21": 0.359671,
                "22": 0.360476,
                "23": 0.364235,
                "24": 0.365431,
                "25": 0.36503,
                "26": 0.367064,
                "27": 0.364301,
                "28": 0.366434,
                "29": 0.366326,
                "30": 0.364424,
                "31": 0.365209,
                "32": 0.365476,
                "33": 0.366862,
                "34": 0.36739,
                "35": 0.365074,
                "36": 0.367239,
                "37": 0.366742,
                "38": 0.364576,
                "39": 0.364219,
                "40": 0.367809,
                "41": 0.364892,
                "42": 0.365903,
                "43": 0.367391,
                "44": 0.363767,
                "45": 0.367486,
                "46": 0.368114,
                "47": 0.363855,
                "48": 0.366199,
                "49": 0.319864
            },
            "validation_time": 0.866046,
            "epoch_time": 18.66838526725769,
            "validation_accuracy": 0.0999
        },
        "5": {
            "steps": {
                "1": 0.36937,
                "2": 0.366769,
                "3": 0.368895,
                "4": 0.368412,
                "5": 0.364604,
                "6": 0.364374,
                "7": 0.368128,
                "8": 0.366105,
                "9": 0.366594,
                "10": 0.364335,
                "11": 0.368688,
                "12": 0.368063,
                "13": 0.367894,
                "14": 0.369416,
                "15": 0.369848,
                "16": 0.37043,
                "17": 0.369922,
                "18": 0.369075,
                "19": 0.367107,
                "20": 0.369658,
                "21": 0.371942,
                "22": 0.367039,
                "23": 0.368193,
                "24": 0.37074,
                "25": 0.370333,