{
    "init": 4.756324052810669,
    "total_training": 37.227793932,
    "epochs": {
        "1": {
            "steps": {
                "1": 9.03418278694,
                "2": 0.214205026627,
                "3": 0.211914777756,
                "4": 0.213881015778,
                "5": 0.214521169662,
                "6": 0.214841127396,
                "7": 0.214543104172,
                "8": 0.214802980423,
                "9": 0.215064048767,
                "10": 0.212351083755,
                "11": 0.212422132492,
                "12": 0.213121175766,
                "13": 0.212397098541,
                "14": 0.21262717247,
                "15": 0.21250295639,
                "16": 0.21247792244,
                "17": 0.214512109756,
                "18": 0.213489055634,
                "19": 0.202338933945,
                "20": 1.12203502655
            },
            "validation_time": 0.28591203689,
            "epoch_time": 14.3209788799
        },
        "2": {
            "steps": {
                "1": 0.213426113129,
                "2": 0.212818145752,
                "3": 0.212316036224,
                "4": 0.209666013718,
                "5": 0.211897134781,
                "6": 0.211976051331,
                "7": 0.212199926376,
                "8": 0.212188959122,
                "9": 0.212257862091,
                "10": 0.211652994156,
                "11": 0.209172010422,
                "12": 0.212810993195,
                "13": 0.211688041687,
                "14": 0.212788105011,
                "15": 0.212708950043,
                "16": 0.212241888046,
                "17": 0.209985017776,
                "18": 0.212490081787,
                "19": 0.20299911499,
                "20": 0.129028081894
            },
            "validation_time": 0.022299051284,
            "epoch_time": 4.21575593948
        },
        "3": {
            "steps": {
                "1": 0.21279501915,
                "2": 0.215065956116,
                "3": 0.214406013489,
                "4": 0.212311983109,
                "5": 0.213176012039,
                "6": 0.212179899216,
                "7": 0.213593959808,
                "8": 0.21280002594,
                "9": 0.214586019516,
                "10": 0.213238954544,
                "11": 0.212936162949,
                "12": 0.214430093765,
                "13": 0.213976860046,
                "14": 0.214577913284,
                "15": 0.213628053665,
                "16": 0.213819980621,
                "17": 0.217427015305,
                "18": 0.213351011276,
                "19": 0.202876091003,
                "20": 0.120450973511
            },
            "validation_time": 0.0225951671,
            "epoch_time": 4.24115586281
        },
        "4": {
            "steps": {
                "1": 0.212265968323,
                "2": 0.213947057724,
                "3": 0.213670969009,
                "4": 0.211519956589,
                "5": 0.211891889572,
                "6": 0.213572025299,
                "7": 0.209713935852,
                "8": 0.21383190155,
                "9": 0.21243596077,
                "10": 0.211389064789,
                "11": 0.213147878647,
                "12": 0.212646007538,
                "13": 0.212270021439,
                "14": 0.21341085434,
                "15": 0.212847948074,
                "16": 0.212378025055,
                "17": 0.212603807449,
                "18": 0.214422941208,
                "19": 0.205291032791,
                "20": 0.149731874466
            },
            "validation_time": 0.023004055023,
            "epoch_time": 4.25264906883
        },
        "5": {
            "steps": {
                "1": 0.214913845062,
                "2": 0.210695028305,
                "3": 0.214534044266,
                "4": 0.213376998901,
                "5": 0.209779024124,
                "6": 0.212837934494,
                "7": 0.212751865387,
                "8": 0.213505983353,
                "9": 0.213057041168,
                "10": 0.21454501152,
                "11": 0.214226961136,
                "12": 0.213413953781,
                "13": 0.214876174927,
                "14": 0.213633060455,
                "15": 0.212816953659,
                "16": 0.213716983795,
                "17": 0.214781045914,
                "18": 0.213459014893,
                "19": 0.20340180397,
                "20": 0.15420794487
            },
            "validation_time": 0.02309703826,
            "epoch_time": 4.26904201508
        }
    }
}
