{
    "init": 4.476380109786987,
    "total_training": 36.4820210934,
    "largest_real_time_delta": 30.490000009536743,
    "fit_time": 31.8598361015,
    "write_model_time": 0.14576792717,
    "epochs": {
        "1": {
            "steps": {
                "1": 11.7286779881,
                "2": 0.182291030884,
                "3": 0.181893825531,
                "4": 0.173780918121,
                "5": 0.172127008438,
                "6": 0.180620908737,
                "7": 0.182745933533,
                "8": 0.182625055313,
                "9": 0.180855989456,
                "10": 0.183928012848,
                "11": 0.179885864258,
                "12": 0.181499004364,
                "13": 0.179666042328,
                "14": 0.180566072464,
                "15": 0.179206132889,
                "16": 0.179845094681,
                "17": 0.179824829102,
                "18": 0.181707859039,
                "19": 0.174358129501,
                "20": 0.995418071747
            },
            "validation_time": 0.281275033951,
            "epoch_time": 16.2701160908
        },
        "2": {
            "steps": {
                "1": 0.180906057358,
                "2": 0.182916879654,
                "3": 0.18283200264,
                "4": 0.182327032089,
                "5": 0.182024002075,
                "6": 0.183403968811,
                "7": 0.182246923447,
                "8": 0.177147865295,
                "9": 0.181898117065,
                "10": 0.17893910408,
                "11": 0.173205852509,
                "12": 0.175052881241,
                "13": 0.182766914368,
                "14": 0.180453062057,
                "15": 0.179740190506,
                "16": 0.180938005447,
                "17": 0.173892974854,
                "18": 0.180115938187,
                "19": 0.170824050903,
                "20": 0.119131088257
            },
            "validation_time": 0.0200431346893,
            "epoch_time": 3.57822299004
        },
        "3": {
            "steps": {
                "1": 0.183533191681,
                "2": 0.180448055267,
                "3": 0.175352096558,
                "4": 0.184283971786,
                "5": 0.177621126175,
                "6": 0.180781126022,
                "7": 0.180508852005,
                "8": 0.181306123734,
                "9": 0.18202996254,
                "10": 0.180661916733,
                "11": 0.181196928024,
                "12": 0.181385993958,
                "13": 0.182667016983,
                "14": 0.17596411705,
                "15": 0.179917097092,
                "16": 0.181114912033,
                "17": 0.177910089493,
                "18": 0.18118596077,
                "19": 0.175084114075,
                "20": 0.1116938591
            },
            "validation_time": 0.0233042240143,
            "epoch_time": 3.58536100388
        },
        "4": {
            "steps": {
                "1": 0.180014848709,
                "2": 0.17998290062,
                "3": 0.17977309227,
                "4": 0.181105136871,
                "5": 0.173567056656,
                "6": 0.175117015839,
                "7": 0.169275045395,
                "8": 0.177711963654,
                "9": 0.177764177322,
                "10": 0.181447982788,
                "11": 0.18059015274,
                "12": 0.171304941177,
                "13": 0.173101902008,
                "14": 0.180965900421,
                "15": 0.179675102234,
                "16": 0.180592060089,
                "17": 0.172770023346,
                "18": 0.179386138916,
                "19": 0.171772956848,
                "20": 0.115072965622
            },
            "validation_time": 0.0199739933014,
            "epoch_time": 3.52720212936
        },
        "5": {
            "steps": {
                "1": 0.169347047806,
                "2": 0.180302143097,
                "3": 0.178723812103,
                "4": 0.180274009705,
                "5": 0.17875790596,
                "6": 0.179724931717,
                "7": 0.170377969742,
                "8": 0.171518087387,
                "9": 0.178824901581,
                "10": 0.17863702774,
                "11": 0.172465085983,
                "12": 0.180145978928,
                "13": 0.179972171783,
                "14": 0.180180072784,
                "15": 0.179412841797,
                "16": 0.179740905762,
                "17": 0.178441047668,
                "18": 0.179720163345,
                "19": 0.173722982407,
                "20": 0.113112926483
            },
            "validation_time": 0.0200879573822,
            "epoch_time": 3.52972912788
        }
    }
}
