{
    "init": -1.0,
    "total_training": 98.36227059364319,
    "largest_real_time_delta": 94.4856390953064,
    "fit_time": 98.36227059364319,
    "write_model_time": -1.0,
    "epochs": {
        "1": {
            "steps": {
                "1": 58.962539,
                "2": 0.056867,
                "3": 0.054316,
                "4": 0.053614,
                "5": 0.053311,
                "6": 0.055945,
                "7": 0.052502,
                "8": 0.054231,
                "9": 0.055372,
                "10": 0.05338,
                "11": 0.056074,
                "12": 0.054483,
                "13": 0.053907,
                "14": 0.053975,
                "15": 0.051589,
                "16": 0.052468,
                "17": 0.05778,
                "18": 0.05329,
                "19": 0.054943,
                "20": 0.056537,
                "21": 0.053702,
                "22": 0.051588,
                "23": 0.053983,
                "24": 0.053662,
                "25": 0.053228,
                "26": 0.05365,
                "27": 0.053252,
                "28": 0.053681,
                "29": 0.050578,
                "30": 0.0563,
                "31": 0.057238,
                "32": 0.054852,
                "33": 0.056345,
                "34": 0.053368,
                "35": 0.052869,
                "36": 0.054146,
                "37": 0.054437,
                "38": 0.052903,
                "39": 0.053063,
                "40": 0.054828,
                "41": 0.053937,
                "42": 0.057298,
                "43": 0.054811,
                "44": 0.053209,
                "45": 0.054934,
                "46": 0.053596,
                "47": 0.056022,
                "48": 0.054471,
                "49": 0.053552,
                "50": 0.055405,
                "51": 0.05349,
                "52": 0.052566,
                "53": 0.055159,
                "54": 0.053687,
                "55": 0.05474,
                "56": 0.051839,
                "57": 0.053344,
                "58": 0.053157,
                "59": 0.051915,
                "60": 0.052633,
                "61": 0.052692,
                "62": 0.058175,
                "63": 0.053373,
                "64": 0.051616,
                "65": 0.053204,
                "66": 0.055187,
                "67": 0.05398,
                "68": 0.055086,
                "69": 0.054809,
                "70": 0.054202,
                "71": 0.052437,
                "72": 0.053687,
                "73": 0.053461,
                "74": 0.052916,
                "75": 0.0539,
                "76": 0.054051,
                "77": 0.052776,
                "78": 0.053607,
                "79": 0.051052,
                "80": 0.055128,
                "81": 0.053394,
                "82": 0.058129,
                "83": 0.054491,
                "84": 0.052829,
                "85": 0.057836,
                "86": 0.053426,
                "87": 0.054377,
                "88": 0.053445,
                "89": 0.053795,
                "90": 0.052825,
                "91": 0.053269,
                "92": 0.059927,
                "93": 0.054373,
                "94": 0.053291,
                "95": 0.054072,
                "96": 0.054215,
                "97": 0.053098,
                "98": 0.949679
            },
            "validation_time": 5.690596,
            "epoch_time": 71.73057794570923,
            "validation_accuracy": 0.0997
        },
        "2": {
            "steps": {
                "1": 0.057862,
                "2": 0.056067,
                "3": 0.059036,
                "4": 0.053432,
                "5": 0.052095,
                "6": 0.053104,
                "7": 0.053793,
                "8": 0.053057,
                "9": 0.054498,
                "10": 0.054382,
                "11": 0.054364,
                "12": 0.053882,
                "13": 0.057038,
                "14": 0.055934,
                "15": 0.053063,
                "16": 0.052501,
                "17": 0.052588,
                "18": 0.053434,
                "19": 0.052544,
                "20": 0.055489,
                "21": 0.054058,
                "22": 0.051077,
                "23": 0.051682,
                "24": 0.052304,
                "25": 0.053615,
                "26": 0.052842,
                "27": 0.053153,
                "28": 0.052065,
                "29": 0.054312,
                "30": 0.054366,
                "31": 0.056354,
                "32": 0.053554,
                "33": 0.059777,
                "34": 0.0561,
                "35": 0.053175,
                "36": 0.051968,
                "37": 0.054671,
                "38": 0.057382,
                "39": 0.054466,
                "40": 0.05994,
                "41": 0.055428,
                "42": 0.053502,
                "43": 0.052907,
                "44": 0.051459,
                "45": 0.051945,
                "46": 0.051598,
                "47": 0.053633,
                "48": 0.053913,
                "49": 0.057292,
                "50": 0.056166,
                "51": 0.057723,
                "52": 0.054673,
                "53": 0.054511,
                "54": 0.054106,
                "55": 0.053268,
                "56": 0.054211,
                "57": 0.053346,
                "58": 0.054591,
                "59": 0.056369,
                "60": 0.052849,
                "61": 0.055592,
                "62": 0.05559,
                "63": 0.055312,
                "64": 0.053371,
                "65": 0.057302,
                "66": 0.053766,
                "67": 0.053407,
                "68": 0.054627,
                "69": 0.055709,
                "70": 0.054031,
                "71": 0.054109,
                "72": 0.053457,
                "73": 0.053634,
                "74": 0.058898,
                "75": 0.053658,
                "76": 0.051922,
                "77": 0.052958,
                "78": 0.056756,
                "79": 0.053147,
                "80": 0.053364,
                "81": 0.052258,
                "82": 0.053661,
                "83": 0.05367,
                "84": 0.053738,
                "85": 0.054597,
                "86": 0.054827,
                "87": 0.055021,
                "88": 0.053736,
                "89": 0.053404,
                "90": 0.055164,
                "91": 0.053449,
                "92": 0.05268,
                "93": 0.053315,
                "94": 0.05324,
                "95": 0.052999,
                "96": 0.052566,
                "97": 0.056156,
                "98": 0.079928
            },
            "validation_time": 0.330662,
            "epoch_time": 5.680049896240234,
            "validation_accuracy": 0.0999
        },
        "3": {
            "steps": {
                "1": 0.054475,
                "2": 0.053099,
                "3": 0.054574,
                "4": 0.053753,
                "5": 0.053758,
                "6": 0.05371,
                "7": 0.054001,
                "8": 0.05455,
                "9": 0.053984,
                "10": 0.055729,
                "11": 0.054981,
                "12": 0.053722,
                "13": 0.053792,
                "14": 0.053257,
                "15": 0.052853,
                "16": 0.054811,
                "17": 0.053371,
                "18": 0.053609,
                "19": 0.05391,
                "20": 0.054519,
                "21": 0.053324,
                "22": 0.052541,
                "23": 0.053276,
                "24": 0.05332,
                "25": 0.057596,
                "26": 0.054362,
                "27": 0.057295,
                "28": 0.053402,
                "29": 0.054358,
                "30": 0.054886,
                "31": 0.051746,
                "32": 0.055455,
                "33": 0.053992,
                "34": 0.052845,
                "35": 0.056301,
                "36": 0.058007,