{
    "init": -1.0,
    "total_training": 98.93248748779297,
    "largest_real_time_delta": 95.07451677322388,
    "fit_time": 98.93248748779297,
    "write_model_time": -1.0,
    "epochs": {
        "1": {
            "steps": {
                "1": 58.511996,
                "2": 0.055544,
                "3": 0.05531,
                "4": 0.059438,
                "5": 0.053098,
                "6": 0.052889,
                "7": 0.053342,
                "8": 0.053212,
                "9": 0.05637,
                "10": 0.054305,
                "11": 0.052528,
                "12": 0.05687,
                "13": 0.054128,
                "14": 0.053295,
                "15": 0.053039,
                "16": 0.053029,
                "17": 0.052078,
                "18": 0.054007,
                "19": 0.057689,
                "20": 0.053132,
                "21": 0.054332,
                "22": 0.051158,
                "23": 0.056412,
                "24": 0.053249,
                "25": 0.053426,
                "26": 0.052491,
                "27": 0.052332,
                "28": 0.051291,
                "29": 0.054086,
                "30": 0.052502,
                "31": 0.053542,
                "32": 0.050548,
                "33": 0.053466,
                "34": 0.056827,
                "35": 0.053221,
                "36": 0.057646,
                "37": 0.058392,
                "38": 0.05484,
                "39": 0.054381,
                "40": 0.054644,
                "41": 0.050956,
                "42": 0.052888,
                "43": 0.052513,
                "44": 0.053481,
                "45": 0.05197,
                "46": 0.053497,
                "47": 0.056682,
                "48": 0.054626,
                "49": 0.056034,
                "50": 0.05815,
                "51": 0.052454,
                "52": 0.053067,
                "53": 0.053234,
                "54": 0.056507,
                "55": 0.052658,
                "56": 0.056074,
                "57": 0.058883,
                "58": 0.056827,
                "59": 0.054961,
                "60": 0.053196,
                "61": 0.054288,
                "62": 0.054267,
                "63": 0.053274,
                "64": 0.053308,
                "65": 0.0548,
                "66": 0.053091,
                "67": 0.052869,
                "68": 0.053938,
                "69": 0.056092,
                "70": 0.059707,
                "71": 0.052343,
                "72": 0.055705,
                "73": 0.053904,
                "74": 0.052983,
                "75": 0.058282,
                "76": 0.053371,
                "77": 0.054429,
                "78": 0.054459,
                "79": 0.058174,
                "80": 0.057834,
                "81": 0.053092,
                "82": 0.050351,
                "83": 0.053334,
                "84": 0.052225,
                "85": 0.053013,
                "86": 0.0536,
                "87": 0.057582,
                "88": 0.053246,
                "89": 0.053023,
                "90": 0.055145,
                "91": 0.053734,
                "92": 0.0544,
                "93": 0.056193,
                "94": 0.054102,
                "95": 0.055718,
                "96": 0.053725,
                "97": 0.053081,
                "98": 0.94848
            },
            "validation_time": 6.717344,
            "epoch_time": 72.32793736457825,
            "validation_accuracy": 0.0984
        },
        "2": {
            "steps": {
                "1": 0.053922,
                "2": 0.054806,
                "3": 0.052877,
                "4": 0.052889,
                "5": 0.053973,
                "6": 0.054969,
                "7": 0.055474,
                "8": 0.054035,
                "9": 0.053324,
                "10": 0.058947,
                "11": 0.053109,
                "12": 0.057782,
                "13": 0.055353,
                "14": 0.056185,
                "15": 0.05157,
                "16": 0.051088,
                "17": 0.054989,
                "18": 0.05236,
                "19": 0.053211,
                "20": 0.057948,
                "21": 0.054093,
                "22": 0.057812,
                "23": 0.052846,
                "24": 0.055173,
                "25": 0.053778,
                "26": 0.053364,
                "27": 0.053366,
                "28": 0.054348,
                "29": 0.053852,
                "30": 0.054139,
                "31": 0.056581,
                "32": 0.050902,
                "33": 0.053852,
                "34": 0.05393,
                "35": 0.053781,
                "36": 0.056607,
                "37": 0.053957,
                "38": 0.058403,
                "39": 0.059337,
                "40": 0.054916,
                "41": 0.055582,
                "42": 0.053505,
                "43": 0.053766,
                "44": 0.055247,
                "45": 0.054059,
                "46": 0.053819,
                "47": 0.055867,
                "48": 0.057004,
                "49": 0.053826,
                "50": 0.051608,
                "51": 0.059768,
                "52": 0.0527,
                "53": 0.053096,
                "54": 0.058389,
                "55": 0.054294,
                "56": 0.055036,
                "57": 0.050787,
                "58": 0.058882,
                "59": 0.058944,
                "60": 0.052961,
                "61": 0.055852,
                "62": 0.057016,
                "63": 0.05121,
                "64": 0.053972,
                "65": 0.058805,
                "66": 0.055678,
                "67": 0.053077,
                "68": 0.053939,
                "69": 0.057463,
                "70": 0.054968,
                "71": 0.053946,
                "72": 0.05301,
                "73": 0.055058,
                "74": 0.052467,
                "75": 0.05324,
                "76": 0.052696,
                "77": 0.050982,
                "78": 0.050863,
                "79": 0.052164,
                "80": 0.055714,
                "81": 0.051725,
                "82": 0.057166,
                "83": 0.054481,
                "84": 0.053791,
                "85": 0.051184,
                "86": 0.052813,
                "87": 0.05319,
                "88": 0.052508,
                "89": 0.052864,
                "90": 0.053088,
                "91": 0.05343,
                "92": 0.053164,
                "93": 0.053385,
                "94": 0.052184,
                "95": 0.053906,
                "96": 0.053359,
                "97": 0.052306,
                "98": 0.076135
            },
            "validation_time": 0.324965,
            "epoch_time": 5.676438331604004,
            "validation_accuracy": 0.0998
        },
        "3": {
            "steps": {
                "1": 0.053659,
                "2": 0.052687,
                "3": 0.053748,
                "4": 0.054466,
                "5": 0.053849,
                "6": 0.053624,
                "7": 0.053986,
                "8": 0.05622,
                "9": 0.052998,
                "10": 0.052575,
                "11": 0.052732,
                "12": 0.054043,
                "13": 0.053908,
                "14": 0.05445,
                "15": 0.053465,
                "16": 0.053402,
                "17": 0.052402,
                "18": 0.053692,
                "19": 0.053043,
                "20": 0.053078,
                "21": 0.053881,
                "22": 0.053132,
                "23": 0.057271,
                "24": 0.057812,
                "25": 0.053693,
                "26": 0.053285,
                "27": 0.055082,
                "28": 0.052571,
                "29": 0.053907,
                "30": 0.052811,
                "31": 0.053283,
                "32": 0.054984,
                "33": 0.055078,
                "34": 0.05272,
                "35": 0.053474,
                "36": 0.054837,