{
    "init": -1.0,
    "total_training": 93.13703966140747,
    "largest_real_time_delta": 89.81546068191528,
    "fit_time": 93.13703966140747,
    "write_model_time": -1.0,
    "epochs": {
        "1": {
            "steps": {
                "1": 45.918394,
                "2": 0.137841,
                "3": 0.138081,
                "4": 0.137366,
                "5": 0.137038,
                "6": 0.136086,
                "7": 0.138373,
                "8": 0.137437,
                "9": 0.138726,
                "10": 0.136398,
                "11": 0.137168,
                "12": 0.139307,
                "13": 0.135466,
                "14": 0.13736,
                "15": 0.13775,
                "16": 0.135077,
                "17": 0.137212,
                "18": 0.135952,
                "19": 0.140076,
                "20": 0.139989,
                "21": 0.13728,
                "22": 0.137058,
                "23": 0.136987,
                "24": 0.13939,
                "25": 0.138108,
                "26": 0.13586,
                "27": 0.136594,
                "28": 0.136919,
                "29": 0.137212,
                "30": 0.137705,
                "31": 0.138107,
                "32": 0.136328,
                "33": 0.139901,
                "34": 0.136216,
                "35": 0.137026,
                "36": 0.136607,
                "37": 0.138627,
                "38": 0.136907,
                "39": 0.137966,
                "40": 0.13607,
                "41": 0.140626,
                "42": 0.139078,
                "43": 0.136697,
                "44": 0.136401,
                "45": 0.136785,
                "46": 0.139071,
                "47": 0.136415,
                "48": 0.136677,
                "49": 3.047285
            },
            "validation_time": 4.98888,
            "epoch_time": 61.19280958175659
        },
        "2": {
            "steps": {
                "1": 0.142184,
                "2": 0.136845,
                "3": 0.138247,
                "4": 0.138489,
                "5": 0.138803,
                "6": 0.136011,
                "7": 0.137868,
                "8": 0.137361,
                "9": 0.139467,
                "10": 0.13916,
                "11": 0.135974,
                "12": 0.13781,
                "13": 0.136728,
                "14": 0.138932,
                "15": 0.138139,
                "16": 0.136428,
                "17": 0.13863,
                "18": 0.13806,
                "19": 0.139368,
                "20": 0.137253,
                "21": 0.136396,
                "22": 0.137509,
                "23": 0.138891,
                "24": 0.138196,
                "25": 0.136404,
                "26": 0.137986,
                "27": 0.140372,
                "28": 0.138811,
                "29": 0.138818,
                "30": 0.137698,
                "31": 0.137791,
                "32": 0.138377,
                "33": 0.140723,
                "34": 0.139057,
                "35": 0.140702,
                "36": 0.138192,
                "37": 0.137593,
                "38": 0.138752,
                "39": 0.137729,
                "40": 0.139983,
                "41": 0.139251,
                "42": 0.13871,
                "43": 0.137396,
                "44": 0.138655,
                "45": 0.138759,
                "46": 0.141672,
                "47": 0.140755,
                "48": 0.138813,
                "49": 0.146753
            },
            "validation_time": 0.304961,
            "epoch_time": 7.1020567417144775
        },
        "3": {
            "steps": {
                "1": 0.139162,
                "2": 0.138632,
                "3": 0.140987,
                "4": 0.137692,
                "5": 0.138565,
                "6": 0.138846,
                "7": 0.139074,
                "8": 0.138876,
                "9": 0.139373,
                "10": 0.138486,
                "11": 0.138532,
                "12": 0.137619,
                "13": 0.139996,
                "14": 0.140596,
                "15": 0.138416,
                "16": 0.13788,
                "17": 0.13747,
                "18": 0.137759,
                "19": 0.139882,
                "20": 0.140666,
                "21": 0.139388,
                "22": 0.137294,
                "23": 0.137999,
                "24": 0.139677,
                "25": 0.141079,
                "26": 0.141022,
                "27": 0.140398,
                "28": 0.139624,
                "29": 0.139388,
                "30": 0.137534,
                "31": 0.138622,
                "32": 0.140344,
                "33": 0.139881,
                "34": 0.139454,
                "35": 0.140378,
                "36": 0.141149,
                "37": 0.138491,
                "38": 0.137056,
                "39": 0.137958,
                "40": 0.13969,
                "41": 0.140572,
                "42": 0.140286,
                "43": 0.139226,
                "44": 0.137578,
                "45": 0.13697,
                "46": 0.138848,
                "47": 0.139321,
                "48": 0.141086,
                "49": 0.14501
            },
            "validation_time": 0.320847,
            "epoch_time": 7.149089097976685
        },
        "4": {
            "steps": {
                "1": 0.1408,
                "2": 0.140125,
                "3": 0.138999,
                "4": 0.137629,
                "5": 0.137597,
                "6": 0.139082,
                "7": 0.141138,
                "8": 0.139089,
                "9": 0.140567,
                "10": 0.141691,
                "11": 0.141557,
                "12": 0.140374,
                "13": 0.138942,
                "14": 0.137756,
                "15": 0.137579,
                "16": 0.139686,
                "17": 0.14008,
                "18": 0.141611,
                "19": 0.141199,
                "20": 0.140483,
                "21": 0.139393,
                "22": 0.137592,
                "23": 0.139316,
                "24": 0.137336,
                "25": 0.139244,
                "26": 0.140894,
                "27": 0.141833,
                "28": 0.140389,
                "29": 0.138984,
                "30": 0.139331,
                "31": 0.137524,
                "32": 0.138284,
                "33": 0.139379,
                "34": 0.140646,
                "35": 0.140913,
                "36": 0.140614,
                "37": 0.138686,
                "38": 0.137442,
                "39": 0.137757,
                "40": 0.140888,
                "41": 0.140113,
                "42": 0.140881,
                "43": 0.141062,
                "44": 0.140511,
                "45": 0.138146,
                "46": 0.138123,
                "47": 0.137716,
                "48": 0.139158,
                "49": 0.14477
            },
            "validation_time": 0.320198,
            "epoch_time": 7.167377710342407
        },
        "5": {
            "steps": {
                "1": 0.139847,
                "2": 0.139772,
                "3": 0.140115,
                "4": 0.139112,
                "5": 0.139531,
                "6": 0.137727,
                "7": 0.137897,
                "8": 0.139731,
                "9": 0.141144,
                "10": 0.141241,
                "11": 0.140876,
                "12": 0.142286,
                "13": 0.139187,
                "14": 0.140319,
                "15": 0.138138,
                "16": 0.136872,
                "17": 0.139264,
                "18": 0.14144,
                "19": 0.140446,
                "20": 0.139986,
                "21": 0.138586,
                "22": 0.13828,
                "23": 0.139959,
                "24": 0.137834,
                "25": 0.139195,
                "26": 0.141225,
                "27": 0.139891,
                "28": 0.139658,
                "29": 0.138654,
                "30": 0.138583,