{
    "init": -1.0,
    "total_training": 17.881767511367798,
    "largest_real_time_delta": 14.805887699127197,
    "fit_time": -1.0,
    "write_model_time": -1.0,
    "epochs": {
        "1": {
            "steps": {
                "1": 2.701697,
                "2": 0.039314,
                "3": 0.037313,
                "4": 0.038295,
                "5": 0.038281,
                "6": 0.038415,
                "7": 0.038467,
                "8": 0.038412,
                "9": 0.037701,
                "10": 0.038702,
                "11": 0.03714,
                "12": 0.038628,
                "13": 0.037889,
                "14": 0.040002,
                "15": 0.037807,
                "16": 0.039917,
                "17": 0.037982,
                "18": 0.039678,
                "19": 0.037886,
                "20": 0.037527,
                "21": 0.037415,
                "22": 0.037944,
                "23": 0.037933,
                "24": 0.038265,
                "25": 0.038854,
                "26": 0.038423,
                "27": 0.037463,
                "28": 0.038778,
                "29": 0.037512,
                "30": 0.037992,
                "31": 0.037903,
                "32": 0.038342,
                "33": 0.038328,
                "34": 0.038366,
                "35": 0.03756,
                "36": 0.037264,
                "37": 0.037844,
                "38": 0.038346,
                "39": 0.037901,
                "40": 0.038154,
                "41": 0.037696,
                "42": 0.037681,
                "43": 0.037139,
                "44": 0.03762,
                "45": 0.037478,
                "46": 0.037621,
                "47": 0.037844,
                "48": 0.038008,
                "49": 0.03748,
                "50": 0.037785,
                "51": 0.038798,
                "52": 0.039155,
                "53": 0.038249,
                "54": 0.038299,
                "55": 0.038182,
                "56": 0.038149,
                "57": 0.037299,
                "58": 0.037048,
                "59": 0.239348
            },
            "validation_accuracy": 0.9403,
            "validation_time": 0.253299,
            "epoch_time": 5.369413375854492
        },
        "2": {
            "steps": {
                "1": 0.039276,
                "2": 0.038,
                "3": 0.037625,
                "4": 0.037238,
                "5": 0.038536,
                "6": 0.038239,
                "7": 0.038116,
                "8": 0.038139,
                "9": 0.038134,
                "10": 0.038011,
                "11": 0.037091,
                "12": 0.038009,
                "13": 0.038356,
                "14": 0.037957,
                "15": 0.03845,
                "16": 0.038103,
                "17": 0.038621,
                "18": 0.03818,
                "19": 0.037558,
                "20": 0.037958,
                "21": 0.038337,
                "22": 0.038067,
                "23": 0.038184,
                "24": 0.038638,
                "25": 0.038523,
                "26": 0.03861,
                "27": 0.03768,
                "28": 0.037103,
                "29": 0.038381,
                "30": 0.03842,
                "31": 0.038239,
                "32": 0.037808,
                "33": 0.038814,
                "34": 0.039005,
                "35": 0.038137,
                "36": 0.037168,
                "37": 0.037727,
                "38": 0.038083,
                "39": 0.038265,
                "40": 0.037781,
                "41": 0.038355,
                "42": 0.0383,
                "43": 0.038039,
                "44": 0.037169,
                "45": 0.037857,
                "46": 0.038297,
                "47": 0.038275,
                "48": 0.037951,
                "49": 0.038737,
                "50": 0.038852,
                "51": 0.038343,
                "52": 0.037259,
                "53": 0.037581,
                "54": 0.038182,
                "55": 0.038354,
                "56": 0.037737,
                "57": 0.038562,
                "58": 0.037961,
                "59": 0.024531
            },
            "validation_accuracy": 0.9683,
            "validation_time": 0.11972,
            "epoch_time": 2.356886386871338
        },
        "3": {
            "steps": {
                "1": 0.037536,
                "2": 0.037912,
                "3": 0.037842,
                "4": 0.037302,
                "5": 0.038029,
                "6": 0.038411,
                "7": 0.038499,
                "8": 0.037849,
                "9": 0.03838,
                "10": 0.038325,
                "11": 0.037827,
                "12": 0.037297,
                "13": 0.038111,
                "14": 0.039041,
                "15": 0.038542,
                "16": 0.03828,
                "17": 0.038356,
                "18": 0.038894,
                "19": 0.038527,
                "20": 0.037694,
                "21": 0.037771,
                "22": 0.03886,
                "23": 0.039008,
                "24": 0.038604,
                "25": 0.038038,
                "26": 0.039023,
                "27": 0.039251,
                "28": 0.038459,
                "29": 0.03792,
                "30": 0.03796,
                "31": 0.037693,
                "32": 0.038294,
                "33": 0.038121,
                "34": 0.038431,
                "35": 0.038566,
                "36": 0.038186,
                "37": 0.038181,
                "38": 0.037326,
                "39": 0.037615,
                "40": 0.038093,
                "41": 0.038531,
                "42": 0.038577,
                "43": 0.038552,
                "44": 0.039349,
                "45": 0.038554,
                "46": 0.037812,
                "47": 0.037869,
                "48": 0.037838,
                "49": 0.038445,
                "50": 0.038466,
                "51": 0.038402,
                "52": 0.038774,
                "53": 0.03897,
                "54": 0.038189,
                "55": 0.038658,
                "56": 0.037772,
                "57": 0.037464,
                "58": 0.037677,
                "59": 0.024681
            },
            "validation_accuracy": 0.976,
            "validation_time": 0.117769,
            "epoch_time": 2.362626075744629
        },
        "4": {
            "steps": {
                "1": 0.037522,
                "2": 0.038058,
                "3": 0.038003,
                "4": 0.038214,
                "5": 0.037913,
                "6": 0.037775,
                "7": 0.037648,
                "8": 0.037791,
                "9": 0.038776,
                "10": 0.038652,
                "11": 0.038368,
                "12": 0.038266,
                "13": 0.038622,
                "14": 0.037906,
                "15": 0.037846,
                "16": 0.037129,
                "17": 0.038246,
                "18": 0.038434,
                "19": 0.038609,
                "20": 0.038021,
                "21": 0.038378,
                "22": 0.038114,
                "23": 0.037954,
                "24": 0.037247,
                "25": 0.038264,
                "26": 0.037835,
                "27": 0.03846,
                "28": 0.038005,
                "29": 0.038577,
                "30": 0.038299,
                "31": 0.038208,
                "32": 0.037322,
                "33": 0.03831,
                "34": 0.038093,
                "35": 0.03881,
                "36": 0.038319,
                "37": 0.039194,
                "38": 0.038377,
                "39": 0.038604,
                "40": 0.037757,
                "41": 0.037575,
                "42": 0.037903,
                "43": 0.038537,
                "44": 0.037992,
                "45": 0.038615,
                "46": 0.03828,
                "47": 0.038496,
                "48": 0.03755,
                "49": 0.037628,
                "50": 0.037644,