{
    "init": -1.0,
    "total_training": 11.265121459960938,
    "largest_real_time_delta": 7.8954150676727295,
    "fit_time": -1.0,
    "write_model_time": -1.0,
    "epochs": {
        "1": {
            "steps": {
                "1": 2.930665,
                "2": 0.016139,
                "3": 0.015131,
                "4": 0.015434,
                "5": 0.015388,
                "6": 0.015715,
                "7": 0.015061,
                "8": 0.015611,
                "9": 0.015157,
                "10": 0.015423,
                "11": 0.015114,
                "12": 0.015348,
                "13": 0.015267,
                "14": 0.015561,
                "15": 0.014984,
                "16": 0.016085,
                "17": 0.015185,
                "18": 0.015583,
                "19": 0.014989,
                "20": 0.015383,
                "21": 0.015021,
                "22": 0.015445,
                "23": 0.015241,
                "24": 0.015167,
                "25": 0.015997,
                "26": 0.015097,
                "27": 0.015847,
                "28": 0.019133,
                "29": 0.015691,
                "30": 0.015348,
                "31": 0.015903,
                "32": 0.015175,
                "33": 0.015569,
                "34": 0.014931,
                "35": 0.015819,
                "36": 0.015773,
                "37": 0.015144,
                "38": 0.015171,
                "39": 0.015272,
                "40": 0.015577,
                "41": 0.01498,
                "42": 0.015415,
                "43": 0.015067,
                "44": 0.015582,
                "45": 0.015078,
                "46": 0.015702,
                "47": 0.015113,
                "48": 0.016347,
                "49": 0.015258,
                "50": 0.015723,
                "51": 0.015015,
                "52": 0.016025,
                "53": 0.015291,
                "54": 0.01582,
                "55": 0.015114,
                "56": 0.015646,
                "57": 0.015135,
                "58": 0.014946,
                "59": 0.091617
            },
            "validation_accuracy": 0.9466,
            "validation_time": 0.138552,
            "epoch_time": 4.047038316726685
        },
        "2": {
            "steps": {
                "1": 0.015487,
                "2": 0.015194,
                "3": 0.015382,
                "4": 0.014934,
                "5": 0.015015,
                "6": 0.015147,
                "7": 0.01496,
                "8": 0.015143,
                "9": 0.015811,
                "10": 0.016096,
                "11": 0.016102,
                "12": 0.015183,
                "13": 0.015177,
                "14": 0.015422,
                "15": 0.015028,
                "16": 0.015485,
                "17": 0.016003,
                "18": 0.015162,
                "19": 0.015466,
                "20": 0.014914,
                "21": 0.015263,
                "22": 0.015076,
                "23": 0.015468,
                "24": 0.015268,
                "25": 0.01561,
                "26": 0.015257,
                "27": 0.015231,
                "28": 0.01547,
                "29": 0.014954,
                "30": 0.015617,
                "31": 0.01522,
                "32": 0.015574,
                "33": 0.015399,
                "34": 0.015373,
                "35": 0.015069,
                "36": 0.015512,
                "37": 0.015211,
                "38": 0.015382,
                "39": 0.015107,
                "40": 0.015417,
                "41": 0.015106,
                "42": 0.015435,
                "43": 0.01513,
                "44": 0.015794,
                "45": 0.015151,
                "46": 0.015394,
                "47": 0.015248,
                "48": 0.015414,
                "49": 0.015246,
                "50": 0.0157,
                "51": 0.015186,
                "52": 0.015018,
                "53": 0.015288,
                "54": 0.015174,
                "55": 0.01531,
                "56": 0.015265,
                "57": 0.015915,
                "58": 0.014905,
                "59": 0.011957
            },
            "validation_accuracy": 0.9702,
            "validation_time": 0.061467,
            "epoch_time": 0.9653358459472656
        },
        "3": {
            "steps": {
                "1": 0.015852,
                "2": 0.015316,
                "3": 0.01575,
                "4": 0.015396,
                "5": 0.015606,
                "6": 0.015244,
                "7": 0.01517,
                "8": 0.015341,
                "9": 0.015233,
                "10": 0.01513,
                "11": 0.015818,
                "12": 0.015043,
                "13": 0.015806,
                "14": 0.015226,
                "15": 0.015089,
                "16": 0.015226,
                "17": 0.015649,
                "18": 0.015153,
                "19": 0.015854,
                "20": 0.015213,
                "21": 0.015651,
                "22": 0.015053,
                "23": 0.015934,
                "24": 0.015126,
                "25": 0.015317,
                "26": 0.015824,
                "27": 0.015258,
                "28": 0.015708,
                "29": 0.01525,
                "30": 0.015537,
                "31": 0.015016,
                "32": 0.015458,
                "33": 0.01509,
                "34": 0.015468,
                "35": 0.015116,
                "36": 0.016061,
                "37": 0.015187,
                "38": 0.01536,
                "39": 0.015002,
                "40": 0.014943,
                "41": 0.015141,
                "42": 0.014992,
                "43": 0.014896,
                "44": 0.015272,
                "45": 0.015266,
                "46": 0.014935,
                "47": 0.015069,
                "48": 0.015038,
                "49": 0.015366,
                "50": 0.015225,
                "51": 0.014975,
                "52": 0.015304,
                "53": 0.014966,
                "54": 0.01523,
                "55": 0.015212,
                "56": 0.015362,
                "57": 0.015095,
                "58": 0.015211,
                "59": 0.011379
            },
            "validation_accuracy": 0.9745,
            "validation_time": 0.059774,
            "epoch_time": 0.9618511199951172
        },
        "4": {
            "steps": {
                "1": 0.015186,
                "2": 0.015395,
                "3": 0.015007,
                "4": 0.015234,
                "5": 0.015023,
                "6": 0.015027,
                "7": 0.015177,
                "8": 0.015011,
                "9": 0.01522,
                "10": 0.015494,
                "11": 0.014994,
                "12": 0.015031,
                "13": 0.015549,
                "14": 0.015179,
                "15": 0.015154,
                "16": 0.015226,
                "17": 0.015616,
                "18": 0.014884,
                "19": 0.016027,
                "20": 0.015285,
                "21": 0.015267,
                "22": 0.015143,
                "23": 0.015371,
                "24": 0.015266,
                "25": 0.015255,
                "26": 0.015247,
                "27": 0.015291,
                "28": 0.015151,
                "29": 0.015548,
                "30": 0.015296,
                "31": 0.014924,
                "32": 0.015095,
                "33": 0.015209,
                "34": 0.015209,
                "35": 0.01525,
                "36": 0.015383,
                "37": 0.015198,
                "38": 0.015187,
                "39": 0.01499,
                "40": 0.015156,
                "41": 0.015324,
                "42": 0.014905,
                "43": 0.014952,
                "44": 0.015056,
                "45": 0.01519,
                "46": 0.015149,
                "47": 0.015229,
                "48": 0.015053,
                "49": 0.015183,
                "50": 0.014978,