{
    "init": -1.0,
    "total_training": 11.262600660324097,
    "largest_real_time_delta": 7.968180894851685,
    "fit_time": -1.0,
    "write_model_time": -1.0,
    "epochs": {
        "1": {
            "steps": {
                "1": 2.767461,
                "2": 0.017246,
                "3": 0.016046,
                "4": 0.01709,
                "5": 0.016067,
                "6": 0.016871,
                "7": 0.016308,
                "8": 0.016755,
                "9": 0.016268,
                "10": 0.018142,
                "11": 0.015785,
                "12": 0.016256,
                "13": 0.015861,
                "14": 0.018082,
                "15": 0.015707,
                "16": 0.015898,
                "17": 0.015608,
                "18": 0.016331,
                "19": 0.016024,
                "20": 0.016567,
                "21": 0.015522,
                "22": 0.016392,
                "23": 0.015816,
                "24": 0.017264,
                "25": 0.016818,
                "26": 0.01709,
                "27": 0.015742,
                "28": 0.016479,
                "29": 0.016217,
                "30": 0.017023,
                "31": 0.015981,
                "32": 0.016486,
                "33": 0.016447,
                "34": 0.016478,
                "35": 0.015792,
                "36": 0.016202,
                "37": 0.015985,
                "38": 0.016788,
                "39": 0.016276,
                "40": 0.016837,
                "41": 0.016049,
                "42": 0.016809,
                "43": 0.015731,
                "44": 0.016446,
                "45": 0.016135,
                "46": 0.01767,
                "47": 0.016151,
                "48": 0.017739,
                "49": 0.016374,
                "50": 0.016861,
                "51": 0.015621,
                "52": 0.016253,
                "53": 0.016277,
                "54": 0.017028,
                "55": 0.016147,
                "56": 0.017068,
                "57": 0.016228,
                "58": 0.016114,
                "59": 0.092908
            },
            "validation_accuracy": 0.9277,
            "validation_time": 0.149349,
            "epoch_time": 3.951561212539673
        },
        "2": {
            "steps": {
                "1": 0.016431,
                "2": 0.015784,
                "3": 0.01614,
                "4": 0.016227,
                "5": 0.016345,
                "6": 0.015768,
                "7": 0.016075,
                "8": 0.016104,
                "9": 0.015969,
                "10": 0.015733,
                "11": 0.016003,
                "12": 0.015952,
                "13": 0.016289,
                "14": 0.015798,
                "15": 0.016262,
                "16": 0.016268,
                "17": 0.016428,
                "18": 0.015914,
                "19": 0.015934,
                "20": 0.015906,
                "21": 0.015746,
                "22": 0.016135,
                "23": 0.016467,
                "24": 0.015709,
                "25": 0.016075,
                "26": 0.016221,
                "27": 0.015986,
                "28": 0.016155,
                "29": 0.016034,
                "30": 0.01568,
                "31": 0.016085,
                "32": 0.01589,
                "33": 0.01592,
                "34": 0.01535,
                "35": 0.015665,
                "36": 0.015763,
                "37": 0.015784,
                "38": 0.015589,
                "39": 0.015683,
                "40": 0.015641,
                "41": 0.015845,
                "42": 0.015551,
                "43": 0.015716,
                "44": 0.015936,
                "45": 0.01642,
                "46": 0.016001,
                "47": 0.016025,
                "48": 0.016165,
                "49": 0.01606,
                "50": 0.015734,
                "51": 0.016037,
                "52": 0.015783,
                "53": 0.015832,
                "54": 0.015685,
                "55": 0.015713,
                "56": 0.015691,
                "57": 0.016118,
                "58": 0.015334,
                "59": 0.012882
            },
            "validation_accuracy": 0.9626,
            "validation_time": 0.064904,
            "epoch_time": 1.005458116531372
        },
        "3": {
            "steps": {
                "1": 0.016201,
                "2": 0.015922,
                "3": 0.015912,
                "4": 0.01617,
                "5": 0.016409,
                "6": 0.016204,
                "7": 0.01604,
                "8": 0.016032,
                "9": 0.015933,
                "10": 0.016212,
                "11": 0.015961,
                "12": 0.016402,
                "13": 0.016329,
                "14": 0.015851,
                "15": 0.015661,
                "16": 0.015689,
                "17": 0.01577,
                "18": 0.015376,
                "19": 0.015546,
                "20": 0.01592,
                "21": 0.016637,
                "22": 0.016857,
                "23": 0.016839,
                "24": 0.016065,
                "25": 0.015954,
                "26": 0.015713,
                "27": 0.015577,
                "28": 0.015701,
                "29": 0.01593,
                "30": 0.016189,
                "31": 0.015825,
                "32": 0.015658,
                "33": 0.015879,
                "34": 0.01572,
                "35": 0.015865,
                "36": 0.015425,
                "37": 0.015756,
                "38": 0.015571,
                "39": 0.015414,
                "40": 0.015311,
                "41": 0.01567,
                "42": 0.015874,
                "43": 0.015849,
                "44": 0.016057,
                "45": 0.016565,
                "46": 0.016596,
                "47": 0.016325,
                "48": 0.015839,
                "49": 0.015996,
                "50": 0.015773,
                "51": 0.015985,
                "52": 0.016106,
                "53": 0.016243,
                "54": 0.015736,
                "55": 0.015833,
                "56": 0.016011,
                "57": 0.016134,
                "58": 0.015144,
                "59": 0.012261
            },
            "validation_accuracy": 0.9771,
            "validation_time": 0.062481,
            "epoch_time": 1.0028469562530518
        },
        "4": {
            "steps": {
                "1": 0.016136,
                "2": 0.015677,
                "3": 0.015827,
                "4": 0.015924,
                "5": 0.016416,
                "6": 0.016309,
                "7": 0.016159,
                "8": 0.015678,
                "9": 0.016488,
                "10": 0.016226,
                "11": 0.015562,
                "12": 0.015761,
                "13": 0.016272,
                "14": 0.015974,
                "15": 0.015903,
                "16": 0.015917,
                "17": 0.016526,
                "18": 0.015875,
                "19": 0.01572,
                "20": 0.016026,
                "21": 0.016209,
                "22": 0.016211,
                "23": 0.017021,
                "24": 0.016894,
                "25": 0.016224,
                "26": 0.015987,
                "27": 0.015733,
                "28": 0.015607,
                "29": 0.01605,
                "30": 0.015887,
                "31": 0.016015,
                "32": 0.016112,
                "33": 0.015831,
                "34": 0.015644,
                "35": 0.015493,
                "36": 0.015567,
                "37": 0.015462,
                "38": 0.015722,
                "39": 0.015558,
                "40": 0.015726,
                "41": 0.015626,
                "42": 0.015485,
                "43": 0.015718,
                "44": 0.01613,
                "45": 0.015943,
                "46": 0.015993,
                "47": 0.016205,
                "48": 0.01641,
                "49": 0.015888,
                "50": 0.016023,