{
    "init": -1.0,
    "total_training": 11.910108089447021,
    "largest_real_time_delta": 8.506476879119873,
    "fit_time": -1.0,
    "write_model_time": -1.0,
    "epochs": {
        "1": {
            "steps": {
                "1": 2.890191,
                "2": 0.017876,
                "3": 0.017871,
                "4": 0.018492,
                "5": 0.019742,
                "6": 0.017797,
                "7": 0.018112,
                "8": 0.017791,
                "9": 0.017893,
                "10": 0.016736,
                "11": 0.017516,
                "12": 0.017072,
                "13": 0.017834,
                "14": 0.016679,
                "15": 0.01788,
                "16": 0.017951,
                "17": 0.016924,
                "18": 0.01777,
                "19": 0.01748,
                "20": 0.016837,
                "21": 0.0177,
                "22": 0.016932,
                "23": 0.017806,
                "24": 0.017521,
                "25": 0.016814,
                "26": 0.017779,
                "27": 0.017903,
                "28": 0.016978,
                "29": 0.018541,
                "30": 0.017929,
                "31": 0.021497,
                "32": 0.017278,
                "33": 0.017818,
                "34": 0.016381,
                "35": 0.017895,
                "36": 0.016598,
                "37": 0.017815,
                "38": 0.016528,
                "39": 0.017397,
                "40": 0.016936,
                "41": 0.017745,
                "42": 0.016596,
                "43": 0.017762,
                "44": 0.026816,
                "45": 0.017437,
                "46": 0.016914,
                "47": 0.017663,
                "48": 0.016836,
                "49": 0.017684,
                "50": 0.016577,
                "51": 0.017622,
                "52": 0.017166,
                "53": 0.01796,
                "54": 0.017077,
                "55": 0.017905,
                "56": 0.017784,
                "57": 0.016781,
                "58": 0.01721,
                "59": 0.094256
            },
            "validation_accuracy": 0.9377,
            "validation_time": 0.156092,
            "epoch_time": 4.15556001663208
        },
        "2": {
            "steps": {
                "1": 0.016817,
                "2": 0.017527,
                "3": 0.016561,
                "4": 0.017978,
                "5": 0.016439,
                "6": 0.017487,
                "7": 0.01681,
                "8": 0.017807,
                "9": 0.01667,
                "10": 0.018093,
                "11": 0.017551,
                "12": 0.017734,
                "13": 0.017874,
                "14": 0.01691,
                "15": 0.017966,
                "16": 0.017032,
                "17": 0.017449,
                "18": 0.016383,
                "19": 0.018236,
                "20": 0.017709,
                "21": 0.017703,
                "22": 0.017795,
                "23": 0.017887,
                "24": 0.017775,
                "25": 0.018072,
                "26": 0.018209,
                "27": 0.018064,
                "28": 0.018056,
                "29": 0.017995,
                "30": 0.0177,
                "31": 0.017766,
                "32": 0.017853,
                "33": 0.017382,
                "34": 0.018111,
                "35": 0.017894,
                "36": 0.017743,
                "37": 0.017756,
                "38": 0.016749,
                "39": 0.017072,
                "40": 0.017661,
                "41": 0.017101,
                "42": 0.017437,
                "43": 0.017721,
                "44": 0.017498,
                "45": 0.016621,
                "46": 0.017695,
                "47": 0.017397,
                "48": 0.017027,
                "49": 0.016345,
                "50": 0.017322,
                "51": 0.016993,
                "52": 0.017825,
                "53": 0.016525,
                "54": 0.017347,
                "55": 0.01669,
                "56": 0.017286,
                "57": 0.016968,
                "58": 0.016793,
                "59": 0.012959
            },
            "validation_accuracy": 0.968,
            "validation_time": 0.068828,
            "epoch_time": 1.0961344242095947
        },
        "3": {
            "steps": {
                "1": 0.017116,
                "2": 0.016971,
                "3": 0.017796,
                "4": 0.017164,
                "5": 0.017625,
                "6": 0.016721,
                "7": 0.017664,
                "8": 0.017176,
                "9": 0.018073,
                "10": 0.018037,
                "11": 0.017548,
                "12": 0.016427,
                "13": 0.017456,
                "14": 0.016376,
                "15": 0.017424,
                "16": 0.016668,
                "17": 0.01685,
                "18": 0.015575,
                "19": 0.016249,
                "20": 0.016352,
                "21": 0.01648,
                "22": 0.01559,
                "23": 0.016121,
                "24": 0.015988,
                "25": 0.016076,
                "26": 0.015873,
                "27": 0.016769,
                "28": 0.016708,
                "29": 0.017739,
                "30": 0.016754,
                "31": 0.01757,
                "32": 0.017625,
                "33": 0.017222,
                "34": 0.017495,
                "35": 0.017237,
                "36": 0.017197,
                "37": 0.017499,
                "38": 0.017288,
                "39": 0.017164,
                "40": 0.017819,
                "41": 0.017646,
                "42": 0.017656,
                "43": 0.017961,
                "44": 0.018293,
                "45": 0.017889,
                "46": 0.01774,
                "47": 0.017427,
                "48": 0.017402,
                "49": 0.017553,
                "50": 0.01636,
                "51": 0.017522,
                "52": 0.017596,
                "53": 0.016945,
                "54": 0.017354,
                "55": 0.016686,
                "56": 0.017442,
                "57": 0.016286,
                "58": 0.016679,
                "59": 0.012483
            },
            "validation_accuracy": 0.9771,
            "validation_time": 0.067012,
            "epoch_time": 1.0749411582946777
        },
        "4": {
            "steps": {
                "1": 0.017295,
                "2": 0.016842,
                "3": 0.017642,
                "4": 0.016855,
                "5": 0.017192,
                "6": 0.016012,
                "7": 0.017009,
                "8": 0.016478,
                "9": 0.016782,
                "10": 0.016511,
                "11": 0.017868,
                "12": 0.017498,
                "13": 0.016767,
                "14": 0.018044,
                "15": 0.017877,
                "16": 0.017551,
                "17": 0.016859,
                "18": 0.017606,
                "19": 0.018004,
                "20": 0.01774,
                "21": 0.017476,
                "22": 0.01763,
                "23": 0.016968,
                "24": 0.017632,
                "25": 0.016194,
                "26": 0.017406,
                "27": 0.017288,
                "28": 0.016727,
                "29": 0.017796,
                "30": 0.016538,
                "31": 0.017612,
                "32": 0.016893,
                "33": 0.017726,
                "34": 0.016327,
                "35": 0.017313,
                "36": 0.016319,
                "37": 0.017463,
                "38": 0.016687,
                "39": 0.018334,
                "40": 0.017252,
                "41": 0.017821,
                "42": 0.016859,
                "43": 0.017319,
                "44": 0.016589,
                "45": 0.017719,
                "46": 0.016734,
                "47": 0.01824,
                "48": 0.017773,
                "49": 0.01657,
                "50": 0.017668,