{
    "init": -1.0,
    "total_training": -1.0,
    "largest_real_time_delta": 226.11367344856262,
    "epochs": {
        "1": {
            "steps": {
                "1": 26.201638,
                "2": 1.432751,
                "3": 1.447075,
                "4": 1.434373,
                "5": 1.435258,
                "6": 1.43438,
                "7": 1.429455,
                "8": 1.4144,
                "9": 1.428653,
                "10": 1.435854,
                "11": 1.466634,
                "12": 1.429302,
                "13": 1.469663,
                "14": 1.435066,
                "15": 1.444445,
                "16": 1.452222,
                "17": 1.461688,
                "18": 1.437417,
                "19": 1.436296,
                "20": 1.433182,
                "21": 1.454567,
                "22": 1.431233,
                "23": 1.446244,
                "24": 1.456333,
                "25": 8.279035
            },
            "validation_time": 6.859941,
            "epoch_time": 75.3171899318695
        },
        "2": {
            "steps": {
                "1": 1.460864,
                "2": 1.43527,
                "3": 1.463326,
                "4": 1.46951,
                "5": 1.470818,
                "6": 1.435888,
                "7": 1.450934,
                "8": 1.453452,
                "9": 1.457401,
                "10": 1.454298,
                "11": 1.443465,
                "12": 1.459249,
                "13": 1.479196,
                "14": 1.453936,
                "15": 1.457448,
                "16": 1.445762,
                "17": 1.458192,
                "18": 1.443562,
                "19": 1.464121,
                "20": 1.462836,
                "21": 1.47712,
                "22": 1.438143,
                "23": 1.473551,
                "24": 1.458843,
                "25": 0.660109
            },
            "validation_time": 1.943784,
            "epoch_time": 37.57534623146057
        },
        "3": {
            "steps": {
                "1": 1.465023,
                "2": 1.454107,
                "3": 1.45807,
                "4": 1.464691,
                "5": 1.470297,
                "6": 1.461435,
                "7": 1.45594,
                "8": 1.466187,
                "9": 1.451281,
                "10": 1.44681,
                "11": 1.448285,
                "12": 1.481106,
                "13": 1.448379,
                "14": 1.466842,
                "15": 1.46646,
                "16": 1.452954,
                "17": 1.460443,
                "18": 1.45116,
                "19": 1.473688,
                "20": 1.443238,
                "21": 1.472418,
                "22": 1.452555,
                "23": 1.473773,
                "24": 1.441723,
                "25": 0.670905
            },
            "validation_time": 1.933424,
            "epoch_time": 37.63551902770996
        },
        "4": {
            "steps": {
                "1": 1.453266,
                "2": 1.440636,
                "3": 1.468503,
                "4": 1.446368,
                "5": 1.463472,
                "6": 1.452011,
                "7": 1.474535,
                "8": 1.454504,
                "9": 1.470122,
                "10": 1.472581,
                "11": 1.46876,
                "12": 1.466341,
                "13": 1.485209,
                "14": 1.479949,
                "15": 1.478657,
                "16": 1.481191,
                "17": 1.469141,
                "18": 1.4519,
                "19": 1.469018,
                "20": 1.446628,
                "21": 1.452341,
                "22": 1.468348,
                "23": 1.478281,
                "24": 1.444785,
                "25": 0.672152
            },
            "validation_time": 1.944083,
            "epoch_time": 37.75703167915344
        },
        "5": {
            "steps": {
                "1": 1.474675,
                "2": 1.47732,
                "3": 1.450219,
                "4": 1.470558,
                "5": 1.461061,
                "6": 1.448382,
                "7": 1.472881,
                "8": 1.465776,
                "9": 1.482182,
                "10": 1.474056,
                "11": 1.454253,
                "12": 1.476308,
                "13": 1.457221,
                "14": 1.457407,
                "15": 1.455986,
                "16": 1.470126,
                "17": 1.48241,
                "18": 1.463036,
                "19": 1.466974,
                "20": 1.469109,
                "21": 1.478113,
                "22": 1.480885,
                "23": 1.457054,
                "24": 1.462023,
                "25": 0.667147
            },
            "validation_time": 1.947972,
            "epoch_time": 37.827563762664795
        }
    }
}
