{
    "init": 0.19742703437805176,
    "total_training": 21.7948639393,
    "largest_real_time_delta": 16.069999933242798,
    "epochs": {
        "1": {
            "steps": {
                "1": 4.14345502853,
                "2": 0.029953956604,
                "3": 0.0316300392151,
                "4": 0.0293390750885,
                "5": 0.0293679237366,
                "6": 0.029100894928,
                "7": 0.0293009281158,
                "8": 0.0292680263519,
                "9": 0.0313739776611,
                "10": 0.0294930934906,
                "11": 0.0294790267944,
                "12": 0.0296928882599,
                "13": 0.0295600891113,
                "14": 0.0292141437531,
                "15": 0.0312530994415,
                "16": 0.0293221473694,
                "17": 0.0289661884308,
                "18": 0.0291700363159,
                "19": 0.0315601825714,
                "20": 0.0295708179474,
                "21": 0.0291850566864,
                "22": 0.0290069580078,
                "23": 0.0290250778198,
                "24": 0.0293290615082,
                "25": 0.0315330028534,
                "26": 0.0293908119202,
                "27": 0.0318458080292,
                "28": 0.0292661190033,
                "29": 0.0293681621552,
                "30": 0.0289869308472,
                "31": 0.0314879417419,
                "32": 0.029128074646,
                "33": 0.0318119525909,
                "34": 0.0297920703888,
                "35": 0.0302500724792,
                "36": 0.0295078754425,
                "37": 0.0300121307373,
                "38": 0.030198097229,
                "39": 0.0298199653625,
                "40": 0.0294818878174,
                "41": 0.0296919345856,
                "42": 0.02987408638,
                "43": 0.0318229198456,
                "44": 0.0295069217682,
                "45": 0.0327038764954,
                "46": 0.029324054718,
                "47": 0.0293800830841,
                "48": 0.029217004776,
                "49": 0.0294559001923,
                "50": 0.0293748378754,
                "51": 0.0318081378937,
                "52": 0.0291309356689,
                "53": 0.0322570800781,
                "54": 0.0292921066284,
                "55": 0.0316159725189,
                "56": 0.0294589996338,
                "57": 0.0292870998383,
                "58": 0.0289430618286,
                "59": 0.029305934906,
                "60": 0.0294349193573,
                "61": 0.0313940048218,
                "62": 0.0289690494537,
                "63": 0.0314090251923,
                "64": 0.0291159152985,
                "65": 0.0310928821564,
                "66": 0.0290808677673,
                "67": 0.0288119316101,
                "68": 0.0295979976654,
                "69": 0.0295450687408,
                "70": 0.0294041633606,
                "71": 0.0320999622345,
                "72": 0.029886007309,
                "73": 0.0315759181976,
                "74": 0.0297038555145,
                "75": 0.0299830436707,
                "76": 0.0297651290894,
                "77": 0.0313320159912,
                "78": 0.0288867950439,
                "79": 0.0246551036835,
                "80": 0.0873689651489
            },
            "validation_time": 0.0962598323822,
            "epoch_time": 6.67015790939
        },
        "2": {
            "steps": {
                "1": 0.0316841602325,
                "2": 0.0308609008789,
                "3": 0.0305500030518,
                "4": 0.0294609069824,
                "5": 0.0312769412994,
                "6": 0.0292029380798,
                "7": 0.0290400981903,
                "8": 0.0291941165924,
                "9": 0.0318870544434,
                "10": 0.0291659832001,
                "11": 0.0290448665619,
                "12": 0.0293219089508,
                "13": 0.0292530059814,
                "14": 0.0289850234985,
                "15": 0.0310051441193,
                "16": 0.0289599895477,
                "17": 0.0303108692169,
                "18": 0.028715133667,
                "19": 0.0285699367523,
                "20": 0.0288848876953,
                "21": 0.0288701057434,
                "22": 0.0286951065063,
                "23": 0.0309870243073,
                "24": 0.0284879207611,
                "25": 0.0312221050262,
                "26": 0.0287640094757,
                "27": 0.0290551185608,
                "28": 0.0286459922791,
                "29": 0.0308198928833,
                "30": 0.028774023056,
                "31": 0.0289709568024,
                "32": 0.0291149616241,
                "33": 0.0287489891052,
                "34": 0.0288519859314,
                "35": 0.0290138721466,
                "36": 0.0290489196777,
                "37": 0.0311939716339,
                "38": 0.0289778709412,
                "39": 0.030867099762,
                "40": 0.0289580821991,
                "41": 0.0290668010712,
                "42": 0.0293090343475,
                "43": 0.0289540290833,
                "44": 0.0285289287567,
                "45": 0.0288569927216,
                "46": 0.0291948318481,
                "47": 0.0291249752045,
                "48": 0.0287129878998,
                "49": 0.0287821292877,
                "50": 0.0283598899841,
                "51": 0.0289280414581,
                "52": 0.0293080806732,
                "53": 0.0287997722626,
                "54": 0.0291659832001,
                "55": 0.0294630527496,
                "56": 0.0290789604187,
                "57": 0.0282869338989,
                "58": 0.0284559726715,
                "59": 0.03093791008,
                "60": 0.0287818908691,
                "61": 0.031240940094,
                "62": 0.0288619995117,
                "63": 0.0309021472931,
                "64": 0.0287380218506,
                "65": 0.028589963913,
                "66": 0.0283770561218,
                "67": 0.0287191867828,
                "68": 0.028538942337,
                "69": 0.0289978981018,
                "70": 0.0288279056549,
                "71": 0.0291368961334,
                "72": 0.0298941135406,
                "73": 0.0292520523071,
                "74": 0.0285081863403,
                "75": 0.029039144516,
                "76": 0.0289759635925,
                "77": 0.0310649871826,
                "78": 0.0286538600922,
                "79": 0.0266799926758,
                "80": 0.0103919506073
            },
            "validation_time": 0.00453019142151,
            "epoch_time": 2.33925485611
        },
        "3": {
            "steps": {
                "1": 0.0314610004425,
                "2": 0.0291049480438,
                "3": 0.0290939807892,
                "4": 0.0288579463959,
                "5": 0.030699968338,
                "6": 0.0291521549225,
                "7": 0.0312600135803,
                "8": 0.0285918712616,
                "9": 0.0287089347839,
                "10": 0.028843164444,
                "11": 0.0312919616699,
                "12": 0.0296149253845,
                "13": 0.0288650989532,
                "14": 0.0289099216461,
                "15": 0.0309698581696,
                "16": 0.0294198989868,
                "17": 0.0288670063019,
                "18": 0.0288321971893,
                "19": 0.0305390357971,
                "20": 0.0286779403687,
                "21": 0.0307810306549,
                "22": 0.0285639762878,
                "23": 0.028617143631,
                "24": 0.0287940502167,
                "25": 0.0288519859314,
                "26": 0.0286619663239,
                "27": 0.0312020778656,
                "28": 0.02867603302,
                "29": 0.0286180973053,
                "30": 0.0287079811096,
                "31": 0.0309410095215,
                "32": 0.0289840698242,
                "33": 0.0292091369629,
                "34": 0.029205083847,