{
    "init": 6.681494951248169,
    "total_training": 34.6533799171,
    "largest_real_time_delta": 26.509999990463257,
    "fit_time": -1.0,
    "write_model_time": -1.0,
    "epochs": {
        "1": {
            "steps": {
                "1": 16.8522460461,
                "2": 0.0715370178223,
                "3": 0.0707778930664,
                "4": 0.0723729133606,
                "5": 0.0715780258179,
                "6": 0.0724258422852,
                "7": 0.0722770690918,
                "8": 0.0711719989777,
                "9": 0.0718879699707,
                "10": 0.0701570510864,
                "11": 0.0708630084991,
                "12": 0.071790933609,
                "13": 0.0699028968811,
                "14": 0.072741985321,
                "15": 0.0719740390778,
                "16": 0.0717141628265,
                "17": 0.0709471702576,
                "18": 0.0712990760803,
                "19": 0.0652918815613,
                "20": 0.239856004715
            },
            "validation_time": 0.308846950531,
            "epoch_time": 18.7085490227
        },
        "2": {
            "steps": {
                "1": 0.101716041565,
                "2": 0.100744009018,
                "3": 0.100811958313,
                "4": 0.101171970367,
                "5": 0.10192489624,
                "6": 0.101042985916,
                "7": 0.102988958359,
                "8": 0.102689981461,
                "9": 0.101725101471,
                "10": 0.100838899612,
                "11": 0.101902008057,
                "12": 0.100881099701,
                "13": 0.102089881897,
                "14": 0.101223945618,
                "15": 0.102209091187,
                "16": 0.101102113724,
                "17": 0.100651025772,
                "18": 0.10122013092,
                "19": 0.0950348377228,
                "20": 0.0634369850159
            },
            "validation_time": 0.0127160549164,
            "epoch_time": 2.02569508553
        },
        "3": {
            "steps": {
                "1": 0.0954210758209,
                "2": 0.0943360328674,
                "3": 0.0941400527954,
                "4": 0.0947999954224,
                "5": 0.0945529937744,
                "6": 0.0940909385681,
                "7": 0.0947360992432,
                "8": 0.0947360992432,
                "9": 0.0949029922485,
                "10": 0.0942769050598,
                "11": 0.0943579673767,
                "12": 0.0951628684998,
                "13": 0.0943338871002,
                "14": 0.0951611995697,
                "15": 0.0941660404205,
                "16": 0.0941998958588,
                "17": 0.0947289466858,
                "18": 0.0944089889526,
                "19": 0.0796020030975,
                "20": 0.0483388900757
            },
            "validation_time": 0.0128548145294,
            "epoch_time": 1.87036991119
        },
        "4": {
            "steps": {
                "1": 0.101238012314,
                "2": 0.101363182068,
                "3": 0.100662946701,
                "4": 0.101350784302,
                "5": 0.101676940918,
                "6": 0.102339982986,
                "7": 0.101167917252,
                "8": 0.101665019989,
                "9": 0.100960969925,
                "10": 0.101742982864,
                "11": 0.10112285614,
                "12": 0.101020097733,
                "13": 0.100472927094,
                "14": 0.100353002548,
                "15": 0.10114812851,
                "16": 0.100451946259,
                "17": 0.101464033127,
                "18": 0.101396083832,
                "19": 0.0965399742126,
                "20": 0.0664358139038
            },
            "validation_time": 0.0126860141754,
            "epoch_time": 2.0253868103
        },
        "5": {
            "steps": {
                "1": 0.0958309173584,
                "2": 0.0949931144714,
                "3": 0.0953872203827,
                "4": 0.0971970558167,
                "5": 0.095193862915,
                "6": 0.095055103302,
                "7": 0.0953440666199,
                "8": 0.0954830646515,
                "9": 0.0951609611511,
                "10": 0.095137834549,
                "11": 0.0948040485382,
                "12": 0.0952589511871,
                "13": 0.094869852066,
                "14": 0.0947132110596,
                "15": 0.0942850112915,
                "16": 0.0942730903625,
                "17": 0.0942480564117,
                "18": 0.0954110622406,
                "19": 0.0800788402557,
                "20": 0.0475468635559
            },
            "validation_time": 0.012592792511,
            "epoch_time": 1.88032793999
        }
    }
}
