{
    "init": -1.0,
    "total_training": 52.131470918655396,
    "largest_real_time_delta": 41.79745030403137,
    "fit_time": -1.0,
    "write_model_time": -1.0,
    "epochs": {
        "1": {
            "steps": {
                "1": 23.203757,
                "2": 0.028272,
                "3": 0.027225,
                "4": 0.028171,
                "5": 0.028102,
                "6": 0.028588,
                "7": 0.027744,
                "8": 0.028752,
                "9": 0.027548,
                "10": 0.028109,
                "11": 0.027623,
                "12": 0.028401,
                "13": 0.027579,
                "14": 0.028363,
                "15": 0.028117,
                "16": 0.027911,
                "17": 0.028974,
                "18": 0.027328,
                "19": 0.027913,
                "20": 0.02749,
                "21": 0.027931,
                "22": 0.027511,
                "23": 0.027938,
                "24": 0.027892,
                "25": 0.027236,
                "26": 0.028883,
                "27": 0.026798,
                "28": 0.028353,
                "29": 0.027314,
                "30": 0.028143,
                "31": 0.027483,
                "32": 0.027406,
                "33": 0.028235,
                "34": 0.027743,
                "35": 0.027781,
                "36": 0.027836,
                "37": 0.028356,
                "38": 0.027811,
                "39": 0.027465,
                "40": 0.028264,
                "41": 0.027722,
                "42": 0.02756,
                "43": 0.027507,
                "44": 0.02887,
                "45": 0.027012,
                "46": 0.027256,
                "47": 0.027615,
                "48": 0.02747,
                "49": 0.028646,
                "50": 0.028033,
                "51": 0.027631,
                "52": 0.027839,
                "53": 0.027335,
                "54": 0.02837,
                "55": 0.027348,
                "56": 0.027566,
                "57": 0.027926,
                "58": 0.027967,
                "59": 0.029042,
                "60": 0.027892,
                "61": 0.028564,
                "62": 0.028186,
                "63": 0.029246,
                "64": 0.028526,
                "65": 0.02769,
                "66": 0.027938,
                "67": 0.027763,
                "68": 0.027085,
                "69": 0.027867,
                "70": 0.027664,
                "71": 0.028443,
                "72": 0.027932,
                "73": 0.02722,
                "74": 0.027772,
                "75": 0.028586,
                "76": 0.028837,
                "77": 0.027888,
                "78": 0.027177,
                "79": 0.027395,
                "80": 0.028128,
                "81": 0.027987,
                "82": 0.026614,
                "83": 0.028203,
                "84": 0.027312,
                "85": 0.027714,
                "86": 0.02795,
                "87": 0.027959,
                "88": 0.027966,
                "89": 0.028105,
                "90": 0.027718,
                "91": 0.027664,
                "92": 0.027507,
                "93": 0.027508,
                "94": 0.026833,
                "95": 0.027326,
                "96": 0.027704,
                "97": 0.0279,
                "98": 0.027619,
                "99": 0.027562,
                "100": 0.027579,
                "101": 0.027342,
                "102": 0.027964,
                "103": 0.02825,
                "104": 0.027421,
                "105": 0.028193,
                "106": 0.027646,
                "107": 0.027563,
                "108": 0.02832,
                "109": 0.028139,
                "110": 0.028163,
                "111": 0.027812,
                "112": 0.027624,
                "113": 0.028216,
                "114": 0.026845,
                "115": 0.027842,
                "116": 0.026865,
                "117": 0.027278,
                "118": 0.033988
            },
            "validation_time": 0.842229,
            "epoch_time": 27.311620950698853
        },
        "2": {
            "steps": {
                "1": 0.028815,
                "2": 0.027707,
                "3": 0.027123,
                "4": 0.027712,
                "5": 0.028259,
                "6": 0.027942,
                "7": 0.027493,
                "8": 0.028811,
                "9": 0.027532,
                "10": 0.027959,
                "11": 0.027935,
                "12": 0.027297,
                "13": 0.027637,
                "14": 0.027114,
                "15": 0.027957,
                "16": 0.028785,
                "17": 0.027134,
                "18": 0.027663,
                "19": 0.027895,
                "20": 0.028171,
                "21": 0.028064,
                "22": 0.027254,
                "23": 0.02746,
                "24": 0.028317,
                "25": 0.027617,
                "26": 0.027841,
                "27": 0.028429,
                "28": 0.028442,
                "29": 0.027616,
                "30": 0.028691,
                "31": 0.028088,
                "32": 0.02758,
                "33": 0.028096,
                "34": 0.027263,
                "35": 0.027823,
                "36": 0.027572,
                "37": 0.028729,
                "38": 0.027501,
                "39": 0.028464,
                "40": 0.027796,
                "41": 0.028642,
                "42": 0.027056,
                "43": 0.028955,
                "44": 0.027779,
                "45": 0.028229,
                "46": 0.027591,
                "47": 0.027524,
                "48": 0.027741,
                "49": 0.027913,
                "50": 0.028166,
                "51": 0.028367,
                "52": 0.027599,
                "53": 0.028376,
                "54": 0.027476,
                "55": 0.027563,
                "56": 0.027761,
                "57": 0.027794,
                "58": 0.028162,
                "59": 0.028251,
                "60": 0.027801,
                "61": 0.028299,
                "62": 0.028078,
                "63": 0.027987,
                "64": 0.026971,
                "65": 0.027316,
                "66": 0.02773,
                "67": 0.026994,
                "68": 0.028639,
                "69": 0.027872,
                "70": 0.027663,
                "71": 0.027782,
                "72": 0.029152,
                "73": 0.027257,
                "74": 0.028501,
                "75": 0.028203,
                "76": 0.027864,
                "77": 0.028454,
                "78": 0.027695,
                "79": 0.027967,
                "80": 0.028513,
                "81": 0.028461,
                "82": 0.028402,
                "83": 0.02746,
                "84": 0.028005,
                "85": 0.027215,
                "86": 0.027714,
                "87": 0.027171,
                "88": 0.029164,
                "89": 0.028219,
                "90": 0.028647,
                "91": 0.028163,
                "92": 0.028418,
                "93": 0.027633,
                "94": 0.027513,
                "95": 0.027637,
                "96": 0.027897,
                "97": 0.028631,
                "98": 0.027967,
                "99": 0.027583,
                "100": 0.028655,
                "101": 0.028354,
                "102": 0.028377,
                "103": 0.026389,
                "104": 0.028613,
                "105": 0.027303,
                "106": 0.028344,
                "107": 0.027462,
                "108": 0.028404,
                "109": 0.027434,
                "110": 0.028439,
                "111": 0.026992,
                "112": 0.027729,
                "113": 0.027333,
                "114": 0.028034,
                "115": 0.027381,
                "116": 0.028166,
                "117": 0.027566,
                "118": 0.027745
            },
            "validation_time": 0.309822,