{
    "init": -1.0,
    "total_training": 24.773576498031616,
    "largest_real_time_delta": 19.25372815132141,
    "fit_time": -1.0,
    "write_model_time": -1.0,
    "epochs": {
        "1": {
            "steps": {
                "1": 11.205284,
                "2": 0.025098,
                "3": 0.025115,
                "4": 0.024175,
                "5": 0.024148,
                "6": 0.024423,
                "7": 0.025257,
                "8": 0.023743,
                "9": 0.023162,
                "10": 0.024501,
                "11": 0.024176,
                "12": 0.025216,
                "13": 0.024776,
                "14": 0.024156,
                "15": 0.024753,
                "16": 0.023906,
                "17": 0.024217,
                "18": 0.024738,
                "19": 0.024508,
                "20": 0.024192,
                "21": 0.024451,
                "22": 0.024614,
                "23": 0.024716,
                "24": 0.023943,
                "25": 0.025131,
                "26": 0.023365,
                "27": 0.024391,
                "28": 0.023202,
                "29": 0.023855,
                "30": 0.023529,
                "31": 0.024145,
                "32": 0.024823,
                "33": 0.024926,
                "34": 0.02369,
                "35": 0.025148,
                "36": 0.023343,
                "37": 0.023844,
                "38": 0.023694,
                "39": 0.024752,
                "40": 0.023491,
                "41": 0.024561,
                "42": 0.023374,
                "43": 0.025159,
                "44": 0.024874,
                "45": 0.025562,
                "46": 0.02369,
                "47": 0.024498,
                "48": 0.023874,
                "49": 0.024535,
                "50": 0.024118,
                "51": 0.023978,
                "52": 0.022842,
                "53": 0.024792,
                "54": 0.024433,
                "55": 0.024749,
                "56": 0.024624,
                "57": 0.023928,
                "58": 0.023851,
                "59": 0.052785
            },
            "validation_accuracy": 0.9457,
            "validation_time": 0.407622,
            "epoch_time": 13.053088426589966
        },
        "2": {
            "steps": {
                "1": 0.024808,
                "2": 0.024518,
                "3": 0.024761,
                "4": 0.024987,
                "5": 0.024608,
                "6": 0.024131,
                "7": 0.024949,
                "8": 0.023881,
                "9": 0.024902,
                "10": 0.023839,
                "11": 0.023931,
                "12": 0.024449,
                "13": 0.02377,
                "14": 0.023441,
                "15": 0.023934,
                "16": 0.024386,
                "17": 0.023627,
                "18": 0.023747,
                "19": 0.023736,
                "20": 0.024876,
                "21": 0.024421,
                "22": 0.023221,
                "23": 0.024188,
                "24": 0.024316,
                "25": 0.024358,
                "26": 0.024909,
                "27": 0.024072,
                "28": 0.023755,
                "29": 0.027303,
                "30": 0.02517,
                "31": 0.024363,
                "32": 0.023107,
                "33": 0.023834,
                "34": 0.025248,
                "35": 0.024793,
                "36": 0.022893,
                "37": 0.024504,
                "38": 0.023989,
                "39": 0.025332,
                "40": 0.02482,
                "41": 0.024918,
                "42": 0.024765,
                "43": 0.024649,
                "44": 0.023392,
                "45": 0.024891,
                "46": 0.023824,
                "47": 0.024312,
                "48": 0.025041,
                "49": 0.024749,
                "50": 0.023068,
                "51": 0.024935,
                "52": 0.024632,
                "53": 0.023891,
                "54": 0.023933,
                "55": 0.023631,
                "56": 0.023927,
                "57": 0.023721,
                "58": 0.023568,
                "59": 0.01925
            },
            "validation_accuracy": 0.9701,
            "validation_time": 0.122195,
            "epoch_time": 1.5537683963775635
        },
        "3": {
            "steps": {
                "1": 0.023959,
                "2": 0.024882,
                "3": 0.024534,
                "4": 0.023983,
                "5": 0.025203,
                "6": 0.02416,
                "7": 0.02498,
                "8": 0.023942,
                "9": 0.024983,
                "10": 0.024784,
                "11": 0.024308,
                "12": 0.024903,
                "13": 0.023614,
                "14": 0.023054,
                "15": 0.025043,
                "16": 0.024358,
                "17": 0.023835,
                "18": 0.023592,
                "19": 0.02524,
                "20": 0.023486,
                "21": 0.023614,
                "22": 0.023122,
                "23": 0.025297,
                "24": 0.024276,
                "25": 0.024397,
                "26": 0.023996,
                "27": 0.024256,
                "28": 0.023694,
                "29": 0.024163,
                "30": 0.023218,
                "31": 0.02335,
                "32": 0.024457,
                "33": 0.02405,
                "34": 0.023696,
                "35": 0.023286,
                "36": 0.024403,
                "37": 0.025049,
                "38": 0.023208,
                "39": 0.024755,
                "40": 0.023858,
                "41": 0.024744,
                "42": 0.02382,
                "43": 0.025497,
                "44": 0.023552,
                "45": 0.02414,
                "46": 0.024785,
                "47": 0.02313,
                "48": 0.024765,
                "49": 0.023281,
                "50": 0.024148,
                "51": 0.023828,
                "52": 0.022738,
                "53": 0.025042,
                "54": 0.025299,
                "55": 0.023535,
                "56": 0.023725,
                "57": 0.024141,
                "58": 0.023716,
                "59": 0.020831
            },
            "validation_accuracy": 0.9768,
            "validation_time": 0.121357,
            "epoch_time": 1.5455670356750488
        },
        "4": {
            "steps": {
                "1": 0.025319,
                "2": 0.024068,
                "3": 0.024094,
                "4": 0.024448,
                "5": 0.024671,
                "6": 0.024931,
                "7": 0.024426,
                "8": 0.023705,
                "9": 0.024884,
                "10": 0.023913,
                "11": 0.02374,
                "12": 0.024355,
                "13": 0.025387,
                "14": 0.023951,
                "15": 0.024804,
                "16": 0.023126,
                "17": 0.026411,
                "18": 0.024305,
                "19": 0.025373,
                "20": 0.023115,
                "21": 0.024742,
                "22": 0.023856,
                "23": 0.024644,
                "24": 0.023858,
                "25": 0.023751,
                "26": 0.024554,
                "27": 0.024148,
                "28": 0.024035,
                "29": 0.024016,
                "30": 0.023061,
                "31": 0.02495,
                "32": 0.023948,
                "33": 0.025224,
                "34": 0.023994,
                "35": 0.025238,
                "36": 0.024258,
                "37": 0.024316,
                "38": 0.024517,
                "39": 0.024916,
                "40": 0.023485,
                "41": 0.024137,
                "42": 0.023888,
                "43": 0.023995,
                "44": 0.022968,
                "45": 0.024659,
                "46": 0.024045,
                "47": 0.025002,
                "48": 0.023642,
                "49": 0.024609,