{
    "init": -1.0,
    "total_training": 24.950582027435303,
    "largest_real_time_delta": 19.120769739151,
    "fit_time": -1.0,
    "write_model_time": -1.0,
    "epochs": {
        "1": {
            "steps": {
                "1": 10.456638,
                "2": 0.029059,
                "3": 0.028573,
                "4": 0.027607,
                "5": 0.026278,
                "6": 0.027388,
                "7": 0.024726,
                "8": 0.026343,
                "9": 0.02719,
                "10": 0.026322,
                "11": 0.026885,
                "12": 0.027549,
                "13": 0.028353,
                "14": 0.025994,
                "15": 0.026452,
                "16": 0.025313,
                "17": 0.026992,
                "18": 0.026142,
                "19": 0.025464,
                "20": 0.025215,
                "21": 0.026667,
                "22": 0.028305,
                "23": 0.02596,
                "24": 0.026144,
                "25": 0.026498,
                "26": 0.026006,
                "27": 0.027134,
                "28": 0.026047,
                "29": 0.027351,
                "30": 0.026092,
                "31": 0.026726,
                "32": 0.025524,
                "33": 0.025374,
                "34": 0.0267,
                "35": 0.026346,
                "36": 0.026722,
                "37": 0.026445,
                "38": 0.027111,
                "39": 0.02482,
                "40": 0.024859,
                "41": 0.028271,
                "42": 0.025573,
                "43": 0.025628,
                "44": 0.024242,
                "45": 0.025303,
                "46": 0.026421,
                "47": 0.027161,
                "48": 0.026703,
                "49": 0.026677,
                "50": 0.027103,
                "51": 0.024341,
                "52": 0.024901,
                "53": 0.025178,
                "54": 0.02641,
                "55": 0.024989,
                "56": 0.023963,
                "57": 0.026348,
                "58": 0.027112,
                "59": 0.053002
            },
            "validation_accuracy": 0.9403,
            "validation_time": 0.405016,
            "epoch_time": 12.418365478515625
        },
        "2": {
            "steps": {
                "1": 0.026872,
                "2": 0.028177,
                "3": 0.027615,
                "4": 0.027522,
                "5": 0.026839,
                "6": 0.027652,
                "7": 0.026665,
                "8": 0.024579,
                "9": 0.028097,
                "10": 0.024825,
                "11": 0.02692,
                "12": 0.026756,
                "13": 0.025457,
                "14": 0.027021,
                "15": 0.025902,
                "16": 0.026595,
                "17": 0.027678,
                "18": 0.025517,
                "19": 0.027498,
                "20": 0.025676,
                "21": 0.027482,
                "22": 0.026929,
                "23": 0.027326,
                "24": 0.025308,
                "25": 0.027641,
                "26": 0.026834,
                "27": 0.025798,
                "28": 0.026032,
                "29": 0.024982,
                "30": 0.02715,
                "31": 0.025365,
                "32": 0.024624,
                "33": 0.024763,
                "34": 0.026717,
                "35": 0.026476,
                "36": 0.027957,
                "37": 0.026475,
                "38": 0.026515,
                "39": 0.027735,
                "40": 0.026157,
                "41": 0.025228,
                "42": 0.027263,
                "43": 0.02884,
                "44": 0.02764,
                "45": 0.026956,
                "46": 0.02441,
                "47": 0.024791,
                "48": 0.027971,
                "49": 0.028334,
                "50": 0.027145,
                "51": 0.02752,
                "52": 0.024194,
                "53": 0.024575,
                "54": 0.025862,
                "55": 0.026124,
                "56": 0.026877,
                "57": 0.026787,
                "58": 0.024905,
                "59": 0.020266
            },
            "validation_accuracy": 0.9664,
            "validation_time": 0.122085,
            "epoch_time": 1.6825711727142334
        },
        "3": {
            "steps": {
                "1": 0.023935,
                "2": 0.027205,
                "3": 0.025071,
                "4": 0.027124,
                "5": 0.027507,
                "6": 0.02709,
                "7": 0.025486,
                "8": 0.023878,
                "9": 0.024174,
                "10": 0.024646,
                "11": 0.024334,
                "12": 0.027741,
                "13": 0.026733,
                "14": 0.027615,
                "15": 0.027222,
                "16": 0.024586,
                "17": 0.026571,
                "18": 0.02811,
                "19": 0.024611,
                "20": 0.024232,
                "21": 0.026855,
                "22": 0.026186,
                "23": 0.028251,
                "24": 0.024611,
                "25": 0.027076,
                "26": 0.027028,
                "27": 0.025587,
                "28": 0.026808,
                "29": 0.027243,
                "30": 0.0263,
                "31": 0.02781,
                "32": 0.025688,
                "33": 0.026479,
                "34": 0.026646,
                "35": 0.026668,
                "36": 0.027151,
                "37": 0.027635,
                "38": 0.027812,
                "39": 0.026822,
                "40": 0.026865,
                "41": 0.026852,
                "42": 0.026989,
                "43": 0.024296,
                "44": 0.025156,
                "45": 0.026303,
                "46": 0.025549,
                "47": 0.026598,
                "48": 0.026306,
                "49": 0.027397,
                "50": 0.024403,
                "51": 0.026679,
                "52": 0.024969,
                "53": 0.023727,
                "54": 0.025537,
                "55": 0.025285,
                "56": 0.028569,
                "57": 0.027542,
                "58": 0.02424,
                "59": 0.022123
            },
            "validation_accuracy": 0.9765,
            "validation_time": 0.125012,
            "epoch_time": 1.6695191860198975
        },
        "4": {
            "steps": {
                "1": 0.027239,
                "2": 0.02561,
                "3": 0.02455,
                "4": 0.02405,
                "5": 0.026349,
                "6": 0.02581,
                "7": 0.026254,
                "8": 0.026506,
                "9": 0.024305,
                "10": 0.027497,
                "11": 0.028016,
                "12": 0.026205,
                "13": 0.027113,
                "14": 0.02725,
                "15": 0.024703,
                "16": 0.025966,
                "17": 0.025153,
                "18": 0.027894,
                "19": 0.027126,
                "20": 0.026159,
                "21": 0.025114,
                "22": 0.027327,
                "23": 0.027388,
                "24": 0.026863,
                "25": 0.025779,
                "26": 0.027671,
                "27": 0.027244,
                "28": 0.026965,
                "29": 0.027597,
                "30": 0.026413,
                "31": 0.026099,
                "32": 0.027506,
                "33": 0.025013,
                "34": 0.02481,
                "35": 0.024798,
                "36": 0.026712,
                "37": 0.027192,
                "38": 0.024451,
                "39": 0.028352,
                "40": 0.028087,
                "41": 0.023583,
                "42": 0.026731,
                "43": 0.024238,
                "44": 0.026801,
                "45": 0.027713,
                "46": 0.026695,
                "47": 0.026298,
                "48": 0.027272,
                "49": 0.025739,
                "50": 0.027785,