{
    "init": -1.0,
    "total_training": 25.437655925750732,
    "largest_real_time_delta": 19.661388158798218,
    "fit_time": -1.0,
    "write_model_time": -1.0,
    "epochs": {
        "1": {
            "steps": {
                "1": 11.407829,
                "2": 0.024248,
                "3": 0.0243,
                "4": 0.025357,
                "5": 0.02438,
                "6": 0.024446,
                "7": 0.023799,
                "8": 0.025001,
                "9": 0.024802,
                "10": 0.025689,
                "11": 0.024548,
                "12": 0.026498,
                "13": 0.025108,
                "14": 0.024615,
                "15": 0.023661,
                "16": 0.02544,
                "17": 0.02415,
                "18": 0.024374,
                "19": 0.024524,
                "20": 0.025117,
                "21": 0.024169,
                "22": 0.023633,
                "23": 0.025493,
                "24": 0.023813,
                "25": 0.02479,
                "26": 0.024748,
                "27": 0.025456,
                "28": 0.025551,
                "29": 0.024544,
                "30": 0.023489,
                "31": 0.024074,
                "32": 0.024145,
                "33": 0.025209,
                "34": 0.024307,
                "35": 0.024942,
                "36": 0.023173,
                "37": 0.024669,
                "38": 0.024427,
                "39": 0.023856,
                "40": 0.023821,
                "41": 0.025219,
                "42": 0.024322,
                "43": 0.024953,
                "44": 0.023685,
                "45": 0.026292,
                "46": 0.025012,
                "47": 0.023955,
                "48": 0.023852,
                "49": 0.024818,
                "50": 0.024154,
                "51": 0.024155,
                "52": 0.024311,
                "53": 0.025003,
                "54": 0.023406,
                "55": 0.024319,
                "56": 0.023156,
                "57": 0.025394,
                "58": 0.024346,
                "59": 0.049443
            },
            "validation_accuracy": 0.9475,
            "validation_time": 0.420463,
            "epoch_time": 13.279129028320312
        },
        "2": {
            "steps": {
                "1": 0.02561,
                "2": 0.023941,
                "3": 0.024419,
                "4": 0.025071,
                "5": 0.025748,
                "6": 0.025776,
                "7": 0.023572,
                "8": 0.026922,
                "9": 0.023556,
                "10": 0.025534,
                "11": 0.024487,
                "12": 0.025321,
                "13": 0.023912,
                "14": 0.02424,
                "15": 0.024151,
                "16": 0.024313,
                "17": 0.023682,
                "18": 0.024112,
                "19": 0.024619,
                "20": 0.025793,
                "21": 0.023848,
                "22": 0.025225,
                "23": 0.024758,
                "24": 0.024392,
                "25": 0.024548,
                "26": 0.025179,
                "27": 0.024755,
                "28": 0.023939,
                "29": 0.024428,
                "30": 0.025154,
                "31": 0.024169,
                "32": 0.024987,
                "33": 0.023703,
                "34": 0.025315,
                "35": 0.02443,
                "36": 0.024129,
                "37": 0.024547,
                "38": 0.024146,
                "39": 0.023929,
                "40": 0.025311,
                "41": 0.025778,
                "42": 0.024247,
                "43": 0.023792,
                "44": 0.025089,
                "45": 0.02512,
                "46": 0.023282,
                "47": 0.024439,
                "48": 0.024894,
                "49": 0.02441,
                "50": 0.02429,
                "51": 0.024929,
                "52": 0.025106,
                "53": 0.025774,
                "54": 0.023492,
                "55": 0.024699,
                "56": 0.02547,
                "57": 0.02529,
                "58": 0.023909,
                "59": 0.019627
            },
            "validation_accuracy": 0.9697,
            "validation_time": 0.141273,
            "epoch_time": 1.5931730270385742
        },
        "3": {
            "steps": {
                "1": 0.025245,
                "2": 0.023799,
                "3": 0.025251,
                "4": 0.024507,
                "5": 0.023924,
                "6": 0.025644,
                "7": 0.025009,
                "8": 0.025115,
                "9": 0.023501,
                "10": 0.025285,
                "11": 0.02571,
                "12": 0.024876,
                "13": 0.024048,
                "14": 0.024626,
                "15": 0.023925,
                "16": 0.026323,
                "17": 0.02464,
                "18": 0.025252,
                "19": 0.024495,
                "20": 0.024846,
                "21": 0.025018,
                "22": 0.025762,
                "23": 0.02557,
                "24": 0.025093,
                "25": 0.025318,
                "26": 0.025374,
                "27": 0.023941,
                "28": 0.025824,
                "29": 0.024352,
                "30": 0.024562,
                "31": 0.024983,
                "32": 0.025538,
                "33": 0.02512,
                "34": 0.024166,
                "35": 0.02448,
                "36": 0.02466,
                "37": 0.025102,
                "38": 0.025085,
                "39": 0.025426,
                "40": 0.02632,
                "41": 0.025295,
                "42": 0.025923,
                "43": 0.025212,
                "44": 0.025036,
                "45": 0.023323,
                "46": 0.025616,
                "47": 0.025245,
                "48": 0.024943,
                "49": 0.024546,
                "50": 0.024399,
                "51": 0.024821,
                "52": 0.023994,
                "53": 0.025383,
                "54": 0.025365,
                "55": 0.02382,
                "56": 0.025105,
                "57": 0.024911,
                "58": 0.024818,
                "59": 0.019328
            },
            "validation_accuracy": 0.9644,
            "validation_time": 0.140763,
            "epoch_time": 1.6084208488464355
        },
        "4": {
            "steps": {
                "1": 0.025404,
                "2": 0.024747,
                "3": 0.023109,
                "4": 0.024493,
                "5": 0.026028,
                "6": 0.02541,
                "7": 0.024616,
                "8": 0.024172,
                "9": 0.024679,
                "10": 0.025414,
                "11": 0.025069,
                "12": 0.025039,
                "13": 0.024602,
                "14": 0.024583,
                "15": 0.023675,
                "16": 0.024958,
                "17": 0.02491,
                "18": 0.02544,
                "19": 0.024693,
                "20": 0.024603,
                "21": 0.024628,
                "22": 0.024679,
                "23": 0.024736,
                "24": 0.024806,
                "25": 0.024402,
                "26": 0.023897,
                "27": 0.025501,
                "28": 0.024464,
                "29": 0.024826,
                "30": 0.025078,
                "31": 0.024327,
                "32": 0.02391,
                "33": 0.024564,
                "34": 0.025061,
                "35": 0.025117,
                "36": 0.024992,
                "37": 0.023934,
                "38": 0.024411,
                "39": 0.024564,
                "40": 0.023461,
                "41": 0.026098,
                "42": 0.026358,
                "43": 0.023395,
                "44": 0.024022,
                "45": 0.024842,
                "46": 0.025271,
                "47": 0.023951,
                "48": 0.025038,
                "49": 0.02383,
                "50": 0.025314,