{
    "init": -1.0,
    "total_training": 56.63760781288147,
    "largest_real_time_delta": 52.33474278450012,
    "fit_time": 56.63760781288147,
    "write_model_time": -1.0,
    "epochs": {
        "1": {
            "steps": {
                "1": 17.18852,
                "2": 0.223088,
                "3": 0.224341,
                "4": 0.220336,
                "5": 0.223325,
                "6": 0.224127,
                "7": 0.224292,
                "8": 0.220896,
                "9": 0.223711,
                "10": 0.224634,
                "11": 0.222254,
                "12": 0.222061,
                "13": 0.22117,
                "14": 0.221318,
                "15": 0.219477,
                "16": 0.221424,
                "17": 0.220372,
                "18": 0.220732,
                "19": 0.224645,
                "20": 0.220329,
                "21": 0.224643,
                "22": 0.221269,
                "23": 0.221522,
                "24": 0.214349,
                "25": 2.072163
            },
            "validation_time": 3.571046,
            "epoch_time": 28.868383646011353
        },
        "2": {
            "steps": {
                "1": 0.221591,
                "2": 0.219834,
                "3": 0.223701,
                "4": 0.219799,
                "5": 0.220603,
                "6": 0.224976,
                "7": 0.224792,
                "8": 0.220746,
                "9": 0.219619,
                "10": 0.219854,
                "11": 0.220623,
                "12": 0.220997,
                "13": 0.21858,
                "14": 0.22325,
                "15": 0.217632,
                "16": 0.223439,
                "17": 0.224752,
                "18": 0.220868,
                "19": 0.221233,
                "20": 0.220644,
                "21": 0.220037,
                "22": 0.221944,
                "23": 0.221465,
                "24": 0.214206,
                "25": 0.144454
            },
            "validation_time": 0.437618,
            "epoch_time": 5.891552209854126
        },
        "3": {
            "steps": {
                "1": 0.221336,
                "2": 0.21936,
                "3": 0.223226,
                "4": 0.219204,
                "5": 0.220543,
                "6": 0.226588,
                "7": 0.219909,
                "8": 0.218015,
                "9": 0.220382,
                "10": 0.225566,
                "11": 0.220809,
                "12": 0.219646,
                "13": 0.219041,
                "14": 0.223729,
                "15": 0.220744,
                "16": 0.223053,
                "17": 0.220483,
                "18": 0.220114,
                "19": 0.220551,
                "20": 0.220039,
                "21": 0.220898,
                "22": 0.220971,
                "23": 0.220541,
                "24": 0.217833,
                "25": 0.137049
            },
            "validation_time": 0.428697,
            "epoch_time": 5.872681140899658
        },
        "4": {
            "steps": {
                "1": 0.218418,
                "2": 0.217983,
                "3": 0.218264,
                "4": 0.21783,
                "5": 0.217675,
                "6": 0.220801,
                "7": 0.219195,
                "8": 0.217211,
                "9": 0.217128,
                "10": 0.219458,
                "11": 0.218489,
                "12": 0.219258,
                "13": 0.220297,
                "14": 0.218498,
                "15": 0.216108,
                "16": 0.221837,
                "17": 0.221632,
                "18": 0.224369,
                "19": 0.219773,
                "20": 0.221093,
                "21": 0.22052,
                "22": 0.220195,
                "23": 0.220152,
                "24": 0.214715,
                "25": 0.14289
            },
            "validation_time": 0.434821,
            "epoch_time": 5.842987298965454
        },
        "5": {
            "steps": {
                "1": 0.220388,
                "2": 0.218588,
                "3": 0.218468,
                "4": 0.217998,
                "5": 0.216682,
                "6": 0.219244,
                "7": 0.220312,
                "8": 0.219923,
                "9": 0.224035,
                "10": 0.219998,
                "11": 0.22184,
                "12": 0.22368,
                "13": 0.223036,
                "14": 0.22053,
                "15": 0.216079,
                "16": 0.222433,
                "17": 0.219121,
                "18": 0.224453,
                "19": 0.223851,
                "20": 0.218454,
                "21": 0.221968,
                "22": 0.22138,
                "23": 0.221077,
                "24": 0.21409,
                "25": 0.137553
            },
            "validation_time": 0.428652,
            "epoch_time": 5.858133316040039
        }
    },
    "computing_system": "p3-1",
    "batch_size": "2048"
}
