{
    "init": -1.0,
    "total_training": 55.44906735420227,
    "largest_real_time_delta": 51.610652685165405,
    "fit_time": 55.44906735420227,
    "write_model_time": -1.0,
    "epochs": {
        "1": {
            "steps": {
                "1": 17.156207,
                "2": 0.219483,
                "3": 0.219116,
                "4": 0.21604,
                "5": 0.213317,
                "6": 0.215822,
                "7": 0.216038,
                "8": 0.217845,
                "9": 0.215143,
                "10": 0.215981,
                "11": 0.220627,
                "12": 0.214846,
                "13": 0.217639,
                "14": 0.217234,
                "15": 0.213889,
                "16": 0.215457,
                "17": 0.215457,
                "18": 0.214932,
                "19": 0.216985,
                "20": 0.220876,
                "21": 0.2203,
                "22": 0.214388,
                "23": 0.215388,
                "24": 0.210742,
                "25": 2.054941
            },
            "validation_time": 3.499394,
            "epoch_time": 28.534626960754395,
            "validation_accuracy": 0.1001
        },
        "2": {
            "steps": {
                "1": 0.21849,
                "2": 0.215261,
                "3": 0.217784,
                "4": 0.216856,
                "5": 0.218082,
                "6": 0.220814,
                "7": 0.220648,
                "8": 0.21995,
                "9": 0.214518,
                "10": 0.215023,
                "11": 0.21573,
                "12": 0.215774,
                "13": 0.214583,
                "14": 0.215353,
                "15": 0.216787,
                "16": 0.217958,
                "17": 0.215182,
                "18": 0.215821,
                "19": 0.217739,
                "20": 0.21531,
                "21": 0.216033,
                "22": 0.214984,
                "23": 0.215664,
                "24": 0.213221,
                "25": 0.138072
            },
            "validation_time": 0.44489,
            "epoch_time": 5.784915447235107,
            "validation_accuracy": 0.1001
        },
        "3": {
            "steps": {
                "1": 0.217837,
                "2": 0.216356,
                "3": 0.215404,
                "4": 0.217201,
                "5": 0.216051,
                "6": 0.214478,
                "7": 0.217837,
                "8": 0.215319,
                "9": 0.215295,
                "10": 0.214426,
                "11": 0.214196,
                "12": 0.215629,
                "13": 0.215854,
                "14": 0.215046,
                "15": 0.213955,
                "16": 0.217561,
                "17": 0.215548,
                "18": 0.215018,
                "19": 0.216139,
                "20": 0.219013,
                "21": 0.216696,
                "22": 0.220415,
                "23": 0.215549,
                "24": 0.214199,
                "25": 0.136736
            },
            "validation_time": 0.433335,
            "epoch_time": 5.759429931640625,
            "validation_accuracy": 0.0
        },
        "4": {
            "steps": {
                "1": 0.21778,
                "2": 0.214895,
                "3": 0.21614,
                "4": 0.218011,
                "5": 0.22012,
                "6": 0.217938,
                "7": 0.216182,
                "8": 0.215337,
                "9": 0.215584,
                "10": 0.217117,
                "11": 0.21617,
                "12": 0.21642,
                "13": 0.22099,
                "14": 0.216127,
                "15": 0.213582,
                "16": 0.214641,
                "17": 0.21897,
                "18": 0.217886,
                "19": 0.216638,
                "20": 0.219332,
                "21": 0.217824,
                "22": 0.215029,
                "23": 0.215148,
                "24": 0.208509,
                "25": 0.140353
            },
            "validation_time": 0.428872,
            "epoch_time": 5.769952774047852,
            "validation_accuracy": 0.1001
        },
        "5": {
            "steps": {
                "1": 0.218004,
                "2": 0.21571,
                "3": 0.215136,
                "4": 0.216492,
                "5": 0.218668,
                "6": 0.21431,
                "7": 0.21586,
                "8": 0.215201,
                "9": 0.214405,
                "10": 0.216278,
                "11": 0.215911,
                "12": 0.215797,
                "13": 0.217543,
                "14": 0.218799,
                "15": 0.215266,
                "16": 0.215149,
                "17": 0.214009,
                "18": 0.216662,
                "19": 0.215419,
                "20": 0.213923,
                "21": 0.223232,
                "22": 0.216394,
                "23": 0.219735,
                "24": 0.215646,
                "25": 0.135344
            },
            "validation_time": 0.427567,
            "epoch_time": 5.760765075683594,
            "validation_accuracy": 0.049
        }
    },
    "computing_system": "p3-1",
    "batch_size": "2048"
}
