{
    "init": -1.0,
    "total_training": 56.52603316307068,
    "largest_real_time_delta": 52.59447169303894,
    "fit_time": 56.52603316307068,
    "write_model_time": -1.0,
    "epochs": {
        "1": {
            "steps": {
                "1": 17.793314,
                "2": 0.217741,
                "3": 0.22057,
                "4": 0.215579,
                "5": 0.218647,
                "6": 0.219026,
                "7": 0.221279,
                "8": 0.216439,
                "9": 0.215938,
                "10": 0.220209,
                "11": 0.216327,
                "12": 0.216666,
                "13": 0.221296,
                "14": 0.217138,
                "15": 0.214752,
                "16": 0.219519,
                "17": 0.215791,
                "18": 0.217265,
                "19": 0.215502,
                "20": 0.216938,
                "21": 0.22057,
                "22": 0.220326,
                "23": 0.216318,
                "24": 0.211738,
                "25": 2.0682
            },
            "validation_time": 3.59456,
            "epoch_time": 29.329888105392456,
            "validation_accuracy": 0.0
        },
        "2": {
            "steps": {
                "1": 0.221129,
                "2": 0.216665,
                "3": 0.215812,
                "4": 0.216751,
                "5": 0.218379,
                "6": 0.218743,
                "7": 0.217307,
                "8": 0.218316,
                "9": 0.221833,
                "10": 0.216091,
                "11": 0.21578,
                "12": 0.220721,
                "13": 0.220111,
                "14": 0.219905,
                "15": 0.218067,
                "16": 0.216663,
                "17": 0.218086,
                "18": 0.220131,
                "19": 0.221273,
                "20": 0.220012,
                "21": 0.218304,
                "22": 0.220454,
                "23": 0.216116,
                "24": 0.215276,
                "25": 0.143239
            },
            "validation_time": 0.437503,
            "epoch_time": 5.827106475830078,
            "validation_accuracy": 0.0
        },
        "3": {
            "steps": {
                "1": 0.217075,
                "2": 0.21821,
                "3": 0.219802,
                "4": 0.220632,
                "5": 0.21577,
                "6": 0.217664,
                "7": 0.215891,
                "8": 0.222435,
                "9": 0.216252,
                "10": 0.223239,
                "11": 0.216206,
                "12": 0.220172,
                "13": 0.215379,
                "14": 0.220091,
                "15": 0.214859,
                "16": 0.219974,
                "17": 0.216174,
                "18": 0.215867,
                "19": 0.217552,
                "20": 0.215477,
                "21": 0.216155,
                "22": 0.215568,
                "23": 0.216416,
                "24": 0.215579,
                "25": 0.144153
            },
            "validation_time": 0.443196,
            "epoch_time": 5.814507007598877,
            "validation_accuracy": 0.013
        },
        "4": {
            "steps": {
                "1": 0.2209,
                "2": 0.22203,
                "3": 0.218856,
                "4": 0.215779,
                "5": 0.216226,
                "6": 0.218371,
                "7": 0.215171,
                "8": 0.217723,
                "9": 0.215555,
                "10": 0.221819,
                "11": 0.218115,
                "12": 0.21986,
                "13": 0.219971,
                "14": 0.220325,
                "15": 0.214086,
                "16": 0.221811,
                "17": 0.218093,
                "18": 0.215696,
                "19": 0.218414,
                "20": 0.221283,
                "21": 0.219087,
                "22": 0.217337,
                "23": 0.217043,
                "24": 0.212532,
                "25": 0.142986
            },
            "validation_time": 0.441424,
            "epoch_time": 5.825157642364502,
            "validation_accuracy": 0.0
        },
        "5": {
            "steps": {
                "1": 0.216732,
                "2": 0.215684,
                "3": 0.218461,
                "4": 0.214308,
                "5": 0.215888,
                "6": 0.215806,
                "7": 0.221505,
                "8": 0.217381,
                "9": 0.215912,
                "10": 0.215672,
                "11": 0.216748,
                "12": 0.218108,
                "13": 0.219962,
                "14": 0.22023,
                "15": 0.216359,
                "16": 0.217201,
                "17": 0.22134,
                "18": 0.216524,
                "19": 0.221727,
                "20": 0.218382,
                "21": 0.217981,
                "22": 0.216721,
                "23": 0.217339,
                "24": 0.211486,
                "25": 0.142976
            },
            "validation_time": 0.431539,
            "epoch_time": 5.796684741973877,
            "validation_accuracy": 0.0998
        }
    },
    "computing_system": "p3-1",
    "batch_size": "2048"
}
