{
    "init": -1.0,
    "total_training": 18.561947345733643,
    "largest_real_time_delta": 15.472970247268677,
    "fit_time": -1.0,
    "write_model_time": -1.0,
    "epochs": {
        "1": {
            "steps": {
                "1": 2.797659,
                "2": 0.021205,
                "3": 0.020459,
                "4": 0.020642,
                "5": 0.02036,
                "6": 0.020578,
                "7": 0.020597,
                "8": 0.020683,
                "9": 0.02053,
                "10": 0.020842,
                "11": 0.020393,
                "12": 0.020686,
                "13": 0.020163,
                "14": 0.020361,
                "15": 0.020117,
                "16": 0.020394,
                "17": 0.020106,
                "18": 0.020025,
                "19": 0.020318,
                "20": 0.020325,
                "21": 0.020131,
                "22": 0.020366,
                "23": 0.020364,
                "24": 0.021057,
                "25": 0.020164,
                "26": 0.020175,
                "27": 0.020051,
                "28": 0.02019,
                "29": 0.019836,
                "30": 0.020456,
                "31": 0.020369,
                "32": 0.020291,
                "33": 0.020047,
                "34": 0.020892,
                "35": 0.020622,
                "36": 0.020741,
                "37": 0.020481,
                "38": 0.020357,
                "39": 0.020065,
                "40": 0.020479,
                "41": 0.020118,
                "42": 0.020257,
                "43": 0.020149,
                "44": 0.020127,
                "45": 0.019989,
                "46": 0.020618,
                "47": 0.020402,
                "48": 0.020022,
                "49": 0.020145,
                "50": 0.019851,
                "51": 0.019992,
                "52": 0.02001,
                "53": 0.020376,
                "54": 0.01997,
                "55": 0.020198,
                "56": 0.020174,
                "57": 0.020263,
                "58": 0.020284,
                "59": 0.02013,
                "60": 0.019873,
                "61": 0.020295,
                "62": 0.019979,
                "63": 0.020165,
                "64": 0.020121,
                "65": 0.020298,
                "66": 0.020025,
                "67": 0.020427,
                "68": 0.020228,
                "69": 0.020291,
                "70": 0.020224,
                "71": 0.020349,
                "72": 0.020192,
                "73": 0.020495,
                "74": 0.020035,
                "75": 0.020108,
                "76": 0.020131,
                "77": 0.020182,
                "78": 0.020007,
                "79": 0.02026,
                "80": 0.020141,
                "81": 0.020304,
                "82": 0.020175,
                "83": 0.020252,
                "84": 0.019911,
                "85": 0.020487,
                "86": 0.02114,
                "87": 0.022938,
                "88": 0.020468,
                "89": 0.020038,
                "90": 0.019928,
                "91": 0.020085,
                "92": 0.020106,
                "93": 0.020381,
                "94": 0.020089,
                "95": 0.020232,
                "96": 0.020079,
                "97": 0.020165,
                "98": 0.019784,
                "99": 0.020024,
                "100": 0.019965,
                "101": 0.01996,
                "102": 0.019914,
                "103": 0.02014,
                "104": 0.019989,
                "105": 0.020009,
                "106": 0.01984,
                "107": 0.020142,
                "108": 0.019784,
                "109": 0.019938,
                "110": 0.019831,
                "111": 0.020143,
                "112": 0.020407,
                "113": 0.019963,
                "114": 0.020051,
                "115": 0.020081,
                "116": 0.020201,
                "117": 0.019931,
                "118": 0.04328
            },
            "validation_time": 0.204622,
            "epoch_time": 5.397822618484497
        },
        "2": {
            "steps": {
                "1": 0.020884,
                "2": 0.020772,
                "3": 0.020549,
                "4": 0.020454,
                "5": 0.020557,
                "6": 0.020395,
                "7": 0.02059,
                "8": 0.020262,
                "9": 0.019972,
                "10": 0.020386,
                "11": 0.020392,
                "12": 0.020346,
                "13": 0.020333,
                "14": 0.020199,
                "15": 0.020456,
                "16": 0.02029,
                "17": 0.020509,
                "18": 0.020135,
                "19": 0.020391,
                "20": 0.020341,
                "21": 0.020141,
                "22": 0.020298,
                "23": 0.020175,
                "24": 0.020139,
                "25": 0.020229,
                "26": 0.020148,
                "27": 0.020159,
                "28": 0.020496,
                "29": 0.02025,
                "30": 0.020394,
                "31": 0.020415,
                "32": 0.020052,
                "33": 0.020365,
                "34": 0.020182,
                "35": 0.020767,
                "36": 0.020716,
                "37": 0.021029,
                "38": 0.020741,
                "39": 0.020417,
                "40": 0.020299,
                "41": 0.020314,
                "42": 0.02005,
                "43": 0.020492,
                "44": 0.022667,
                "45": 0.020437,
                "46": 0.020516,
                "47": 0.020832,
                "48": 0.020586,
                "49": 0.020955,
                "50": 0.020557,
                "51": 0.020885,
                "52": 0.020555,
                "53": 0.02027,
                "54": 0.020203,
                "55": 0.020257,
                "56": 0.020194,
                "57": 0.020473,
                "58": 0.020242,
                "59": 0.020517,
                "60": 0.020022,
                "61": 0.02045,
                "62": 0.020217,
                "63": 0.020469,
                "64": 0.020252,
                "65": 0.020161,
                "66": 0.019981,
                "67": 0.020382,
                "68": 0.020218,
                "69": 0.020297,
                "70": 0.020125,
                "71": 0.020359,
                "72": 0.019926,
                "73": 0.020046,
                "74": 0.019869,
                "75": 0.020117,
                "76": 0.019802,
                "77": 0.020521,
                "78": 0.020256,
                "79": 0.020546,
                "80": 0.020334,
                "81": 0.020291,
                "82": 0.020834,
                "83": 0.020273,
                "84": 0.020489,
                "85": 0.020415,
                "86": 0.020494,
                "87": 0.02013,
                "88": 0.020082,
                "89": 0.019964,
                "90": 0.02013,
                "91": 0.020081,
                "92": 0.01994,
                "93": 0.020829,
                "94": 0.0201,
                "95": 0.019982,
                "96": 0.020322,
                "97": 0.020026,
                "98": 0.020163,
                "99": 0.020015,
                "100": 0.02036,
                "101": 0.020019,
                "102": 0.020503,
                "103": 0.020565,
                "104": 0.020239,
                "105": 0.020218,
                "106": 0.020286,
                "107": 0.019928,
                "108": 0.020136,
                "109": 0.020073,
                "110": 0.019854,
                "111": 0.019825,
                "112": 0.020458,
                "113": 0.020022,
                "114": 0.020273,
                "115": 0.020167,
                "116": 0.020264,
                "117": 0.019905,
                "118": 0.007532
            },
            "validation_time": 0.129669,