{
    "init": 0.20047211647033691,
    "total_training": 27.4050610065,
    "epochs": {
        "1": {
            "steps": {
                "1": 5.16605401039,
                "2": 0.157377958298,
                "3": 0.157143831253,
                "4": 0.157240152359,
                "5": 0.157241106033,
                "6": 0.15763092041,
                "7": 0.157380104065,
                "8": 0.156603097916,
                "9": 0.157647848129,
                "10": 0.158220767975,
                "11": 0.158622026443,
                "12": 0.15678191185,
                "13": 0.156367063522,
                "14": 0.157945871353,
                "15": 0.160106897354,
                "16": 0.158560991287,
                "17": 0.159651994705,
                "18": 0.15883898735,
                "19": 0.152617931366,
                "20": 1.56732392311
            },
            "validation_time": 0.0934360027313,
            "epoch_time": 9.6892619133
        },
        "2": {
            "steps": {
                "1": 0.156738042831,
                "2": 0.157628059387,
                "3": 0.156737804413,
                "4": 0.158086061478,
                "5": 0.15797996521,
                "6": 0.157589912415,
                "7": 0.158667802811,
                "8": 0.157719135284,
                "9": 0.15819978714,
                "10": 0.157294988632,
                "11": 0.157965898514,
                "12": 0.158160209656,
                "13": 0.158030033112,
                "14": 0.160685062408,
                "15": 0.158560037613,
                "16": 0.157634973526,
                "17": 0.158355951309,
                "18": 0.157909870148,
                "19": 0.152677059174,
                "20": 0.0765058994293
            },
            "validation_time": 0.00625109672546,
            "epoch_time": 3.10566687584
        },
        "3": {
            "steps": {
                "1": 0.158145904541,
                "2": 0.158972024918,
                "3": 0.157407999039,
                "4": 0.157232999802,
                "5": 0.159237861633,
                "6": 0.157958984375,
                "7": 0.158067941666,
                "8": 0.157753944397,
                "9": 0.156668186188,
                "10": 0.157658100128,
                "11": 0.158699989319,
                "12": 0.157054185867,
                "13": 0.156834840775,
                "14": 0.15757393837,
                "15": 0.157589912415,
                "16": 0.157444953918,
                "17": 0.158732891083,
                "18": 0.156435966492,
                "19": 0.152134895325,
                "20": 0.0743510723114
            },
            "validation_time": 0.00514101982117,
            "epoch_time": 3.09805512428
        },
        "4": {
            "steps": {
                "1": 0.158364057541,
                "2": 0.157382965088,
                "3": 0.157403945923,
                "4": 0.157017946243,
                "5": 0.157589197159,
                "6": 0.15710401535,
                "7": 0.157230854034,
                "8": 0.157133102417,
                "9": 0.160613059998,
                "10": 0.160042047501,
                "11": 0.158067941666,
                "12": 0.156624078751,
                "13": 0.157588005066,
                "14": 0.157668113708,
                "15": 0.157965898514,
                "16": 0.156740903854,
                "17": 0.156843900681,
                "18": 0.156898975372,
                "19": 0.152250051498,
                "20": 0.075254201889
            },
            "validation_time": 0.00520396232605,
            "epoch_time": 3.09767103195
        },
        "5": {
            "steps": {
                "1": 0.157598972321,
                "2": 0.157937049866,
                "3": 0.158524036407,
                "4": 0.158746957779,
                "5": 0.156779050827,
                "6": 0.157932043076,
                "7": 0.157068014145,
                "8": 0.157347917557,
                "9": 0.157475948334,
                "10": 0.156680822372,
                "11": 0.157914161682,
                "12": 0.15861082077,
                "13": 0.158134937286,
                "14": 0.158545970917,
                "15": 0.157184839249,
                "16": 0.15630197525,
                "17": 0.157168865204,
                "18": 0.157703876495,
                "19": 0.152409076691,
                "20": 0.0750539302826
            },
            "validation_time": 0.00526690483093,
            "epoch_time": 3.09639692307
        }
    }
}
