{
    "init": -1.0,
    "total_training": 220.04130744934082,
    "largest_real_time_delta": 216.327880859375,
    "fit_time": 220.04130744934082,
    "write_model_time": -1.0,
    "epochs": {
        "1": {
            "steps": {
                "1": 27.954223,
                "2": 1.365611,
                "3": 1.349019,
                "4": 1.358674,
                "5": 1.349484,
                "6": 1.360491,
                "7": 1.356297,
                "8": 1.350359,
                "9": 1.349714,
                "10": 1.356395,
                "11": 1.356962,
                "12": 1.3524,
                "13": 1.357721,
                "14": 1.36027,
                "15": 1.358935,
                "16": 1.354903,
                "17": 1.358283,
                "18": 1.365737,
                "19": 1.361998,
                "20": 1.359847,
                "21": 1.366772,
                "22": 1.353774,
                "23": 1.36872,
                "24": 1.359682,
                "25": 7.945771
            },
            "validation_time": 6.495545,
            "epoch_time": 74.4545202255249,
            "validation_accuracy": 0.0
        },
        "2": {
            "steps": {
                "1": 1.370455,
                "2": 1.36146,
                "3": 1.367212,
                "4": 1.359473,
                "5": 1.354821,
                "6": 1.361773,
                "7": 1.367728,
                "8": 1.36634,
                "9": 1.369005,
                "10": 1.359823,
                "11": 1.364231,
                "12": 1.365482,
                "13": 1.360158,
                "14": 1.361462,
                "15": 1.373942,
                "16": 1.361061,
                "17": 1.365604,
                "18": 1.362342,
                "19": 1.3643,
                "20": 1.366723,
                "21": 1.367187,
                "22": 1.370038,
                "23": 1.365442,
                "24": 1.373963,
                "25": 0.638404
            },
            "validation_time": 1.814688,
            "epoch_time": 35.21737241744995,
            "validation_accuracy": 0.0
        },
        "3": {
            "steps": {
                "1": 1.365303,
                "2": 1.377243,
                "3": 1.369983,
                "4": 1.371612,
                "5": 1.380359,
                "6": 1.362245,
                "7": 1.370004,
                "8": 1.378667,
                "9": 1.386399,
                "10": 1.37537,
                "11": 1.37096,
                "12": 1.375164,
                "13": 1.369375,
                "14": 1.369697,
                "15": 1.372634,
                "16": 1.376549,
                "17": 1.372271,
                "18": 1.388789,
                "19": 1.380536,
                "20": 1.379668,
                "21": 1.371869,
                "22": 1.388096,
                "23": 1.3794,
                "24": 1.373775,
                "25": 0.643742
            },
            "validation_time": 1.819811,
            "epoch_time": 35.473947048187256,
            "validation_accuracy": 0.0982
        },
        "4": {
            "steps": {
                "1": 1.366459,
                "2": 1.369349,
                "3": 1.374999,
                "4": 1.378007,
                "5": 1.371928,
                "6": 1.382488,
                "7": 1.372765,
                "8": 1.371543,
                "9": 1.374218,
                "10": 1.376112,
                "11": 1.386245,
                "12": 1.376542,
                "13": 1.371913,
                "14": 1.382948,
                "15": 1.376003,
                "16": 1.373518,
                "17": 1.381205,
                "18": 1.388094,
                "19": 1.37454,
                "20": 1.380999,
                "21": 1.383627,
                "22": 1.37518,
                "23": 1.374274,
                "24": 1.370269,
                "25": 0.637801
            },
            "validation_time": 1.844036,
            "epoch_time": 35.52100086212158,
            "validation_accuracy": 0.1001
        },
        "5": {
            "steps": {
                "1": 1.372182,
                "2": 1.383299,
                "3": 1.38307,
                "4": 1.387538,
                "5": 1.379871,
                "6": 1.381655,
                "7": 1.375781,
                "8": 1.379539,
                "9": 1.374142,
                "10": 1.394005,
                "11": 1.387677,
                "12": 1.380403,
                "13": 1.385279,
                "14": 1.379781,
                "15": 1.379738,
                "16": 1.386089,
                "17": 1.383668,
                "18": 1.380937,
                "19": 1.37595,
                "20": 1.385943,
                "21": 1.385702,
                "22": 1.38384,
                "23": 1.380776,
                "24": 1.388227,
                "25": 0.63783
            },
            "validation_time": 1.842722,
            "epoch_time": 35.660104513168335,
            "validation_accuracy": 0.1001
        }
    },
    "computing_system": "p2-1",
    "batch_size": "2048"
}
