{
    "init": -1.0,
    "total_training": 226.50917601585388,
    "largest_real_time_delta": 222.5744595527649,
    "fit_time": 226.50917601585388,
    "write_model_time": -1.0,
    "epochs": {
        "1": {
            "steps": {
                "1": 28.097407,
                "2": 1.398618,
                "3": 1.390336,
                "4": 1.397573,
                "5": 1.401419,
                "6": 1.386926,
                "7": 1.381831,
                "8": 1.405489,
                "9": 1.401706,
                "10": 1.38689,
                "11": 1.391308,
                "12": 1.39427,
                "13": 1.401312,
                "14": 1.394099,
                "15": 1.391931,
                "16": 1.395297,
                "17": 1.393478,
                "18": 1.403972,
                "19": 1.405087,
                "20": 1.396204,
                "21": 1.397883,
                "22": 1.403631,
                "23": 1.410763,
                "24": 1.403456,
                "25": 8.124031
            },
            "validation_time": 6.694332,
            "epoch_time": 75.94202828407288,
            "validation_accuracy": 0.0
        },
        "2": {
            "steps": {
                "1": 1.415067,
                "2": 1.40706,
                "3": 1.410816,
                "4": 1.403565,
                "5": 1.406734,
                "6": 1.410554,
                "7": 1.414898,
                "8": 1.425156,
                "9": 1.413035,
                "10": 1.400543,
                "11": 1.407109,
                "12": 1.411846,
                "13": 1.398879,
                "14": 1.414101,
                "15": 1.410464,
                "16": 1.417976,
                "17": 1.405622,
                "18": 1.415143,
                "19": 1.406871,
                "20": 1.403822,
                "21": 1.403669,
                "22": 1.408108,
                "23": 1.408238,
                "24": 1.40809,
                "25": 0.651871
            },
            "validation_time": 1.901846,
            "epoch_time": 36.3854501247406,
            "validation_accuracy": 0.0
        },
        "3": {
            "steps": {
                "1": 1.414495,
                "2": 1.424766,
                "3": 1.421113,
                "4": 1.414156,
                "5": 1.408701,
                "6": 1.41019,
                "7": 1.407541,
                "8": 1.418352,
                "9": 1.415645,
                "10": 1.432734,
                "11": 1.418155,
                "12": 1.419586,
                "13": 1.425955,
                "14": 1.414164,
                "15": 1.421486,
                "16": 1.42774,
                "17": 1.429477,
                "18": 1.432106,
                "19": 1.416444,
                "20": 1.411852,
                "21": 1.412195,
                "22": 1.430091,
                "23": 1.427109,
                "24": 1.424281,
                "25": 0.654217
            },
            "validation_time": 1.903828,
            "epoch_time": 36.640849590301514,
            "validation_accuracy": 0.1001
        },
        "4": {
            "steps": {
                "1": 1.416102,
                "2": 1.423624,
                "3": 1.426831,
                "4": 1.419546,
                "5": 1.418326,
                "6": 1.416695,
                "7": 1.422762,
                "8": 1.437517,
                "9": 1.419203,
                "10": 1.434712,
                "11": 1.413692,
                "12": 1.425589,
                "13": 1.425855,
                "14": 1.433303,
                "15": 1.419631,
                "16": 1.414745,
                "17": 1.415773,
                "18": 1.417091,
                "19": 1.419322,
                "20": 1.424376,
                "21": 1.433436,
                "22": 1.428116,
                "23": 1.414342,
                "24": 1.409803,
                "25": 0.659885
            },
            "validation_time": 1.923793,
            "epoch_time": 36.71848821640015,
            "validation_accuracy": 0.0998
        },
        "5": {
            "steps": {
                "1": 1.422064,
                "2": 1.421328,
                "3": 1.444246,
                "4": 1.435367,
                "5": 1.424875,
                "6": 1.419077,
                "7": 1.425832,
                "8": 1.432231,
                "9": 1.427268,
                "10": 1.425017,
                "11": 1.429534,
                "12": 1.431235,
                "13": 1.43515,
                "14": 1.420974,
                "15": 1.421261,
                "16": 1.41798,
                "17": 1.439204,
                "18": 1.434093,
                "19": 1.427383,
                "20": 1.425354,
                "21": 1.425346,
                "22": 1.447851,
                "23": 1.432686,
                "24": 1.4288,
                "25": 0.663357
            },
            "validation_time": 1.924682,
            "epoch_time": 36.886571645736694,
            "validation_accuracy": 0.1001
        }
    },
    "computing_system": "p2-1",
    "batch_size": "2048"
}
