{
    "init": -1.0,
    "total_training": 216.8111970424652,
    "largest_real_time_delta": 212.93543553352356,
    "fit_time": 216.8111970424652,
    "write_model_time": -1.0,
    "epochs": {
        "1": {
            "steps": {
                "1": 27.794645,
                "2": 1.341326,
                "3": 1.341982,
                "4": 1.329103,
                "5": 1.334128,
                "6": 1.345658,
                "7": 1.344551,
                "8": 1.334104,
                "9": 1.347797,
                "10": 1.331704,
                "11": 1.343498,
                "12": 1.335338,
                "13": 1.343792,
                "14": 1.33636,
                "15": 1.334385,
                "16": 1.346957,
                "17": 1.341445,
                "18": 1.348061,
                "19": 1.343458,
                "20": 1.347214,
                "21": 1.345373,
                "22": 1.334547,
                "23": 1.345706,
                "24": 1.335395,
                "25": 7.799767
            },
            "validation_time": 6.65563,
            "epoch_time": 73.9434118270874,
            "validation_accuracy": 0.0
        },
        "2": {
            "steps": {
                "1": 1.343996,
                "2": 1.337027,
                "3": 1.335421,
                "4": 1.339166,
                "5": 1.346503,
                "6": 1.349148,
                "7": 1.351795,
                "8": 1.343721,
                "9": 1.34143,
                "10": 1.338265,
                "11": 1.351171,
                "12": 1.341048,
                "13": 1.341754,
                "14": 1.349915,
                "15": 1.342366,
                "16": 1.352694,
                "17": 1.34016,
                "18": 1.338611,
                "19": 1.342899,
                "20": 1.338662,
                "21": 1.352034,
                "22": 1.335667,
                "23": 1.346388,
                "24": 1.341037,
                "25": 0.625646
            },
            "validation_time": 1.82086,
            "epoch_time": 34.69180941581726,
            "validation_accuracy": 0.0
        },
        "3": {
            "steps": {
                "1": 1.359909,
                "2": 1.338199,
                "3": 1.354707,
                "4": 1.343083,
                "5": 1.34075,
                "6": 1.341059,
                "7": 1.338436,
                "8": 1.357877,
                "9": 1.343421,
                "10": 1.338802,
                "11": 1.343684,
                "12": 1.342211,
                "13": 1.344436,
                "14": 1.337615,
                "15": 1.350297,
                "16": 1.358256,
                "17": 1.338105,
                "18": 1.348872,
                "19": 1.344372,
                "20": 1.351832,
                "21": 1.347902,
                "22": 1.344674,
                "23": 1.347319,
                "24": 1.334483,
                "25": 0.635318
            },
            "validation_time": 1.806888,
            "epoch_time": 34.73708915710449,
            "validation_accuracy": 0.0998
        },
        "4": {
            "steps": {
                "1": 1.346076,
                "2": 1.347755,
                "3": 1.344543,
                "4": 1.346305,
                "5": 1.354197,
                "6": 1.341974,
                "7": 1.344408,
                "8": 1.343507,
                "9": 1.348917,
                "10": 1.347392,
                "11": 1.360676,
                "12": 1.336462,
                "13": 1.346,
                "14": 1.342464,
                "15": 1.344434,
                "16": 1.345247,
                "17": 1.34848,
                "18": 1.355895,
                "19": 1.345642,
                "20": 1.342281,
                "21": 1.358875,
                "22": 1.351743,
                "23": 1.355167,
                "24": 1.343314,
                "25": 0.617595
            },
            "validation_time": 1.81387,
            "epoch_time": 34.777501583099365,
            "validation_accuracy": 0.1001
        },
        "5": {
            "steps": {
                "1": 1.343556,
                "2": 1.342118,
                "3": 1.345678,
                "4": 1.35546,
                "5": 1.354481,
                "6": 1.343954,
                "7": 1.341938,
                "8": 1.353855,
                "9": 1.350255,
                "10": 1.347712,
                "11": 1.354255,
                "12": 1.347819,
                "13": 1.348015,
                "14": 1.347859,
                "15": 1.343997,
                "16": 1.354593,
                "17": 1.341,
                "18": 1.343694,
                "19": 1.349547,
                "20": 1.349397,
                "21": 1.344618,
                "22": 1.352691,
                "23": 1.347968,
                "24": 1.341914,
                "25": 0.6238
            },
            "validation_time": 1.809966,
            "epoch_time": 34.7846360206604,
            "validation_accuracy": 0.0
        }
    },
    "computing_system": "p2-1",
    "batch_size": "2048"
}
