{
    "init": -1.0,
    "total_training": 118.6634750366211,
    "largest_real_time_delta": 115.28808546066284,
    "fit_time": 118.6634750366211,
    "write_model_time": -1.0,
    "epochs": {
        "1": {
            "steps": {
                "1": 16.019589,
                "2": 0.177913,
                "3": 0.171737,
                "4": 0.172313,
                "5": 0.171554,
                "6": 0.171827,
                "7": 0.173366,
                "8": 0.173262,
                "9": 0.172282,
                "10": 0.172615,
                "11": 0.172482,
                "12": 0.17239,
                "13": 0.171257,
                "14": 0.165641,
                "15": 0.174683,
                "16": 0.172884,
                "17": 0.173887,
                "18": 0.172286,
                "19": 0.171842,
                "20": 0.171754,
                "21": 0.173028,
                "22": 0.172503,
                "23": 0.172399,
                "24": 0.173242,
                "25": 0.171857,
                "26": 0.172347,
                "27": 0.172574,
                "28": 0.174241,
                "29": 0.17338,
                "30": 0.174007,
                "31": 0.172091,
                "32": 0.172511,
                "33": 0.172786,
                "34": 0.171734,
                "35": 0.17313,
                "36": 0.172542,
                "37": 0.172383,
                "38": 0.173265,
                "39": 0.171827,
                "40": 0.17149,
                "41": 0.172519,
                "42": 0.1721,
                "43": 0.172127,
                "44": 0.171345,
                "45": 0.173511,
                "46": 0.172699,
                "47": 0.172498,
                "48": 0.173369,
                "49": 0.17297,
                "50": 0.172895,
                "51": 0.172889,
                "52": 0.172128,
                "53": 0.174175,
                "54": 0.172746,
                "55": 0.173067,
                "56": 0.172072,
                "57": 0.172848,
                "58": 0.173506,
                "59": 0.173634,
                "60": 0.174092,
                "61": 0.173727,
                "62": 0.174293,
                "63": 0.173887,
                "64": 0.17088,
                "65": 0.173044,
                "66": 0.174406,
                "67": 0.173569,
                "68": 0.174426,
                "69": 0.174283,
                "70": 0.173717,
                "71": 0.173446,
                "72": 0.173473,
                "73": 0.174486,
                "74": 0.172891,
                "75": 0.172141,
                "76": 0.173516,
                "77": 0.171916,
                "78": 0.174255,
                "79": 0.172631,
                "80": 0.17346,
                "81": 0.171236,
                "82": 0.17568,
                "83": 0.17207,
                "84": 0.174409,
                "85": 0.175366,
                "86": 0.175459,
                "87": 0.174192,
                "88": 0.173626,
                "89": 0.173547,
                "90": 0.17276,
                "91": 0.173059,
                "92": 0.173383,
                "93": 0.173398,
                "94": 0.173596,
                "95": 0.173805,
                "96": 0.174345,
                "97": 0.171394,
                "98": 4.025746
            },
            "validation_time": 4.156878,
            "epoch_time": 41.55565929412842,
            "validation_accuracy": 0.0
        },
        "2": {
            "steps": {
                "1": 0.175506,
                "2": 0.175751,
                "3": 0.175259,
                "4": 0.176373,
                "5": 0.174498,
                "6": 0.175096,
                "7": 0.175965,
                "8": 0.175066,
                "9": 0.175644,
                "10": 0.176336,
                "11": 0.1752,
                "12": 0.175474,
                "13": 0.175161,
                "14": 0.176967,
                "15": 0.175304,
                "16": 0.175764,
                "17": 0.175833,
                "18": 0.176046,
                "19": 0.177519,
                "20": 0.176986,
                "21": 0.17596,
                "22": 0.176487,
                "23": 0.175086,
                "24": 0.17499,
                "25": 0.17552,
                "26": 0.177864,
                "27": 0.177168,
                "28": 0.175569,
                "29": 0.175499,
                "30": 0.17483,
                "31": 0.175524,
                "32": 0.177051,
                "33": 0.175946,
                "34": 0.176901,
                "35": 0.176443,
                "36": 0.177458,
                "37": 0.177086,
                "38": 0.178784,
                "39": 0.176614,
                "40": 0.177369,
                "41": 0.176692,
                "42": 0.176885,
                "43": 0.176864,
                "44": 0.17761,
                "45": 0.177218,
                "46": 0.177906,
                "47": 0.176865,
                "48": 0.176816,
                "49": 0.177022,
                "50": 0.176246,
                "51": 0.176382,
                "52": 0.177599,
                "53": 0.177835,
                "54": 0.175682,
                "55": 0.176474,
                "56": 0.175467,
                "57": 0.177675,
                "58": 0.176007,
                "59": 0.177583,
                "60": 0.176146,
                "61": 0.177686,
                "62": 0.177935,
                "63": 0.168889,
                "64": 0.178661,
                "65": 0.177113,
                "66": 0.177016,
                "67": 0.175942,
                "68": 0.17785,
                "69": 0.178304,
                "70": 0.177338,
                "71": 0.177743,
                "72": 0.176827,
                "73": 0.178738,
                "74": 0.177268,
                "75": 0.176444,
                "76": 0.177166,
                "77": 0.177145,
                "78": 0.177275,
                "79": 0.182036,
                "80": 0.177675,
                "81": 0.17732,
                "82": 0.177188,
                "83": 0.176562,
                "84": 0.177592,
                "85": 0.176421,
                "86": 0.177217,
                "87": 0.178369,
                "88": 0.177085,
                "89": 0.176329,
                "90": 0.177335,
                "91": 0.177888,
                "92": 0.1787,
                "93": 0.177241,
                "94": 0.177536,
                "95": 0.177664,
                "96": 0.178265,
                "97": 0.176116,
                "98": 0.141644
            },
            "validation_time": 0.873423,
            "epoch_time": 18.15915322303772,
            "validation_accuracy": 0.0997
        },
        "3": {
            "steps": {
                "1": 0.177388,
                "2": 0.178422,
                "3": 0.178548,
                "4": 0.175968,
                "5": 0.177792,
                "6": 0.177851,
                "7": 0.178787,
                "8": 0.177577,
                "9": 0.176812,
                "10": 0.176956,
                "11": 0.17832,
                "12": 0.17808,
                "13": 0.177697,
                "14": 0.177236,
                "15": 0.178366,
                "16": 0.177209,
                "17": 0.178425,
                "18": 0.177256,
                "19": 0.177783,
                "20": 0.177623,
                "21": 0.177137,
                "22": 0.178647,
                "23": 0.177671,
                "24": 0.176624,
                "25": 0.177423,
                "26": 0.179783,
                "27": 0.178245,
                "28": 0.177463,
                "29": 0.177078,
                "30": 0.17862,
                "31": 0.177449,
                "32": 0.177333,
                "33": 0.177551,
                "34": 0.178562,
                "35": 0.177012,
                "36": 0.177679,