{
    "init": 0.3938639163970947,
    "total_training": 61.7941658497,
    "largest_real_time_delta": 60.87000012397766,
    "fit_time": -1.0,
    "write_model_time": -1.0,
    "epochs": {
        "1": {
            "steps": {
                "1": 8.59191703796,
                "2": 0.137771129608,
                "3": 0.126830101013,
                "4": 0.130691051483,
                "5": 0.130104064941,
                "6": 0.127124071121,
                "7": 0.130692005157,
                "8": 0.133076906204,
                "9": 0.128310918808,
                "10": 0.127855062485,
                "11": 0.13162612915,
                "12": 0.129948139191,
                "13": 0.126655101776,
                "14": 0.129930019379,
                "15": 0.131417989731,
                "16": 0.127806901932,
                "17": 0.128587961197,
                "18": 0.132532835007,
                "19": 0.12996506691,
                "20": 0.128551959991,
                "21": 0.13047504425,
                "22": 0.131149053574,
                "23": 0.127370119095,
                "24": 0.129894018173,
                "25": 0.131531000137,
                "26": 0.128076076508,
                "27": 0.126798152924,
                "28": 0.12996506691,
                "29": 0.129799842834,
                "30": 0.127783060074,
                "31": 0.130042076111,
                "32": 0.132255077362,
                "33": 0.131629943848,
                "34": 0.128891944885,
                "35": 0.133400917053,
                "36": 0.129193067551,
                "37": 0.130809783936,
                "38": 0.130244016647,
                "39": 0.132095813751,
                "40": 0.127553939819,
                "41": 0.131827116013,
                "42": 0.132486104965,
                "43": 0.131489992142,
                "44": 0.127753973007,
                "45": 0.134199142456,
                "46": 0.128758192062,
                "47": 0.129482030869,
                "48": 0.130076885223,
                "49": 0.131312847137,
                "50": 0.126939058304,
                "51": 0.129544973373,
                "52": 0.133266925812,
                "53": 0.130299091339,
                "54": 0.130087852478,
                "55": 0.130332946777,
                "56": 0.132210016251,
                "57": 0.127494812012,
                "58": 0.129812955856,
                "59": 0.130821943283,
                "60": 0.128451108932,
                "61": 0.129666805267,
                "62": 0.132578134537,
                "63": 0.131136894226,
                "64": 0.127249002457,
                "65": 0.132441043854,
                "66": 0.129242897034,
                "67": 0.130166053772,
                "68": 0.129909038544,
                "69": 0.133300065994,
                "70": 0.128280162811,
                "71": 0.130015850067,
                "72": 0.132967948914,
                "73": 0.130897045135,
                "74": 0.127545118332,
                "75": 0.133490085602,
                "76": 0.130872964859,
                "77": 0.130074977875,
                "78": 0.129534006119,
                "79": 0.127767086029,
                "80": 0.320848941803
            },
            "validation_accuracy": 0.9009,
            "validation_time": 0.16863894462,
            "epoch_time": 19.2764651775
        },
        "2": {
            "steps": {
                "1": 0.127286911011,
                "2": 0.131231069565,
                "3": 0.132906913757,
                "4": 0.132086038589,
                "5": 0.127679109573,
                "6": 0.130284070969,
                "7": 0.13082909584,
                "8": 0.128232002258,
                "9": 0.128555059433,
                "10": 0.132848024368,
                "11": 0.132203102112,
                "12": 0.127650976181,
                "13": 0.131762981415,
                "14": 0.131418943405,
                "15": 0.132049798965,
                "16": 0.130710124969,
                "17": 0.132722139359,
                "18": 0.127269029617,
                "19": 0.13302898407,
                "20": 0.132302999496,
                "21": 0.132003068924,
                "22": 0.128619909286,
                "23": 0.135406970978,
                "24": 0.129180908203,
                "25": 0.131226062775,
                "26": 0.13102889061,
                "27": 0.131096124649,
                "28": 0.127350091934,
                "29": 0.13331413269,
                "30": 0.130692005157,
                "31": 0.131293058395,
                "32": 0.133250951767,
                "33": 0.13364481926,
                "34": 0.1278860569,
                "35": 0.12978219986,
                "36": 0.133562088013,
                "37": 0.131068944931,
                "38": 0.13026881218,
                "39": 0.133020162582,
                "40": 0.130354881287,
                "41": 0.127808094025,
                "42": 0.133044958115,
                "43": 0.130826950073,
                "44": 0.128798961639,
                "45": 0.131291151047,
                "46": 0.133989810944,
                "47": 0.129175186157,
                "48": 0.128478765488,
                "49": 0.132086038589,
                "50": 0.13118314743,
                "51": 0.127792835236,
                "52": 0.129934072495,
                "53": 0.13143491745,
                "54": 0.128075122833,
                "55": 0.131927967072,
                "56": 0.13262295723,
                "57": 0.128278970718,
                "58": 0.127596139908,
                "59": 0.135168790817,
                "60": 0.141144990921,
                "61": 0.127900123596,
                "62": 0.131813049316,
                "63": 0.130547046661,
                "64": 0.128112077713,
                "65": 0.130387067795,
                "66": 0.133468866348,
                "67": 0.128996133804,
                "68": 0.130012989044,
                "69": 0.133014202118,
                "70": 0.129931211472,
                "71": 0.128965854645,
                "72": 0.132493019104,
                "73": 0.131114959717,
                "74": 0.131127119064,
                "75": 0.13226890564,
                "76": 0.132183074951,
                "77": 0.128760814667,
                "78": 0.13673210144,
                "79": 0.124888181686,
                "80": 0.0276310443878
            },
            "validation_accuracy": 0.9387,
            "validation_time": 0.01817202568,
            "epoch_time": 10.3957870007
        },
        "3": {
            "steps": {
                "1": 0.128947019577,
                "2": 0.130327939987,
                "3": 0.128695964813,
                "4": 0.133464813232,
                "5": 0.131893157959,
                "6": 0.129001140594,
                "7": 0.129784107208,
                "8": 0.132469892502,
                "9": 0.13049697876,
                "10": 0.127617120743,
                "11": 0.133113861084,
                "12": 0.130648136139,
                "13": 0.127258062363,
                "14": 0.129932880402,
                "15": 0.13260102272,
                "16": 0.128211975098,
                "17": 0.128471136093,
                "18": 0.132984876633,
                "19": 0.130123853683,
                "20": 0.127470016479,
                "21": 0.130419969559,
                "22": 0.131510972977,
                "23": 0.128181934357,
                "24": 0.129943847656,
                "25": 0.133103847504,
                "26": 0.130450963974,
                "27": 0.128669023514,
                "28": 0.133310079575,
                "29": 0.13129901886,
                "30": 0.127249956131,
                "31": 0.129981040955,
                "32": 0.132486104965,
                "33": 0.128941059113,
                "34": 0.130347013474,
                "35": 0.13183093071,