{
    "init": 0.2204270362854004,
    "total_training": 62.169424057,
    "largest_real_time_delta": 56.97000002861023,
    "fit_time": 61.8066411018,
    "write_model_time": 0.142311096191,
    "epochs": {
        "1": {
            "steps": {
                "1": 4.99522304535,
                "2": 0.127862930298,
                "3": 0.128415822983,
                "4": 0.126325845718,
                "5": 0.130190849304,
                "6": 0.129760980606,
                "7": 0.129873037338,
                "8": 0.12979888916,
                "9": 0.131115913391,
                "10": 0.128256082535,
                "11": 0.127752065659,
                "12": 0.130017995834,
                "13": 0.130603075027,
                "14": 0.127594947815,
                "15": 0.129599094391,
                "16": 0.130254983902,
                "17": 0.127711057663,
                "18": 0.12618303299,
                "19": 0.129644155502,
                "20": 0.129815101624,
                "21": 0.127753019333,
                "22": 0.129786014557,
                "23": 0.129805088043,
                "24": 0.129888057709,
                "25": 0.126429080963,
                "26": 0.129094839096,
                "27": 0.129525899887,
                "28": 0.128312826157,
                "29": 0.129998922348,
                "30": 0.129482984543,
                "31": 0.129447937012,
                "32": 0.127185821533,
                "33": 0.131114959717,
                "34": 0.129534959793,
                "35": 0.126882791519,
                "36": 0.128077983856,
                "37": 0.130561113358,
                "38": 0.130268096924,
                "39": 0.126515865326,
                "40": 0.131161212921,
                "41": 0.129441022873,
                "42": 0.127561807632,
                "43": 0.129635810852,
                "44": 0.130737781525,
                "45": 0.128648996353,
                "46": 0.126004934311,
                "47": 0.131062030792,
                "48": 0.129844903946,
                "49": 0.130927085876,
                "50": 0.129135131836,
                "51": 0.130167961121,
                "52": 0.128481149673,
                "53": 0.126285076141,
                "54": 0.128976106644,
                "55": 0.129529953003,
                "56": 0.130342960358,
                "57": 0.128904104233,
                "58": 0.131222963333,
                "59": 0.12791800499,
                "60": 0.126302957535,
                "61": 0.129733085632,
                "62": 0.130641937256,
                "63": 0.12872004509,
                "64": 0.129637956619,
                "65": 0.131531953812,
                "66": 0.12838602066,
                "67": 0.126095056534,
                "68": 0.129514932632,
                "69": 0.130727052689,
                "70": 0.127397060394,
                "71": 0.129217863083,
                "72": 0.131509065628,
                "73": 0.128580093384,
                "74": 0.128086090088,
                "75": 0.130316972733,
                "76": 0.129934072495,
                "77": 0.131872177124,
                "78": 0.128351926804,
                "79": 0.126298904419,
                "80": 0.327009916306
            },
            "validation_accuracy": 0.9057,
            "validation_time": 0.173141002655,
            "epoch_time": 15.5737528801
        },
        "2": {
            "steps": {
                "1": 0.123450994492,
                "2": 0.126419067383,
                "3": 0.132189035416,
                "4": 0.130872011185,
                "5": 0.128004074097,
                "6": 0.128082990646,
                "7": 0.131017923355,
                "8": 0.128731012344,
                "9": 0.128086090088,
                "10": 0.131054162979,
                "11": 0.130306959152,
                "12": 0.126765012741,
                "13": 0.13029718399,
                "14": 0.129988908768,
                "15": 0.129667043686,
                "16": 0.127885103226,
                "17": 0.13249707222,
                "18": 0.130417823792,
                "19": 0.128361940384,
                "20": 0.129801988602,
                "21": 0.130613088608,
                "22": 0.126229047775,
                "23": 0.130170106888,
                "24": 0.13143491745,
                "25": 0.131152153015,
                "26": 0.126926183701,
                "27": 0.130759954453,
                "28": 0.129971027374,
                "29": 0.129191160202,
                "30": 0.129268169403,
                "31": 0.131022930145,
                "32": 0.12824010849,
                "33": 0.128659009933,
                "34": 0.130573987961,
                "35": 0.131625175476,
                "36": 0.126451969147,
                "37": 0.131906032562,
                "38": 0.129894971848,
                "39": 0.129548072815,
                "40": 0.127945184708,
                "41": 0.13237285614,
                "42": 0.130532979965,
                "43": 0.129692077637,
                "44": 0.129859924316,
                "45": 0.130248069763,
                "46": 0.126880168915,
                "47": 0.130655050278,
                "48": 0.130487203598,
                "49": 0.130501031876,
                "50": 0.126084089279,
                "51": 0.131700992584,
                "52": 0.129935026169,
                "53": 0.130009889603,
                "54": 0.129432201385,
                "55": 0.131600856781,
                "56": 0.128311872482,
                "57": 0.130508899689,
                "58": 0.131336927414,
                "59": 0.132091999054,
                "60": 0.128221988678,
                "61": 0.130362033844,
                "62": 0.129780054092,
                "63": 0.128898143768,
                "64": 0.12962603569,
                "65": 0.13184595108,
                "66": 0.128739118576,
                "67": 0.12758398056,
                "68": 0.129864931107,
                "69": 0.131582975388,
                "70": 0.128267049789,
                "71": 0.131110906601,
                "72": 0.130085945129,
                "73": 0.129146099091,
                "74": 0.128023147583,
                "75": 0.13211607933,
                "76": 0.130836009979,
                "77": 0.128210783005,
                "78": 0.129899978638,
                "79": 0.127545118332,
                "80": 0.0325701236725
            },
            "validation_accuracy": 0.9528,
            "validation_time": 0.0163290500641,
            "epoch_time": 10.2945461273
        },
        "3": {
            "steps": {
                "1": 0.129319906235,
                "2": 0.126911878586,
                "3": 0.128236055374,
                "4": 0.129661083221,
                "5": 0.131732940674,
                "6": 0.129878044128,
                "7": 0.131803035736,
                "8": 0.131488084793,
                "9": 0.131215810776,
                "10": 0.126437902451,
                "11": 0.131815910339,
                "12": 0.129812002182,
                "13": 0.129992961884,
                "14": 0.129297018051,
                "15": 0.1319231987,
                "16": 0.127723932266,
                "17": 0.129283905029,
                "18": 0.131246805191,
                "19": 0.132257938385,
                "20": 0.129477024078,
                "21": 0.131155014038,
                "22": 0.129417896271,
                "23": 0.129195928574,
                "24": 0.131624937057,
                "25": 0.13161611557,
                "26": 0.128458976746,
                "27": 0.128123998642,
                "28": 0.130127906799,
                "29": 0.132326126099,
                "30": 0.127773046494,
                "31": 0.132230043411,
                "32": 0.130974054337,
                "33": 0.129959106445,
                "34": 0.129791975021,
                "35": 0.131536960602,