{
    "init": -1.0,
    "total_training": 117.04130434989929,
    "largest_real_time_delta": 113.6865463256836,
    "fit_time": 117.04130434989929,
    "write_model_time": -1.0,
    "epochs": {
        "1": {
            "steps": {
                "1": 16.269964,
                "2": 0.171209,
                "3": 0.171557,
                "4": 0.171313,
                "5": 0.162664,
                "6": 0.171646,
                "7": 0.175277,
                "8": 0.171007,
                "9": 0.172304,
                "10": 0.170599,
                "11": 0.169167,
                "12": 0.169537,
                "13": 0.171475,
                "14": 0.171476,
                "15": 0.171143,
                "16": 0.172079,
                "17": 0.169602,
                "18": 0.168101,
                "19": 0.17011,
                "20": 0.168323,
                "21": 0.168699,
                "22": 0.170672,
                "23": 0.169484,
                "24": 0.167966,
                "25": 0.171906,
                "26": 0.169214,
                "27": 0.168908,
                "28": 0.1729,
                "29": 0.170512,
                "30": 0.170297,
                "31": 0.169724,
                "32": 0.172423,
                "33": 0.169648,
                "34": 0.168853,
                "35": 0.169367,
                "36": 0.17158,
                "37": 0.169555,
                "38": 0.17332,
                "39": 0.169595,
                "40": 0.17244,
                "41": 0.170575,
                "42": 0.169552,
                "43": 0.172796,
                "44": 0.17051,
                "45": 0.171368,
                "46": 0.17048,
                "47": 0.170293,
                "48": 0.172183,
                "49": 0.16987,
                "50": 0.169579,
                "51": 0.171849,
                "52": 0.169885,
                "53": 0.172695,
                "54": 0.173189,
                "55": 0.170952,
                "56": 0.169322,
                "57": 0.169284,
                "58": 0.171321,
                "59": 0.170225,
                "60": 0.172471,
                "61": 0.171096,
                "62": 0.16898,
                "63": 0.17318,
                "64": 0.173389,
                "65": 0.171025,
                "66": 0.175146,
                "67": 0.172156,
                "68": 0.17183,
                "69": 0.162189,
                "70": 0.176592,
                "71": 0.171004,
                "72": 0.173291,
                "73": 0.172037,
                "74": 0.175228,
                "75": 0.170027,
                "76": 0.173452,
                "77": 0.16965,
                "78": 0.170677,
                "79": 0.172075,
                "80": 0.170564,
                "81": 0.173628,
                "82": 0.169642,
                "83": 0.171944,
                "84": 0.172359,
                "85": 0.172064,
                "86": 0.173127,
                "87": 0.169495,
                "88": 0.171549,
                "89": 0.171247,
                "90": 0.175742,
                "91": 0.17105,
                "92": 0.174006,
                "93": 0.172242,
                "94": 0.17189,
                "95": 0.170117,
                "96": 0.174584,
                "97": 0.170818,
                "98": 3.984488
            },
            "validation_time": 4.041407,
            "epoch_time": 41.45866370201111,
            "validation_accuracy": 0.0
        },
        "2": {
            "steps": {
                "1": 0.171468,
                "2": 0.171976,
                "3": 0.172168,
                "4": 0.172579,
                "5": 0.169498,
                "6": 0.175367,
                "7": 0.171563,
                "8": 0.173936,
                "9": 0.173558,
                "10": 0.172712,
                "11": 0.171271,
                "12": 0.17311,
                "13": 0.172523,
                "14": 0.172872,
                "15": 0.174523,
                "16": 0.17205,
                "17": 0.172493,
                "18": 0.17208,
                "19": 0.170685,
                "20": 0.17433,
                "21": 0.171884,
                "22": 0.174475,
                "23": 0.170787,
                "24": 0.173388,
                "25": 0.172538,
                "26": 0.174348,
                "27": 0.172289,
                "28": 0.175479,
                "29": 0.171087,
                "30": 0.174447,
                "31": 0.17229,
                "32": 0.170741,
                "33": 0.172151,
                "34": 0.173629,
                "35": 0.170825,
                "36": 0.163588,
                "37": 0.178576,
                "38": 0.176264,
                "39": 0.175058,
                "40": 0.173622,
                "41": 0.173579,
                "42": 0.173028,
                "43": 0.171635,
                "44": 0.173615,
                "45": 0.175063,
                "46": 0.171867,
                "47": 0.173517,
                "48": 0.17743,
                "49": 0.174581,
                "50": 0.162981,
                "51": 0.177466,
                "52": 0.174141,
                "53": 0.176718,
                "54": 0.17148,
                "55": 0.174838,
                "56": 0.172229,
                "57": 0.173141,
                "58": 0.17099,
                "59": 0.17554,
                "60": 0.177735,
                "61": 0.173933,
                "62": 0.173597,
                "63": 0.172663,
                "64": 0.17397,
                "65": 0.17337,
                "66": 0.173509,
                "67": 0.171546,
                "68": 0.174391,
                "69": 0.172848,
                "70": 0.17288,
                "71": 0.173469,
                "72": 0.172996,
                "73": 0.172747,
                "74": 0.173242,
                "75": 0.175632,
                "76": 0.172451,
                "77": 0.174683,
                "78": 0.173168,
                "79": 0.173102,
                "80": 0.173468,
                "81": 0.173378,
                "82": 0.174524,
                "83": 0.174897,
                "84": 0.174628,
                "85": 0.173924,
                "86": 0.174829,
                "87": 0.173385,
                "88": 0.173509,
                "89": 0.173887,
                "90": 0.173365,
                "91": 0.17527,
                "92": 0.172979,
                "93": 0.173524,
                "94": 0.172376,
                "95": 0.175242,
                "96": 0.174867,
                "97": 0.172223,
                "98": 0.139402
            },
            "validation_time": 0.871968,
            "epoch_time": 17.819114208221436,
            "validation_accuracy": 0.0999
        },
        "3": {
            "steps": {
                "1": 0.175517,
                "2": 0.172708,
                "3": 0.175148,
                "4": 0.172677,
                "5": 0.172936,
                "6": 0.172924,
                "7": 0.173224,
                "8": 0.174968,
                "9": 0.173463,
                "10": 0.175025,
                "11": 0.174486,
                "12": 0.173223,
                "13": 0.174052,
                "14": 0.173549,
                "15": 0.175535,
                "16": 0.174783,
                "17": 0.173319,
                "18": 0.172453,
                "19": 0.174332,
                "20": 0.173213,
                "21": 0.173934,
                "22": 0.175771,
                "23": 0.1739,
                "24": 0.173606,
                "25": 0.173603,
                "26": 0.174213,
                "27": 0.175635,
                "28": 0.17397,
                "29": 0.173844,
                "30": 0.176528,
                "31": 0.174329,
                "32": 0.176259,
                "33": 0.174962,
                "34": 0.174044,
                "35": 0.175557,
                "36": 0.172326,