{
    "init": 0.18429207801818848,
    "total_training": 22.9297070503,
    "largest_real_time_delta": 19.420000076293945,
    "fit_time": 22.620827198,
    "write_model_time": 0.124550819397,
    "epochs": {
        "1": {
            "steps": {
                "1": 4.64816808701,
                "2": 0.135673046112,
                "3": 0.135000944138,
                "4": 0.135985136032,
                "5": 0.136003017426,
                "6": 0.133925914764,
                "7": 0.135737895966,
                "8": 0.136386871338,
                "9": 0.137296915054,
                "10": 0.135763168335,
                "11": 0.135676145554,
                "12": 0.13484787941,
                "13": 0.136290073395,
                "14": 0.135376930237,
                "15": 0.135468006134,
                "16": 0.135099172592,
                "17": 0.134629964828,
                "18": 0.134422063828,
                "19": 0.132503986359,
                "20": 1.5497200489
            },
            "validation_accuracy": 0.75,
            "validation_time": 0.0915069580078,
            "epoch_time": 8.75167012215
        },
        "2": {
            "steps": {
                "1": 0.134721040726,
                "2": 0.135755062103,
                "3": 0.13601899147,
                "4": 0.134708166122,
                "5": 0.136147022247,
                "6": 0.135678052902,
                "7": 0.134799957275,
                "8": 0.135694026947,
                "9": 0.134943008423,
                "10": 0.136117935181,
                "11": 0.135771989822,
                "12": 0.135189056396,
                "13": 0.13689494133,
                "14": 0.134634971619,
                "15": 0.135563850403,
                "16": 0.134952068329,
                "17": 0.135606050491,
                "18": 0.136188030243,
                "19": 0.130656003952,
                "20": 0.0695340633392
            },
            "validation_accuracy": 0.8255,
            "validation_time": 0.00453495979309,
            "epoch_time": 2.67026519775
        },
        "3": {
            "steps": {
                "1": 0.134279966354,
                "2": 0.136223077774,
                "3": 0.134890079498,
                "4": 0.135886907578,
                "5": 0.134902000427,
                "6": 0.135970115662,
                "7": 0.135666847229,
                "8": 0.134685993195,
                "9": 0.134968996048,
                "10": 0.135730981827,
                "11": 0.13444519043,
                "12": 0.135366916656,
                "13": 0.13511800766,
                "14": 0.134647846222,
                "15": 0.135478973389,
                "16": 0.134582996368,
                "17": 0.135687828064,
                "18": 0.135240077972,
                "19": 0.130353927612,
                "20": 0.0691030025482
            },
            "validation_accuracy": 0.9009,
            "validation_time": 0.00476312637329,
            "epoch_time": 2.66412806511
        },
        "4": {
            "steps": {
                "1": 0.135527133942,
                "2": 0.136038064957,
                "3": 0.135322093964,
                "4": 0.136070013046,
                "5": 0.134720802307,
                "6": 0.13588309288,
                "7": 0.13521695137,
                "8": 0.134652853012,
                "9": 0.136423110962,
                "10": 0.136626958847,
                "11": 0.135137081146,
                "12": 0.135361909866,
                "13": 0.135715007782,
                "14": 0.137508869171,
                "15": 0.135319948196,
                "16": 0.135147094727,
                "17": 0.136126995087,
                "18": 0.134710073471,
                "19": 0.129899978638,
                "20": 0.0690059661865
            },
            "validation_accuracy": 0.9151,
            "validation_time": 0.0045599937439,
            "epoch_time": 2.67130208015
        },
        "5": {
            "steps": {
                "1": 0.135421991348,
                "2": 0.135229110718,
                "3": 0.135707855225,
                "4": 0.13521194458,
                "5": 0.135354995728,
                "6": 0.135411024094,
                "7": 0.135114908218,
                "8": 0.135157823563,
                "9": 0.135782957077,
                "10": 0.13477396965,
                "11": 0.134854078293,
                "12": 0.134206056595,
                "13": 0.134562015533,
                "14": 0.134474992752,
                "15": 0.135140180588,
                "16": 0.13626909256,
                "17": 0.135289907455,
                "18": 0.135041952133,
                "19": 0.130280971527,
                "20": 0.0690248012543
            },
            "validation_accuracy": 0.9387,
            "validation_time": 0.00444102287292,
            "epoch_time": 2.6627779007
        }
    },
    "computing_system": "p3-1",
    "batch_size": "2048"
}
