{
    "init": 3.896182060241699,
    "total_training": 18.441556692123413,
    "largest_real_time_delta": 13.632947444915771,
    "epochs": {
        "1": {
            "steps": {
                "1": 8.482422,
                "2": 0.007546,
                "3": 0.007885,
                "4": 0.007241,
                "5": 0.008017,
                "6": 0.007575,
                "7": 0.007657,
                "8": 0.008117,
                "9": 0.008425,
                "10": 0.007826,
                "11": 0.007649,
                "12": 0.007512,
                "13": 0.008097,
                "14": 0.00752,
                "15": 0.008107,
                "16": 0.007304,
                "17": 0.007866,
                "18": 0.007795,
                "19": 0.007901,
                "20": 0.007362,
                "21": 0.008208,
                "22": 0.007559,
                "23": 0.007789,
                "24": 0.007988,
                "25": 0.008062,
                "26": 0.007498,
                "27": 0.007679,
                "28": 0.007736,
                "29": 0.007895,
                "30": 0.007514,
                "31": 0.007564,
                "32": 0.007623,
                "33": 0.007711,
                "34": 0.00773,
                "35": 0.007841,
                "36": 0.007457,
                "37": 0.007548,
                "38": 0.007612,
                "39": 0.007506,
                "40": 0.007681,
                "41": 0.008164,
                "42": 0.00784,
                "43": 0.008136,
                "44": 0.00747,
                "45": 0.0084,
                "46": 0.007717,
                "47": 0.007765,
                "48": 0.007637,
                "49": 0.00826,
                "50": 0.007859,
                "51": 0.008167,
                "52": 0.00768,
                "53": 0.007998,
                "54": 0.0076,
                "55": 0.007537,
                "56": 0.008071,
                "57": 0.008198,
                "58": 0.007779,
                "59": 0.007765,
                "60": 0.007481,
                "61": 0.00818,
                "62": 0.007804,
                "63": 0.008225,
                "64": 0.007871,
                "65": 0.007622,
                "66": 0.00721,
                "67": 0.00799,
                "68": 0.007631,
                "69": 0.008103,
                "70": 0.007764,
                "71": 0.007916,
                "72": 0.007486,
                "73": 0.007419,
                "74": 0.007645,
                "75": 0.007884,
                "76": 0.007468,
                "77": 0.008304,
                "78": 0.007526,
                "79": 0.00779,
                "80": 0.008136,
                "81": 0.008053,
                "82": 0.00772,
                "83": 0.007839,
                "84": 0.007289,
                "85": 0.007835,
                "86": 0.007478,
                "87": 0.007424,
                "88": 0.007426,
                "89": 0.007588,
                "90": 0.007961,
                "91": 0.007905,
                "92": 0.00735,
                "93": 0.007549,
                "94": 0.007435,
                "95": 0.007513,
                "96": 0.007607,
                "97": 0.007899,
                "98": 0.007689,
                "99": 0.007833,
                "100": 0.007629,
                "101": 0.008024,
                "102": 0.007726,
                "103": 0.008188,
                "104": 0.007684,
                "105": 0.00766,
                "106": 0.008019,
                "107": 0.007809,
                "108": 0.007828,
                "109": 0.007696,
                "110": 0.007583,
                "111": 0.00764,
                "112": 0.00758,
                "113": 0.007822,
                "114": 0.007979,
                "115": 0.008137,
                "116": 0.007648,
                "117": 0.007492,
                "118": 0.015733
            },
            "validation_time": 0.22878,
            "epoch_time": 9.629549741744995
        },
        "2": {
            "steps": {
                "1": 0.007754,
                "2": 0.007665,
                "3": 0.007541,
                "4": 0.007603,
                "5": 0.007889,
                "6": 0.007782,
                "7": 0.007878,
                "8": 0.007957,
                "9": 0.007151,
                "10": 0.008037,
                "11": 0.007987,
                "12": 0.008104,
                "13": 0.007512,
                "14": 0.008144,
                "15": 0.007913,
                "16": 0.007907,
                "17": 0.007846,
                "18": 0.007993,
                "19": 0.007621,
                "20": 0.007967,
                "21": 0.007813,
                "22": 0.00794,
                "23": 0.007258,
                "24": 0.007664,
                "25": 0.007919,
                "26": 0.008279,
                "27": 0.007724,
                "28": 0.0078,
                "29": 0.007796,
                "30": 0.008067,
                "31": 0.007658,
                "32": 0.007852,
                "33": 0.007562,
                "34": 0.007735,
                "35": 0.007722,
                "36": 0.007878,
                "37": 0.00755,
                "38": 0.007697,
                "39": 0.007934,
                "40": 0.00771,
                "41": 0.007532,
                "42": 0.008229,
                "43": 0.007595,
                "44": 0.008148,
                "45": 0.007365,
                "46": 0.007882,
                "47": 0.007405,
                "48": 0.00805,
                "49": 0.007116,
                "50": 0.008337,
                "51": 0.007871,
                "52": 0.007814,
                "53": 0.007205,
                "54": 0.00809,
                "55": 0.007659,
                "56": 0.007882,
                "57": 0.007692,
                "58": 0.007704,
                "59": 0.00734,
                "60": 0.007777,
                "61": 0.0079,
                "62": 0.007373,
                "63": 0.007397,
                "64": 0.007945,
                "65": 0.007318,
                "66": 0.007712,
                "67": 0.007646,
                "68": 0.007757,
                "69": 0.007286,
                "70": 0.007777,
                "71": 0.007675,
                "72": 0.007836,
                "73": 0.008118,
                "74": 0.008048,
                "75": 0.007821,
                "76": 0.007556,
                "77": 0.007643,
                "78": 0.007665,
                "79": 0.008115,
                "80": 0.008008,
                "81": 0.007066,
                "82": 0.007691,
                "83": 0.007644,
                "84": 0.008155,
                "85": 0.00789,
                "86": 0.008097,
                "87": 0.007198,
                "88": 0.008164,
                "89": 0.007438,
                "90": 0.007643,
                "91": 0.007545,
                "92": 0.007881,
                "93": 0.007816,
                "94": 0.007761,
                "95": 0.007773,
                "96": 0.00768,
                "97": 0.008082,
                "98": 0.00815,
                "99": 0.007593,
                "100": 0.008176,
                "101": 0.007746,
                "102": 0.007976,
                "103": 0.007656,
                "104": 0.00752,
                "105": 0.008029,
                "106": 0.007772,
                "107": 0.007779,
                "108": 0.007684,
                "109": 0.007499,
                "110": 0.007778,
                "111": 0.007907,
                "112": 0.007565,
                "113": 0.007862,
                "114": 0.007726,
                "115": 0.006991,
                "116": 0.007762,
                "117": 0.007362,
                "118": 0.007497
            },
            "validation_time": 0.084415,
            "epoch_time": 1.0011539459228516
        },