{
    "init": 7.3682050704956055,
    "total_training": 71.0990409851,
    "epochs": {
        "1": {
            "steps": {
                "1": 21.3558318615,
                "2": 0.0979959964752,
                "3": 0.0994951725006,
                "4": 0.0972049236298,
                "5": 0.0954189300537,
                "6": 0.0946090221405,
                "7": 0.0999119281769,
                "8": 0.0963099002838,
                "9": 0.0945191383362,
                "10": 0.095192193985,
                "11": 0.0979161262512,
                "12": 0.0956540107727,
                "13": 0.098356962204,
                "14": 0.0954840183258,
                "15": 0.0994300842285,
                "16": 0.0961210727692,
                "17": 0.0961091518402,
                "18": 0.0964419841766,
                "19": 0.0984699726105,
                "20": 0.0958409309387,
                "21": 0.0942749977112,
                "22": 0.0952458381653,
                "23": 0.0999450683594,
                "24": 0.096165895462,
                "25": 0.0966820716858,
                "26": 0.0958828926086,
                "27": 0.100188970566,
                "28": 0.0968148708344,
                "29": 0.0944440364838,
                "30": 0.094722032547,
                "31": 0.0986890792847,
                "32": 0.0977330207825,
                "33": 0.0977251529694,
                "34": 0.0950331687927,
                "35": 0.0989048480988,
                "36": 0.0970289707184,
                "37": 0.0947601795197,
                "38": 0.0974879264832,
                "39": 0.0987548828125,
                "40": 0.0985169410706,
                "41": 0.096086025238,
                "42": 0.094710111618,
                "43": 0.0970289707184,
                "44": 0.0980699062347,
                "45": 0.0964438915253,
                "46": 0.0953168869019,
                "47": 0.0991950035095,
                "48": 0.0979409217834,
                "49": 0.0948328971863,
                "50": 0.0947649478912,
                "51": 0.0980710983276,
                "52": 0.0970168113708,
                "53": 0.0955240726471,
                "54": 0.094339132309,
                "55": 0.100675821304,
                "56": 0.0976641178131,
                "57": 0.0956947803497,
                "58": 0.0959711074829,
                "59": 0.0981760025024,
                "60": 0.0973689556122,
                "61": 0.095547914505,
                "62": 0.0958890914917,
                "63": 0.100149869919,
                "64": 0.0981209278107,
                "65": 0.100387096405,
                "66": 0.0970871448517,
                "67": 0.101307868958,
                "68": 0.0949110984802,
                "69": 0.0953509807587,
                "70": 0.0943381786346,
                "71": 0.0988399982452,
                "72": 0.097058057785,
                "73": 0.0954778194427,
                "74": 0.0964360237122,
                "75": 0.0993359088898,
                "76": 0.0969979763031,
                "77": 0.0966989994049,
                "78": 0.0953669548035,
                "79": 0.0958840847015,
                "80": 0.119908094406
            },
            "validation_time": 0.528446912766,
            "epoch_time": 29.5718071461
        },
        "2": {
            "steps": {
                "1": 0.102275133133,
                "2": 0.0954849720001,
                "3": 0.0963230133057,
                "4": 0.0994341373444,
                "5": 0.0961008071899,
                "6": 0.0954580307007,
                "7": 0.0940580368042,
                "8": 0.096962928772,
                "9": 0.095694065094,
                "10": 0.0950019359589,
                "11": 0.0936269760132,
                "12": 0.0997519493103,
                "13": 0.0971910953522,
                "14": 0.0973978042603,
                "15": 0.0965900421143,
                "16": 0.0986480712891,
                "17": 0.0953540802002,
                "18": 0.0953137874603,
                "19": 0.0936880111694,
                "20": 0.0998520851135,
                "21": 0.0965700149536,
                "22": 0.0961918830872,
                "23": 0.0964188575745,
                "24": 0.0995740890503,
                "25": 0.0960988998413,
                "26": 0.096911907196,
                "27": 0.094829082489,
                "28": 0.0995309352875,
                "29": 0.0960350036621,
                "30": 0.0960600376129,
                "31": 0.0952320098877,
                "32": 0.100066184998,
                "33": 0.0935728549957,
                "34": 0.0975229740143,
                "35": 0.0953390598297,
                "36": 0.0984001159668,
                "37": 0.0953030586243,
                "38": 0.0953998565674,
                "39": 0.0950582027435,
                "40": 0.0983490943909,
                "41": 0.0961680412292,
                "42": 0.0953998565674,
                "43": 0.0950150489807,
                "44": 0.0992720127106,
                "45": 0.0977668762207,
                "46": 0.097647190094,
                "47": 0.0966229438782,
                "48": 0.0982620716095,
                "49": 0.0972971916199,
                "50": 0.0971789360046,
                "51": 0.0954940319061,
                "52": 0.0992739200592,
                "53": 0.0959930419922,
                "54": 0.0963921546936,
                "55": 0.0933570861816,
                "56": 0.0992851257324,
                "57": 0.0984089374542,
                "58": 0.0967860221863,
                "59": 0.0955901145935,
                "60": 0.0981779098511,
                "61": 0.0964579582214,
                "62": 0.0954558849335,
                "63": 0.095685005188,
                "64": 0.099023103714,
                "65": 0.0945541858673,
                "66": 0.0949859619141,
                "67": 0.0951449871063,
                "68": 0.0992250442505,
                "69": 0.0956969261169,
                "70": 0.0957679748535,
                "71": 0.0955200195312,
                "72": 0.0981209278107,
                "73": 0.0943639278412,
                "74": 0.0958609580994,
                "75": 0.0947380065918,
                "76": 0.0986840724945,
                "77": 0.0966861248016,
                "78": 0.0956058502197,
                "79": 0.0912611484528,
                "80": 0.0751240253448
            },
            "validation_time": 0.0404419898987,
            "epoch_time": 7.75256705284
        },
        "3": {
            "steps": {
                "1": 0.103426933289,
                "2": 0.0983119010925,
                "3": 0.0989308357239,
                "4": 0.100954055786,
                "5": 0.0990018844604,
                "6": 0.0967149734497,
                "7": 0.0984468460083,
                "8": 0.0980529785156,
                "9": 0.0962450504303,
                "10": 0.0978291034698,
                "11": 0.0974268913269,
                "12": 0.0970988273621,
                "13": 0.0956540107727,
                "14": 0.0976707935333,
                "15": 0.096776008606,
                "16": 0.0980451107025,
                "17": 0.0972700119019,
                "18": 0.0981628894806,
                "19": 0.0983338356018,
                "20": 0.100681066513,
                "21": 0.098237991333,
                "22": 0.0979919433594,
                "23": 0.0972938537598,
                "24": 0.10006403923,
                "25": 0.0980999469757,
                "26": 0.0965161323547,
                "27": 0.0978360176086,
                "28": 0.0978281497955,
                "29": 0.0981080532074,
                "30": 0.0977220535278,
                "31": 0.0971381664276,
                "32": 0.0989849567413,
                "33": 0.0995209217072,
                "34": 0.0969681739807,
                "35": 0.0982899665833,