{
    "init": 7.623347043991089,
    "total_training": 83.9061508179,
    "largest_real_time_delta": 73.53000020980835,
    "fit_time": 75.9582660198,
    "write_model_time": 0.324501991272,
    "epochs": {
        "1": {
            "steps": {
                "1": 21.2821290493,
                "2": 0.122694969177,
                "3": 0.132784843445,
                "4": 0.131483078003,
                "5": 0.124404907227,
                "6": 0.124268054962,
                "7": 0.147178888321,
                "8": 0.125993967056,
                "9": 0.12536907196,
                "10": 0.121634960175,
                "11": 0.140448093414,
                "12": 0.129531860352,
                "13": 0.125625133514,
                "14": 0.12331700325,
                "15": 0.13499712944,
                "16": 0.128766059875,
                "17": 0.123965978622,
                "18": 0.122510910034,
                "19": 0.14820599556,
                "20": 0.127936124802,
                "21": 0.122465133667,
                "22": 0.122261047363,
                "23": 0.142146110535,
                "24": 0.12748003006,
                "25": 0.126785039902,
                "26": 0.123776912689,
                "27": 0.136808872223,
                "28": 0.126935005188,
                "29": 0.123397111893,
                "30": 0.121844053268,
                "31": 0.139518022537,
                "32": 0.129538059235,
                "33": 0.12598490715,
                "34": 0.124499082565,
                "35": 0.144915819168,
                "36": 0.126101016998,
                "37": 0.123185873032,
                "38": 0.120887041092,
                "39": 0.144083023071,
                "40": 0.127776861191,
                "41": 0.125087022781,
                "42": 0.124503850937,
                "43": 0.141293048859,
                "44": 0.127083063126,
                "45": 0.125777959824,
                "46": 0.122678995132,
                "47": 0.145756006241,
                "48": 0.127045869827,
                "49": 0.125761985779,
                "50": 0.123368024826,
                "51": 0.135976076126,
                "52": 0.129748821259,
                "53": 0.125254154205,
                "54": 0.124845981598,
                "55": 0.142425060272,
                "56": 0.133965015411,
                "57": 0.127173900604,
                "58": 0.123994112015,
                "59": 0.13826084137,
                "60": 0.128389120102,
                "61": 0.124907970428,
                "62": 0.123600006104,
                "63": 0.141177892685,
                "64": 0.133750200272,
                "65": 0.124294042587,
                "66": 0.124658107758,
                "67": 0.14035987854,
                "68": 0.127450942993,
                "69": 0.123059034348,
                "70": 0.122294902802,
                "71": 0.138231039047,
                "72": 0.126849889755,
                "73": 0.124034881592,
                "74": 0.120949029922,
                "75": 0.140449047089,
                "76": 0.133497953415,
                "77": 0.123468160629,
                "78": 0.122492790222,
                "79": 0.129900932312,
                "80": 0.140659093857
            },
            "validation_time": 0.52330994606,
            "epoch_time": 32.0376908779
        },
        "2": {
            "steps": {
                "1": 0.131325006485,
                "2": 0.12909913063,
                "3": 0.126660108566,
                "4": 0.13178396225,
                "5": 0.127182006836,
                "6": 0.124544858932,
                "7": 0.125156164169,
                "8": 0.134178876877,
                "9": 0.134423971176,
                "10": 0.126065969467,
                "11": 0.123599052429,
                "12": 0.132395029068,
                "13": 0.126600027084,
                "14": 0.124445199966,
                "15": 0.123613119125,
                "16": 0.131587982178,
                "17": 0.133158922195,
                "18": 0.122695922852,
                "19": 0.126225948334,
                "20": 0.135370969772,
                "21": 0.13254904747,
                "22": 0.125179052353,
                "23": 0.125041007996,
                "24": 0.134902000427,
                "25": 0.129645824432,
                "26": 0.123618125916,
                "27": 0.125829935074,
                "28": 0.13326382637,
                "29": 0.125711917877,
                "30": 0.121552944183,
                "31": 0.121243000031,
                "32": 0.135960817337,
                "33": 0.122936964035,
                "34": 0.121912002563,
                "35": 0.124656915665,
                "36": 0.133878946304,
                "37": 0.123128175735,
                "38": 0.122122049332,
                "39": 0.123749017715,
                "40": 0.136932849884,
                "41": 0.126861095428,
                "42": 0.125538110733,
                "43": 0.125243902206,
                "44": 0.132286071777,
                "45": 0.132660150528,
                "46": 0.124058961868,
                "47": 0.124314785004,
                "48": 0.132844924927,
                "49": 0.128916025162,
                "50": 0.124559164047,
                "51": 0.123676776886,
                "52": 0.134246110916,
                "53": 0.127017021179,
                "54": 0.124001026154,
                "55": 0.123849868774,
                "56": 0.133001089096,
                "57": 0.126829862595,
                "58": 0.124092102051,
                "59": 0.123284816742,
                "60": 0.139316082001,
                "61": 0.13133597374,
                "62": 0.125018119812,
                "63": 0.123053073883,
                "64": 0.137265920639,
                "65": 0.130957841873,
                "66": 0.128116130829,
                "67": 0.129693984985,
                "68": 0.145202875137,
                "69": 0.135278940201,
                "70": 0.126991033554,
                "71": 0.127243041992,
                "72": 0.138283014297,
                "73": 0.132957935333,
                "74": 0.126513957977,
                "75": 0.129070997238,
                "76": 0.133944034576,
                "77": 0.132160902023,
                "78": 0.127096891403,
                "79": 0.123330831528,
                "80": 0.0946531295776
            },
            "validation_time": 0.0568528175354,
            "epoch_time": 10.3119769096
        },
        "3": {
            "steps": {
                "1": 0.131751060486,
                "2": 0.13107419014,
                "3": 0.129446029663,
                "4": 0.139983177185,
                "5": 0.128793001175,
                "6": 0.127106904984,
                "7": 0.131637096405,
                "8": 0.130542993546,
                "9": 0.127299070358,
                "10": 0.126188993454,
                "11": 0.136815071106,
                "12": 0.135993003845,
                "13": 0.123804092407,
                "14": 0.127463102341,
                "15": 0.134557008743,
                "16": 0.131746053696,
                "17": 0.128525972366,
                "18": 0.126496076584,
                "19": 0.13226890564,
                "20": 0.131182909012,
                "21": 0.127409934998,
                "22": 0.125092029572,
                "23": 0.133834123611,
                "24": 0.130476951599,
                "25": 0.123719215393,
                "26": 0.12630200386,
                "27": 0.13120508194,
                "28": 0.139436006546,
                "29": 0.125817060471,
                "30": 0.124505996704,
                "31": 0.128921031952,
                "32": 0.139065027237,
                "33": 0.125822067261,
                "34": 0.125149965286,
                "35": 0.127533912659,
                "36": 0.135314941406,
                "37": 0.123672962189,