{
    "init": 5.332099914550781,
    "total_training": 32.0499870777,
    "largest_real_time_delta": 25.289999961853027,
    "fit_time": -1.0,
    "write_model_time": -1.0,
    "epochs": {
        "1": {
            "steps": {
                "1": 16.0622191429,
                "2": 0.0465161800385,
                "3": 0.0473608970642,
                "4": 0.0439257621765,
                "5": 0.044741153717,
                "6": 0.045175075531,
                "7": 0.045177936554,
                "8": 0.0454139709473,
                "9": 0.0461947917938,
                "10": 0.045557975769,
                "11": 0.0461030006409,
                "12": 0.0459470748901,
                "13": 0.0460441112518,
                "14": 0.0459070205688,
                "15": 0.0462429523468,
                "16": 0.0453579425812,
                "17": 0.0465149879456,
                "18": 0.044420003891,
                "19": 0.0444388389587,
                "20": 0.0451860427856,
                "21": 0.044380903244,
                "22": 0.0442779064178,
                "23": 0.0458559989929,
                "24": 0.0465610027313,
                "25": 0.0456330776215,
                "26": 0.0455060005188,
                "27": 0.0449478626251,
                "28": 0.0432870388031,
                "29": 0.045755147934,
                "30": 0.0435919761658,
                "31": 0.0476450920105,
                "32": 0.0459430217743,
                "33": 0.0461111068726,
                "34": 0.0450310707092,
                "35": 0.0459208488464,
                "36": 0.0451920032501,
                "37": 0.0457258224487,
                "38": 0.0454339981079,
                "39": 0.0414538383484,
                "40": 0.114794015884
            },
            "validation_accuracy": 0.8349,
            "validation_time": 0.25745010376,
            "epoch_time": 18.1689629555
        },
        "2": {
            "steps": {
                "1": 0.0463609695435,
                "2": 0.0426700115204,
                "3": 0.0455749034882,
                "4": 0.042396068573,
                "5": 0.0457630157471,
                "6": 0.0419549942017,
                "7": 0.0454838275909,
                "8": 0.0435800552368,
                "9": 0.0456130504608,
                "10": 0.0413489341736,
                "11": 0.0454778671265,
                "12": 0.0421619415283,
                "13": 0.0463058948517,
                "14": 0.0419340133667,
                "15": 0.0472769737244,
                "16": 0.0423460006714,
                "17": 0.0460228919983,
                "18": 0.0404348373413,
                "19": 0.0466339588165,
                "20": 0.0422139167786,
                "21": 0.0466191768646,
                "22": 0.0423347949982,
                "23": 0.0470268726349,
                "24": 0.0424480438232,
                "25": 0.0462219715118,
                "26": 0.0423049926758,
                "27": 0.0464248657227,
                "28": 0.043534040451,
                "29": 0.0462779998779,
                "30": 0.0436470508575,
                "31": 0.0465579032898,
                "32": 0.0417549610138,
                "33": 0.0463628768921,
                "34": 0.042277097702,
                "35": 0.0481419563293,
                "36": 0.0415160655975,
                "37": 0.046804189682,
                "38": 0.0427491664886,
                "39": 0.0401380062103,
                "40": 0.0295579433441
            },
            "validation_accuracy": 0.934,
            "validation_time": 0.014172077179,
            "epoch_time": 1.77837109566
        },
        "3": {
            "steps": {
                "1": 0.0455310344696,
                "2": 0.042191028595,
                "3": 0.0465879440308,
                "4": 0.0426080226898,
                "5": 0.0458149909973,
                "6": 0.042130947113,
                "7": 0.0456290245056,
                "8": 0.0421378612518,
                "9": 0.045501947403,
                "10": 0.0410449504852,
                "11": 0.0461189746857,
                "12": 0.0445399284363,
                "13": 0.0462899208069,
                "14": 0.042279958725,
                "15": 0.0475680828094,
                "16": 0.0415489673615,
                "17": 0.0460200309753,
                "18": 0.0421071052551,
                "19": 0.0459361076355,
                "20": 0.0425469875336,
                "21": 0.047504901886,
                "22": 0.0427448749542,
                "23": 0.046737909317,
                "24": 0.0422999858856,
                "25": 0.0479869842529,
                "26": 0.0409009456635,
                "27": 0.0467300415039,
                "28": 0.0421459674835,
                "29": 0.0468120574951,
                "30": 0.0426139831543,
                "31": 0.046275138855,
                "32": 0.0414850711823,
                "33": 0.0461888313293,
                "34": 0.0412449836731,
                "35": 0.0459690093994,
                "36": 0.0425040721893,
                "37": 0.0470590591431,
                "38": 0.0416629314423,
                "39": 0.0398650169373,
                "40": 0.0285160541534
            },
            "validation_accuracy": 0.9387,
            "validation_time": 0.0135669708252,
            "epoch_time": 1.77494192123
        },
        "4": {
            "steps": {
                "1": 0.0466029644012,
                "2": 0.0451428890228,
                "3": 0.0422658920288,
                "4": 0.0452480316162,
                "5": 0.0424609184265,
                "6": 0.0462419986725,
                "7": 0.0420668125153,
                "8": 0.0460619926453,
                "9": 0.0424580574036,
                "10": 0.0454671382904,
                "11": 0.0415000915527,
                "12": 0.0463738441467,
                "13": 0.0417320728302,
                "14": 0.0461139678955,
                "15": 0.0414819717407,
                "16": 0.0461630821228,
                "17": 0.0427899360657,
                "18": 0.0474269390106,
                "19": 0.0425620079041,
                "20": 0.0466611385345,
                "21": 0.0417511463165,
                "22": 0.0473730564117,
                "23": 0.0423500537872,
                "24": 0.0471749305725,
                "25": 0.0421998500824,
                "26": 0.0462880134583,
                "27": 0.0417530536652,
                "28": 0.0473191738129,
                "29": 0.0422320365906,
                "30": 0.0461509227753,
                "31": 0.0418119430542,
                "32": 0.0477950572968,
                "33": 0.0418009757996,
                "34": 0.0476479530334,
                "35": 0.0436592102051,
                "36": 0.0473120212555,
                "37": 0.0426769256592,
                "38": 0.0474009513855,
                "39": 0.0383579730988,
                "40": 0.0317158699036
            },
            "validation_accuracy": 0.9623,
            "validation_time": 0.01398396492,
            "epoch_time": 1.7898888588
        },
        "5": {
            "steps": {
                "1": 0.0438539981842,
                "2": 0.0471110343933,
                "3": 0.042277097702,
                "4": 0.046972990036,
                "5": 0.0412108898163,
                "6": 0.046746969223,
                "7": 0.0410180091858,
                "8": 0.0461618900299,
                "9": 0.0425398349762,
                "10": 0.0465388298035,
                "11": 0.0423510074615,
                "12": 0.0473690032959,
                "13": 0.04279088974,
                "14": 0.0464961528778,
                "15": 0.0427310466766,
                "16": 0.0472009181976,
                "17": 0.0424680709839,
                "18": 0.0446290969849,
                "19": 0.0424339771271,
                "20": 0.0451860427856,
                "21": 0.0403969287872,