{
    "init": 5.047124862670898,
    "total_training": 31.8206069469,
    "largest_real_time_delta": 25.329999923706055,
    "fit_time": 26.6336069107,
    "write_model_time": 0.139823913574,
    "epochs": {
        "1": {
            "steps": {
                "1": 15.753839016,
                "2": 0.046294927597,
                "3": 0.0387120246887,
                "4": 0.0488240718842,
                "5": 0.0485248565674,
                "6": 0.046108007431,
                "7": 0.0385451316833,
                "8": 0.0479688644409,
                "9": 0.0476980209351,
                "10": 0.0415558815002,
                "11": 0.049106836319,
                "12": 0.0471630096436,
                "13": 0.038430929184,
                "14": 0.0467889308929,
                "15": 0.0474369525909,
                "16": 0.0385880470276,
                "17": 0.0470349788666,
                "18": 0.0457489490509,
                "19": 0.046658039093,
                "20": 0.0453691482544,
                "21": 0.0466558933258,
                "22": 0.0462369918823,
                "23": 0.0443720817566,
                "24": 0.0452079772949,
                "25": 0.038379907608,
                "26": 0.0482211112976,
                "27": 0.0484449863434,
                "28": 0.0443649291992,
                "29": 0.044998884201,
                "30": 0.0439360141754,
                "31": 0.0376830101013,
                "32": 0.0482409000397,
                "33": 0.0465710163116,
                "34": 0.0382518768311,
                "35": 0.0489490032196,
                "36": 0.0488920211792,
                "37": 0.0421049594879,
                "38": 0.0489790439606,
                "39": 0.0410261154175,
                "40": 0.113557100296
            },
            "validation_accuracy": 0.8113,
            "validation_time": 0.253458976746,
            "epoch_time": 17.8389120102
        },
        "2": {
            "steps": {
                "1": 0.0471289157867,
                "2": 0.0380399227142,
                "3": 0.0490219593048,
                "4": 0.047415971756,
                "5": 0.0466198921204,
                "6": 0.0457139015198,
                "7": 0.0466549396515,
                "8": 0.0424129962921,
                "9": 0.0489089488983,
                "10": 0.0465059280396,
                "11": 0.0567910671234,
                "12": 0.0420708656311,
                "13": 0.0485711097717,
                "14": 0.0390679836273,
                "15": 0.0467150211334,
                "16": 0.0413460731506,
                "17": 0.0431749820709,
                "18": 0.0441391468048,
                "19": 0.045569896698,
                "20": 0.0442359447479,
                "21": 0.0488741397858,
                "22": 0.0431151390076,
                "23": 0.0448241233826,
                "24": 0.0461440086365,
                "25": 0.0404930114746,
                "26": 0.038743019104,
                "27": 0.0450599193573,
                "28": 0.0443370342255,
                "29": 0.0441870689392,
                "30": 0.0413999557495,
                "31": 0.0448579788208,
                "32": 0.0480570793152,
                "33": 0.0387718677521,
                "34": 0.0416529178619,
                "35": 0.0490930080414,
                "36": 0.0426211357117,
                "37": 0.0442571640015,
                "38": 0.0481059551239,
                "39": 0.0412471294403,
                "40": 0.0310370922089
            },
            "validation_accuracy": 0.9198,
            "validation_time": 0.0141949653625,
            "epoch_time": 1.80532002449
        },
        "3": {
            "steps": {
                "1": 0.0509371757507,
                "2": 0.0441539287567,
                "3": 0.0463418960571,
                "4": 0.0505139827728,
                "5": 0.044881105423,
                "6": 0.0465469360352,
                "7": 0.0512580871582,
                "8": 0.045450925827,
                "9": 0.0479319095612,
                "10": 0.0514161586761,
                "11": 0.0453171730042,
                "12": 0.0466508865356,
                "13": 0.0508749485016,
                "14": 0.0426671504974,
                "15": 0.0477249622345,
                "16": 0.0442008972168,
                "17": 0.0456728935242,
                "18": 0.0497999191284,
                "19": 0.0437409877777,
                "20": 0.0487780570984,
                "21": 0.04430103302,
                "22": 0.0477240085602,
                "23": 0.0511109828949,
                "24": 0.0436160564423,
                "25": 0.0444390773773,
                "26": 0.0456430912018,
                "27": 0.0465121269226,
                "28": 0.0465431213379,
                "29": 0.0495929718018,
                "30": 0.0453550815582,
                "31": 0.0480191707611,
                "32": 0.0495209693909,
                "33": 0.0456409454346,
                "34": 0.0474541187286,
                "35": 0.0488519668579,
                "36": 0.0472409725189,
                "37": 0.0517520904541,
                "38": 0.0452411174774,
                "39": 0.0436570644379,
                "40": 0.0316059589386
            },
            "validation_accuracy": 0.9434,
            "validation_time": 0.0143551826477,
            "epoch_time": 1.89315295219
        },
        "4": {
            "steps": {
                "1": 0.0507328510284,
                "2": 0.048485994339,
                "3": 0.0512630939484,
                "4": 0.0474479198456,
                "5": 0.0511050224304,
                "6": 0.0467460155487,
                "7": 0.0509719848633,
                "8": 0.0488500595093,
                "9": 0.0447371006012,
                "10": 0.0475108623505,
                "11": 0.0502738952637,
                "12": 0.0440289974213,
                "13": 0.0482339859009,
                "14": 0.0444619655609,
                "15": 0.0437760353088,
                "16": 0.0473940372467,
                "17": 0.0517199039459,
                "18": 0.0447208881378,
                "19": 0.045037984848,
                "20": 0.0516510009766,
                "21": 0.0434927940369,
                "22": 0.0484349727631,
                "23": 0.0494160652161,
                "24": 0.0437450408936,
                "25": 0.044399023056,
                "26": 0.0480928421021,
                "27": 0.0479238033295,
                "28": 0.04816198349,
                "29": 0.0531928539276,
                "30": 0.045135974884,
                "31": 0.0491170883179,
                "32": 0.0442090034485,
                "33": 0.0475850105286,
                "34": 0.0496051311493,
                "35": 0.0439929962158,
                "36": 0.0450129508972,
                "37": 0.0463891029358,
                "38": 0.0515320301056,
                "39": 0.0410709381104,
                "40": 0.0319249629974
            },
            "validation_accuracy": 0.9575,
            "validation_time": 0.0145747661591,
            "epoch_time": 1.90630102158
        },
        "5": {
            "steps": {
                "1": 0.0452740192413,
                "2": 0.0471670627594,
                "3": 0.050549030304,
                "4": 0.0452308654785,
                "5": 0.0474870204926,
                "6": 0.0512299537659,
                "7": 0.0449779033661,
                "8": 0.0473139286041,
                "9": 0.0472040176392,
                "10": 0.0465550422668,
                "11": 0.0509510040283,
                "12": 0.0447120666504,
                "13": 0.0465049743652,
                "14": 0.0510649681091,
                "15": 0.0441138744354,
                "16": 0.0473718643188,
                "17": 0.0499448776245,
                "18": 0.0441370010376,
                "19": 0.0453388690948,
                "20": 0.0491268634796,