{
    "init": 5.173786163330078,
    "total_training": 31.7964830399,
    "largest_real_time_delta": 25.16000008583069,
    "fit_time": 26.4826898575,
    "write_model_time": 0.139975070953,
    "epochs": {
        "1": {
            "steps": {
                "1": 15.7318298817,
                "2": 0.0406379699707,
                "3": 0.0483000278473,
                "4": 0.0415380001068,
                "5": 0.0487389564514,
                "6": 0.0407848358154,
                "7": 0.0484440326691,
                "8": 0.0415558815002,
                "9": 0.0487208366394,
                "10": 0.0403189659119,
                "11": 0.0482790470123,
                "12": 0.041846036911,
                "13": 0.0555889606476,
                "14": 0.0412299633026,
                "15": 0.0493330955505,
                "16": 0.0404970645905,
                "17": 0.051815032959,
                "18": 0.039929151535,
                "19": 0.0491127967834,
                "20": 0.0412111282349,
                "21": 0.045597076416,
                "22": 0.0402128696442,
                "23": 0.0437648296356,
                "24": 0.0398399829865,
                "25": 0.0476639270782,
                "26": 0.0406620502472,
                "27": 0.0452558994293,
                "28": 0.0393688678741,
                "29": 0.0481109619141,
                "30": 0.0414769649506,
                "31": 0.0412788391113,
                "32": 0.0485107898712,
                "33": 0.0418300628662,
                "34": 0.0399250984192,
                "35": 0.0488901138306,
                "36": 0.0413329601288,
                "37": 0.0561292171478,
                "38": 0.041314125061,
                "39": 0.0408370494843,
                "40": 0.110593080521
            },
            "validation_time": 0.261888980865,
            "epoch_time": 17.8041789532
        },
        "2": {
            "steps": {
                "1": 0.048985004425,
                "2": 0.0410721302032,
                "3": 0.0495889186859,
                "4": 0.0403270721436,
                "5": 0.0501480102539,
                "6": 0.040354013443,
                "7": 0.0486760139465,
                "8": 0.0398750305176,
                "9": 0.0485770702362,
                "10": 0.0410041809082,
                "11": 0.049015045166,
                "12": 0.039449930191,
                "13": 0.0491559505463,
                "14": 0.041533946991,
                "15": 0.0489909648895,
                "16": 0.0410089492798,
                "17": 0.0489320755005,
                "18": 0.0405128002167,
                "19": 0.0485939979553,
                "20": 0.0407140254974,
                "21": 0.0488018989563,
                "22": 0.0397138595581,
                "23": 0.0473310947418,
                "24": 0.0414490699768,
                "25": 0.0495870113373,
                "26": 0.0410408973694,
                "27": 0.048271894455,
                "28": 0.0404238700867,
                "29": 0.049998998642,
                "30": 0.0393340587616,
                "31": 0.0489120483398,
                "32": 0.0403788089752,
                "33": 0.0490579605103,
                "34": 0.0399298667908,
                "35": 0.0485129356384,
                "36": 0.0408070087433,
                "37": 0.0482280254364,
                "38": 0.0408451557159,
                "39": 0.041111946106,
                "40": 0.0294561386108
            },
            "validation_time": 0.0136408805847,
            "epoch_time": 1.79380607605
        },
        "3": {
            "steps": {
                "1": 0.0482358932495,
                "2": 0.049458026886,
                "3": 0.0453939437866,
                "4": 0.0420351028442,
                "5": 0.0486240386963,
                "6": 0.0443711280823,
                "7": 0.0491161346436,
                "8": 0.0481359958649,
                "9": 0.0408680438995,
                "10": 0.0488860607147,
                "11": 0.0490958690643,
                "12": 0.0414891242981,
                "13": 0.0498831272125,
                "14": 0.0483341217041,
                "15": 0.0403490066528,
                "16": 0.0497529506683,
                "17": 0.0497658252716,
                "18": 0.0449991226196,
                "19": 0.0420250892639,
                "20": 0.0480442047119,
                "21": 0.0488049983978,
                "22": 0.0468399524689,
                "23": 0.0450119972229,
                "24": 0.0413949489594,
                "25": 0.0481991767883,
                "26": 0.0446190834045,
                "27": 0.0485999584198,
                "28": 0.0481259822845,
                "29": 0.0446650981903,
                "30": 0.0423150062561,
                "31": 0.0477418899536,
                "32": 0.0485939979553,
                "33": 0.0423471927643,
                "34": 0.0473229885101,
                "35": 0.0493791103363,
                "36": 0.0407409667969,
                "37": 0.0476379394531,
                "38": 0.0440380573273,
                "39": 0.0408670902252,
                "40": 0.0287079811096
            },
            "validation_time": 0.013601064682,
            "epoch_time": 1.84827613831
        },
        "4": {
            "steps": {
                "1": 0.0486071109772,
                "2": 0.0442459583282,
                "3": 0.0490469932556,
                "4": 0.0448110103607,
                "5": 0.0488340854645,
                "6": 0.0435597896576,
                "7": 0.0499680042267,
                "8": 0.0439178943634,
                "9": 0.0482079982758,
                "10": 0.0446290969849,
                "11": 0.0484981536865,
                "12": 0.0450839996338,
                "13": 0.0493288040161,
                "14": 0.0447480678558,
                "15": 0.0485198497772,
                "16": 0.0437700748444,
                "17": 0.0487041473389,
                "18": 0.0442140102386,
                "19": 0.0496780872345,
                "20": 0.0455248355865,
                "21": 0.0482089519501,
                "22": 0.0445809364319,
                "23": 0.0493900775909,
                "24": 0.0455389022827,
                "25": 0.0477809906006,
                "26": 0.0473349094391,
                "27": 0.0413072109222,
                "28": 0.0481650829315,
                "29": 0.0447261333466,
                "30": 0.0474750995636,
                "31": 0.0447587966919,
                "32": 0.0484700202942,
                "33": 0.0446569919586,
                "34": 0.0468978881836,
                "35": 0.0452840328217,
                "36": 0.0487310886383,
                "37": 0.0456440448761,
                "38": 0.0477900505066,
                "39": 0.0391530990601,
                "40": 0.0284700393677
            },
            "validation_time": 0.0132880210876,
            "epoch_time": 1.8618490696
        },
        "5": {
            "steps": {
                "1": 0.0484359264374,
                "2": 0.0406360626221,
                "3": 0.0486600399017,
                "4": 0.040342092514,
                "5": 0.0484800338745,
                "6": 0.0412430763245,
                "7": 0.0496039390564,
                "8": 0.0461020469666,
                "9": 0.0496830940247,
                "10": 0.0457499027252,
                "11": 0.0489141941071,
                "12": 0.0436301231384,
                "13": 0.0475170612335,
                "14": 0.0433959960938,
                "15": 0.0478408336639,
                "16": 0.0483810901642,
                "17": 0.0410249233246,
                "18": 0.0474760532379,
                "19": 0.0451409816742,
                "20": 0.0477929115295,
                "21": 0.0446891784668,
                "22": 0.0468878746033,
                "23": 0.0447888374329,
                "24": 0.0478358268738,
                "25": 0.0450119972229,