{
    "init": 0.21394896507263184,
    "total_training": 97.935254097,
    "largest_real_time_delta": 92.58000016212463,
    "fit_time": 97.5575938225,
    "write_model_time": 0.163653850555,
    "epochs": {
        "1": {
            "steps": {
                "1": 11.8259878159,
                "2": 0.744612932205,
                "3": 0.738620996475,
                "4": 0.737425088882,
                "5": 0.741102933884,
                "6": 0.743654966354,
                "7": 0.740182876587,
                "8": 0.738117933273,
                "9": 0.740531921387,
                "10": 0.738789081573,
                "11": 0.743780851364,
                "12": 0.734879016876,
                "13": 0.744672060013,
                "14": 0.739138841629,
                "15": 0.747429132462,
                "16": 0.745290994644,
                "17": 0.744163990021,
                "18": 0.743324995041,
                "19": 0.731825113297,
                "20": 7.24378705025
            },
            "validation_accuracy": 0.75,
            "validation_time": 0.17445898056,
            "epoch_time": 32.6163630486
        },
        "2": {
            "steps": {
                "1": 0.905538082123,
                "2": 0.749769926071,
                "3": 0.747945070267,
                "4": 0.752341985703,
                "5": 0.746072053909,
                "6": 0.752269029617,
                "7": 0.749915838242,
                "8": 0.7506980896,
                "9": 0.745620012283,
                "10": 0.750884056091,
                "11": 0.746352910995,
                "12": 0.753668069839,
                "13": 0.749198913574,
                "14": 0.748089075089,
                "15": 0.758489131927,
                "16": 0.752504825592,
                "17": 0.915419101715,
                "18": 0.758162975311,
                "19": 0.753582954407,
                "20": 0.384537935257
            },
            "validation_accuracy": 0.8538,
            "validation_time": 0.0168521404266,
            "epoch_time": 15.0225949287
        },
        "3": {
            "steps": {
                "1": 0.757946014404,
                "2": 0.753118991852,
                "3": 0.759284973145,
                "4": 0.751847028732,
                "5": 0.755367040634,
                "6": 0.751326799393,
                "7": 0.757826805115,
                "8": 0.756304979324,
                "9": 0.756947040558,
                "10": 0.751158952713,
                "11": 0.763119935989,
                "12": 0.755153894424,
                "13": 0.756517887115,
                "14": 0.75599193573,
                "15": 0.761537075043,
                "16": 0.761198043823,
                "17": 0.753377914429,
                "18": 0.759141921997,
                "19": 0.745417833328,
                "20": 0.384333133698
            },
            "validation_accuracy": 0.9057,
            "validation_time": 0.0173590183258,
            "epoch_time": 14.7989280224
        },
        "4": {
            "steps": {
                "1": 0.93706202507,
                "2": 0.760314941406,
                "3": 0.762063980103,
                "4": 0.760961055756,
                "5": 0.758076190948,
                "6": 0.760290145874,
                "7": 0.758436918259,
                "8": 0.757761955261,
                "9": 0.755013942719,
                "10": 0.758532047272,
                "11": 0.755249977112,
                "12": 0.75980091095,
                "13": 0.756905794144,
                "14": 0.760257959366,
                "15": 0.761211156845,
                "16": 0.759042024612,
                "17": 0.755671977997,
                "18": 0.753241062164,
                "19": 0.757678985596,
                "20": 0.37965297699
            },
            "validation_accuracy": 0.9292,
            "validation_time": 0.0170979499817,
            "epoch_time": 15.019441843
        },
        "5": {
            "steps": {
                "1": 0.762625932693,
                "2": 0.757331132889,
                "3": 0.760583877563,
                "4": 0.755975961685,
                "5": 0.763677835464,
                "6": 0.758444070816,
                "7": 0.757692098618,
                "8": 0.75789809227,
                "9": 0.926842927933,
                "10": 0.919126033783,
                "11": 0.751697063446,
                "12": 0.750779151917,
                "13": 0.753828048706,
                "14": 0.75637793541,
                "15": 0.753676891327,
                "16": 0.750568151474,
                "17": 0.754370927811,
                "18": 0.750972986221,
                "19": 0.739786863327,
                "20": 0.37326002121
            },
            "validation_accuracy": 0.9481,
            "validation_time": 0.0173618793488,
            "epoch_time": 15.1084799767
        }
    },
    "computing_system": "p2-1",
    "batch_size": "2048"
}
