{
    "init": 0.1950831413269043,
    "total_training": 95.0280520916,
    "largest_real_time_delta": 89.92000007629395,
    "fit_time": 94.7129700184,
    "write_model_time": 0.119961023331,
    "epochs": {
        "1": {
            "steps": {
                "1": 11.4872341156,
                "2": 0.736423969269,
                "3": 0.728775978088,
                "4": 0.727388143539,
                "5": 0.732437133789,
                "6": 0.729028940201,
                "7": 0.731746196747,
                "8": 0.730201005936,
                "9": 0.734622955322,
                "10": 0.730700969696,
                "11": 0.732125043869,
                "12": 0.734752893448,
                "13": 0.728765964508,
                "14": 0.73282289505,
                "15": 0.734091043472,
                "16": 0.736475944519,
                "17": 0.73374915123,
                "18": 0.730762004852,
                "19": 0.732664108276,
                "20": 7.16190886497
            },
            "validation_accuracy": 0.75,
            "validation_time": 0.171014070511,
            "epoch_time": 32.0242450237
        },
        "2": {
            "steps": {
                "1": 0.739672899246,
                "2": 0.737687826157,
                "3": 0.737579107285,
                "4": 0.736523866653,
                "5": 0.73974108696,
                "6": 0.741634845734,
                "7": 0.739988088608,
                "8": 0.738071203232,
                "9": 0.737095117569,
                "10": 0.738973855972,
                "11": 0.737437009811,
                "12": 0.744511842728,
                "13": 0.738446950912,
                "14": 0.737897157669,
                "15": 0.737380981445,
                "16": 0.738203048706,
                "17": 0.738052845001,
                "18": 0.735488891602,
                "19": 0.734991073608,
                "20": 0.376655101776
            },
            "validation_accuracy": 0.8821,
            "validation_time": 0.0169899463654,
            "epoch_time": 14.4496209621
        },
        "3": {
            "steps": {
                "1": 0.740556001663,
                "2": 0.738908052444,
                "3": 0.738943815231,
                "4": 0.737183094025,
                "5": 0.739622831345,
                "6": 0.739561080933,
                "7": 0.741278886795,
                "8": 0.74053311348,
                "9": 0.740161895752,
                "10": 0.739538908005,
                "11": 0.736570835114,
                "12": 0.744653940201,
                "13": 0.739294052124,
                "14": 0.739760160446,
                "15": 0.741856813431,
                "16": 0.737827062607,
                "17": 0.742003917694,
                "18": 0.740635871887,
                "19": 0.733033895493,
                "20": 0.379220962524
            },
            "validation_accuracy": 0.9151,
            "validation_time": 0.0157220363617,
            "epoch_time": 14.4749889374
        },
        "4": {
            "steps": {
                "1": 0.733183860779,
                "2": 0.739664077759,
                "3": 0.738746881485,
                "4": 0.738810062408,
                "5": 0.739899873734,
                "6": 0.738023996353,
                "7": 0.741303920746,
                "8": 0.738636016846,
                "9": 0.738827943802,
                "10": 0.737908840179,
                "11": 0.739696025848,
                "12": 0.736976861954,
                "13": 0.740649938583,
                "14": 0.743987083435,
                "15": 0.741352081299,
                "16": 0.740088939667,
                "17": 0.743782043457,
                "18": 0.741316795349,
                "19": 0.737758159637,
                "20": 0.375738143921
            },
            "validation_accuracy": 0.934,
            "validation_time": 0.017657995224,
            "epoch_time": 14.4705789089
        },
        "5": {
            "steps": {
                "1": 0.742301940918,
                "2": 0.741734027863,
                "3": 0.742675065994,
                "4": 0.738317012787,
                "5": 0.742609024048,
                "6": 0.739371061325,
                "7": 0.740442037582,
                "8": 0.738719940186,
                "9": 0.739770889282,
                "10": 0.73996591568,
                "11": 0.742754936218,
                "12": 0.738856077194,
                "13": 0.740820169449,
                "14": 0.742443084717,
                "15": 0.740133047104,
                "16": 0.738883018494,
                "17": 0.745342969894,
                "18": 0.742063999176,
                "19": 0.733623027802,
                "20": 0.378279924393
            },
            "validation_accuracy": 0.9481,
            "validation_time": 0.015389919281,
            "epoch_time": 14.4911630154
        }
    },
    "computing_system": "p2-1",
    "batch_size": "2048"
}
