{
    "init": 4.13113808631897,
    "total_training": 35.3396351337,
    "largest_real_time_delta": 29.709999799728394,
    "fit_time": 31.0669090748,
    "write_model_time": 0.141550064087,
    "epochs": {
        "1": {
            "steps": {
                "1": 10.9011600018,
                "2": 0.0896511077881,
                "3": 0.086571931839,
                "4": 0.0876760482788,
                "5": 0.0859851837158,
                "6": 0.0875670909882,
                "7": 0.0855369567871,
                "8": 0.0876019001007,
                "9": 0.086385011673,
                "10": 0.0881309509277,
                "11": 0.0856528282166,
                "12": 0.0877029895782,
                "13": 0.0867369174957,
                "14": 0.0878808498383,
                "15": 0.0857729911804,
                "16": 0.087494134903,
                "17": 0.0859999656677,
                "18": 0.0879669189453,
                "19": 0.0855569839478,
                "20": 0.0874760150909,
                "21": 0.0864260196686,
                "22": 0.088641166687,
                "23": 0.0858051776886,
                "24": 0.0872850418091,
                "25": 0.0865299701691,
                "26": 0.0875799655914,
                "27": 0.0856149196625,
                "28": 0.0879030227661,
                "29": 0.0857961177826,
                "30": 0.0879812240601,
                "31": 0.0852119922638,
                "32": 0.0873048305511,
                "33": 0.0862059593201,
                "34": 0.0871438980103,
                "35": 0.0857119560242,
                "36": 0.0920259952545,
                "37": 0.0867209434509,
                "38": 0.0883929729462,
                "39": 0.0802829265594,
                "40": 0.391197919846
            },
            "validation_time": 0.282436132431,
            "epoch_time": 14.8909759521
        },
        "2": {
            "steps": {
                "1": 0.0980670452118,
                "2": 0.0868439674377,
                "3": 0.0901598930359,
                "4": 0.0850720405579,
                "5": 0.0970540046692,
                "6": 0.0935349464417,
                "7": 0.100948810577,
                "8": 0.0862290859222,
                "9": 0.0894742012024,
                "10": 0.10133099556,
                "11": 0.0858380794525,
                "12": 0.0913109779358,
                "13": 0.0996220111847,
                "14": 0.0873100757599,
                "15": 0.0901379585266,
                "16": 0.100989103317,
                "17": 0.0900201797485,
                "18": 0.092710018158,
                "19": 0.0962238311768,
                "20": 0.0903649330139,
                "21": 0.0812170505524,
                "22": 0.090399980545,
                "23": 0.0812549591064,
                "24": 0.089879989624,
                "25": 0.0803771018982,
                "26": 0.0908229351044,
                "27": 0.0807199478149,
                "28": 0.0843670368195,
                "29": 0.0901010036469,
                "30": 0.0854549407959,
                "31": 0.083526134491,
                "32": 0.0843760967255,
                "33": 0.0844659805298,
                "34": 0.0951089859009,
                "35": 0.0923759937286,
                "36": 0.0946238040924,
                "37": 0.0915038585663,
                "38": 0.0950889587402,
                "39": 0.0891590118408,
                "40": 0.0593109130859
            },
            "validation_time": 0.0248489379883,
            "epoch_time": 3.61715817451
        },
        "3": {
            "steps": {
                "1": 0.0957250595093,
                "2": 0.0902009010315,
                "3": 0.0883181095123,
                "4": 0.0839939117432,
                "5": 0.0875971317291,
                "6": 0.0848481655121,
                "7": 0.0977919101715,
                "8": 0.0828819274902,
                "9": 0.0860478878021,
                "10": 0.0931828022003,
                "11": 0.0959360599518,
                "12": 0.0922570228577,
                "13": 0.0961048603058,
                "14": 0.0919749736786,
                "15": 0.0969171524048,
                "16": 0.0921270847321,
                "17": 0.0965161323547,
                "18": 0.0916788578033,
                "19": 0.0952858924866,
                "20": 0.0922110080719,
                "21": 0.0954639911652,
                "22": 0.0921120643616,
                "23": 0.0980219841003,
                "24": 0.0922658443451,
                "25": 0.0956921577454,
                "26": 0.0919449329376,
                "27": 0.0957350730896,
                "28": 0.0927240848541,
                "29": 0.0958030223846,
                "30": 0.0924489498138,
                "31": 0.0959229469299,
                "32": 0.09317278862,
                "33": 0.0963881015778,
                "34": 0.0921521186829,
                "35": 0.0962009429932,
                "36": 0.0927760601044,
                "37": 0.0984930992126,
                "38": 0.0926010608673,
                "39": 0.0936110019684,
                "40": 0.0603940486908
            },
            "validation_time": 0.0238959789276,
            "epoch_time": 3.7236430645
        },
        "4": {
            "steps": {
                "1": 0.0899538993835,
                "2": 0.0845880508423,
                "3": 0.0845189094543,
                "4": 0.0933408737183,
                "5": 0.0951459407806,
                "6": 0.0925669670105,
                "7": 0.0939869880676,
                "8": 0.0941581726074,
                "9": 0.0937688350677,
                "10": 0.0940189361572,
                "11": 0.0937931537628,
                "12": 0.0941569805145,
                "13": 0.094486951828,
                "14": 0.0929429531097,
                "15": 0.0938260555267,
                "16": 0.0938680171967,
                "17": 0.0941870212555,
                "18": 0.0928401947021,
                "19": 0.0912759304047,
                "20": 0.0938260555267,
                "21": 0.0940279960632,
                "22": 0.0930070877075,
                "23": 0.0960681438446,
                "24": 0.0942339897156,
                "25": 0.0939478874207,
                "26": 0.0934770107269,
                "27": 0.0936288833618,
                "28": 0.0942389965057,
                "29": 0.0957109928131,
                "30": 0.0926830768585,
                "31": 0.0948917865753,
                "32": 0.0937099456787,
                "33": 0.0944650173187,
                "34": 0.0928130149841,
                "35": 0.0935881137848,
                "36": 0.0935771465302,
                "37": 0.0935940742493,
                "38": 0.0924310684204,
                "39": 0.0902481079102,
                "40": 0.0600719451904
            },
            "validation_time": 0.023325920105,
            "epoch_time": 3.72438311577
        },
        "5": {
            "steps": {
                "1": 0.0867719650269,
                "2": 0.0928330421448,
                "3": 0.0957319736481,
                "4": 0.0919270515442,
                "5": 0.0939719676971,
                "6": 0.0921061038971,
                "7": 0.0950901508331,
                "8": 0.0919559001923,
                "9": 0.0948269367218,
                "10": 0.0920190811157,
                "11": 0.0956020355225,
                "12": 0.0935049057007,
                "13": 0.0965068340302,
                "14": 0.0924069881439,
                "15": 0.0951979160309,
                "16": 0.0923931598663,
                "17": 0.0956649780273,
                "18": 0.0921559333801,
                "19": 0.0953240394592,
                "20": 0.0916650295258,
                "21": 0.0960450172424,
                "22": 0.0929501056671,
                "23": 0.095771074295,
                "24": 0.0922501087189,
                "25": 0.0955610275269,