{
    "init": -1.0,
    "total_training": 31.372994899749756,
    "largest_real_time_delta": 27.543757915496826,
    "fit_time": -1.0,
    "write_model_time": -1.0,
    "epochs": {
        "1": {
            "steps": {
                "1": 3.906235,
                "2": 0.155522,
                "3": 0.147556,
                "4": 0.153525,
                "5": 0.149536,
                "6": 0.146936,
                "7": 0.148305,
                "8": 0.149989,
                "9": 0.151875,
                "10": 0.149315,
                "11": 0.148537,
                "12": 0.149204,
                "13": 0.146841,
                "14": 0.149507,
                "15": 0.149973,
                "16": 0.150626,
                "17": 0.14769,
                "18": 0.149502,
                "19": 0.150316,
                "20": 0.150144,
                "21": 0.14959,
                "22": 0.152111,
                "23": 0.149829,
                "24": 0.14775,
                "25": 0.152828,
                "26": 0.148419,
                "27": 0.152646,
                "28": 0.148689,
                "29": 0.148841,
                "30": 0.270451
            },
            "validation_accuracy": 0.7829,
            "validation_time": 0.524331,
            "epoch_time": 8.90380859375
        },
        "2": {
            "steps": {
                "1": 0.155078,
                "2": 0.150797,
                "3": 0.149206,
                "4": 0.149604,
                "5": 0.149929,
                "6": 0.151288,
                "7": 0.153652,
                "8": 0.149953,
                "9": 0.149235,
                "10": 0.15021,
                "11": 0.149636,
                "12": 0.153225,
                "13": 0.150204,
                "14": 0.150142,
                "15": 0.149933,
                "16": 0.150053,
                "17": 0.149527,
                "18": 0.15079,
                "19": 0.149232,
                "20": 0.14974,
                "21": 0.150605,
                "22": 0.150524,
                "23": 0.1508,
                "24": 0.150706,
                "25": 0.14956,
                "26": 0.149477,
                "27": 0.15717,
                "28": 0.149603,
                "29": 0.147424,
                "30": 0.052138
            },
            "validation_accuracy": 0.9457,
            "validation_time": 0.248711,
            "epoch_time": 4.672619581222534
        },
        "3": {
            "steps": {
                "1": 0.148555,
                "2": 0.147208,
                "3": 0.149955,
                "4": 0.150599,
                "5": 0.149933,
                "6": 0.150921,
                "7": 0.149875,
                "8": 0.149278,
                "9": 0.149639,
                "10": 0.148961,
                "11": 0.149323,
                "12": 0.150458,
                "13": 0.150269,
                "14": 0.149072,
                "15": 0.149601,
                "16": 0.149688,
                "17": 0.150571,
                "18": 0.14953,
                "19": 0.148758,
                "20": 0.150076,
                "21": 0.148755,
                "22": 0.151306,
                "23": 0.150149,
                "24": 0.150901,
                "25": 0.148976,
                "26": 0.151982,
                "27": 0.14937,
                "28": 0.151427,
                "29": 0.147698,
                "30": 0.055306
            },
            "validation_accuracy": 0.9589,
            "validation_time": 0.243445,
            "epoch_time": 4.6459801197052
        },
        "4": {
            "steps": {
                "1": 0.148315,
                "2": 0.150416,
                "3": 0.149185,
                "4": 0.151627,
                "5": 0.150581,
                "6": 0.14904,
                "7": 0.149587,
                "8": 0.149105,
                "9": 0.149551,
                "10": 0.149853,
                "11": 0.150012,
                "12": 0.149626,
                "13": 0.148989,
                "14": 0.149198,
                "15": 0.14921,
                "16": 0.149358,
                "17": 0.149011,
                "18": 0.150122,
                "19": 0.149949,
                "20": 0.15022,
                "21": 0.149582,
                "22": 0.150768,
                "23": 0.151517,
                "24": 0.149894,
                "25": 0.149952,
                "26": 0.15038,
                "27": 0.14961,
                "28": 0.151043,
                "29": 0.148531,
                "30": 0.051698
            },
            "validation_accuracy": 0.9598,
            "validation_time": 0.241584,
            "epoch_time": 4.641839981079102
        },
        "5": {
            "steps": {
                "1": 0.151803,
                "2": 0.150053,
                "3": 0.153,
                "4": 0.150531,
                "5": 0.150661,
                "6": 0.150035,
                "7": 0.150527,
                "8": 0.151474,
                "9": 0.150658,
                "10": 0.151226,
                "11": 0.151644,
                "12": 0.150521,
                "13": 0.150203,
                "14": 0.150192,
                "15": 0.150665,
                "16": 0.150448,
                "17": 0.150187,
                "18": 0.150685,
                "19": 0.150842,
                "20": 0.149997,
                "21": 0.150891,
                "22": 0.151999,
                "23": 0.15099,
                "24": 0.149609,
                "25": 0.15065,
                "26": 0.149795,
                "27": 0.152045,
                "28": 0.151032,
                "29": 0.148803,
                "30": 0.052922
            },
            "validation_accuracy": 0.9741,
            "validation_time": 0.246066,
            "epoch_time": 4.67425799369812
        }
    },
    "computing_system": "p2-1",
    "batch_size": "2048"
}
