{
    "init": -1.0,
    "total_training": 30.37566328048706,
    "largest_real_time_delta": 26.898151636123657,
    "fit_time": -1.0,
    "write_model_time": -1.0,
    "epochs": {
        "1": {
            "steps": {
                "1": 3.704462,
                "2": 0.152308,
                "3": 0.146226,
                "4": 0.148484,
                "5": 0.147714,
                "6": 0.146139,
                "7": 0.146962,
                "8": 0.147193,
                "9": 0.146334,
                "10": 0.146971,
                "11": 0.145245,
                "12": 0.147419,
                "13": 0.147495,
                "14": 0.145916,
                "15": 0.147543,
                "16": 0.146245,
                "17": 0.149172,
                "18": 0.146219,
                "19": 0.147963,
                "20": 0.146015,
                "21": 0.147355,
                "22": 0.146963,
                "23": 0.146784,
                "24": 0.145648,
                "25": 0.147572,
                "26": 0.146173,
                "27": 0.14798,
                "28": 0.146655,
                "29": 0.146175,
                "30": 0.268497
            },
            "validation_accuracy": 0.8749,
            "validation_time": 0.514456,
            "epoch_time": 8.613129377365112
        },
        "2": {
            "steps": {
                "1": 0.152715,
                "2": 0.147353,
                "3": 0.149412,
                "4": 0.145624,
                "5": 0.147868,
                "6": 0.146649,
                "7": 0.147778,
                "8": 0.146021,
                "9": 0.147732,
                "10": 0.146205,
                "11": 0.147675,
                "12": 0.14668,
                "13": 0.148282,
                "14": 0.147004,
                "15": 0.14792,
                "16": 0.14721,
                "17": 0.149133,
                "18": 0.14706,
                "19": 0.147492,
                "20": 0.146971,
                "21": 0.147161,
                "22": 0.146,
                "23": 0.147055,
                "24": 0.147166,
                "25": 0.14795,
                "26": 0.146336,
                "27": 0.147691,
                "28": 0.147214,
                "29": 0.147076,
                "30": 0.0514
            },
            "validation_accuracy": 0.9441,
            "validation_time": 0.234276,
            "epoch_time": 4.567679405212402
        },
        "3": {
            "steps": {
                "1": 0.147506,
                "2": 0.146166,
                "3": 0.149035,
                "4": 0.149021,
                "5": 0.147121,
                "6": 0.146535,
                "7": 0.151238,
                "8": 0.146066,
                "9": 0.147625,
                "10": 0.146839,
                "11": 0.148852,
                "12": 0.146978,
                "13": 0.149733,
                "14": 0.147018,
                "15": 0.148612,
                "16": 0.146304,
                "17": 0.148152,
                "18": 0.146047,
                "19": 0.14861,
                "20": 0.146185,
                "21": 0.147476,
                "22": 0.145561,
                "23": 0.147775,
                "24": 0.146276,
                "25": 0.148803,
                "26": 0.146266,
                "27": 0.14882,
                "28": 0.147449,
                "29": 0.146906,
                "30": 0.05144
            },
            "validation_accuracy": 0.96,
            "validation_time": 0.234535,
            "epoch_time": 4.5687949657440186
        },
        "4": {
            "steps": {
                "1": 0.146555,
                "2": 0.14588,
                "3": 0.147785,
                "4": 0.145866,
                "5": 0.1473,
                "6": 0.146558,
                "7": 0.150687,
                "8": 0.148454,
                "9": 0.147469,
                "10": 0.147111,
                "11": 0.148387,
                "12": 0.14708,
                "13": 0.147766,
                "14": 0.146954,
                "15": 0.147702,
                "16": 0.146809,
                "17": 0.147692,
                "18": 0.146801,
                "19": 0.148785,
                "20": 0.147064,
                "21": 0.147517,
                "22": 0.146436,
                "23": 0.147929,
                "24": 0.147183,
                "25": 0.148266,
                "26": 0.147672,
                "27": 0.148345,
                "28": 0.147176,
                "29": 0.147107,
                "30": 0.051757
            },
            "validation_accuracy": 0.9649,
            "validation_time": 0.239146,
            "epoch_time": 4.571022987365723
        },
        "5": {
            "steps": {
                "1": 0.147798,
                "2": 0.146543,
                "3": 0.14801,
                "4": 0.146058,
                "5": 0.148096,
                "6": 0.146503,
                "7": 0.147908,
                "8": 0.146524,
                "9": 0.148465,
                "10": 0.147554,
                "11": 0.148882,
                "12": 0.146744,
                "13": 0.149622,
                "14": 0.147184,
                "15": 0.149355,
                "16": 0.146369,
                "17": 0.148397,
                "18": 0.146226,
                "19": 0.149104,
                "20": 0.146378,
                "21": 0.148341,
                "22": 0.145885,
                "23": 0.148016,
                "24": 0.14571,
                "25": 0.148082,
                "26": 0.146797,
                "27": 0.14982,
                "28": 0.14689,
                "29": 0.147005,
                "30": 0.052073
            },
            "validation_accuracy": 0.9764,
            "validation_time": 0.235479,
            "epoch_time": 4.569821119308472
        }
    },
    "computing_system": "p2-1",
    "batch_size": "2048"
}
