{
    "init": -1.0,
    "total_training": 31.084373712539673,
    "largest_real_time_delta": 26.77223825454712,
    "fit_time": -1.0,
    "write_model_time": -1.0,
    "epochs": {
        "1": {
            "steps": {
                "1": 3.61661,
                "2": 0.153715,
                "3": 0.147336,
                "4": 0.145493,
                "5": 0.147086,
                "6": 0.147814,
                "7": 0.14576,
                "8": 0.146644,
                "9": 0.145464,
                "10": 0.147226,
                "11": 0.14551,
                "12": 0.147616,
                "13": 0.146811,
                "14": 0.145988,
                "15": 0.150557,
                "16": 0.146226,
                "17": 0.147742,
                "18": 0.145772,
                "19": 0.148262,
                "20": 0.145617,
                "21": 0.147655,
                "22": 0.14705,
                "23": 0.14724,
                "24": 0.145651,
                "25": 0.146228,
                "26": 0.145816,
                "27": 0.147231,
                "28": 0.147747,
                "29": 0.1459,
                "30": 0.269133
            },
            "validation_accuracy": 0.8976,
            "validation_time": 0.51584,
            "epoch_time": 8.52554440498352
        },
        "2": {
            "steps": {
                "1": 0.150725,
                "2": 0.146429,
                "3": 0.146578,
                "4": 0.146071,
                "5": 0.147055,
                "6": 0.14584,
                "7": 0.14918,
                "8": 0.146997,
                "9": 0.149569,
                "10": 0.146588,
                "11": 0.148203,
                "12": 0.147107,
                "13": 0.149997,
                "14": 0.146362,
                "15": 0.150292,
                "16": 0.146711,
                "17": 0.147392,
                "18": 0.146266,
                "19": 0.148299,
                "20": 0.146222,
                "21": 0.146898,
                "22": 0.14564,
                "23": 0.146756,
                "24": 0.146034,
                "25": 0.150214,
                "26": 0.147038,
                "27": 0.147978,
                "28": 0.146005,
                "29": 0.146271,
                "30": 0.05175
            },
            "validation_accuracy": 0.9413,
            "validation_time": 0.235683,
            "epoch_time": 4.566231966018677
        },
        "3": {
            "steps": {
                "1": 0.14722,
                "2": 0.145602,
                "3": 0.146882,
                "4": 0.145668,
                "5": 0.147479,
                "6": 0.147191,
                "7": 0.148616,
                "8": 0.146374,
                "9": 0.148134,
                "10": 0.146025,
                "11": 0.147981,
                "12": 0.146625,
                "13": 0.148085,
                "14": 0.145837,
                "15": 0.147179,
                "16": 0.146001,
                "17": 0.147076,
                "18": 0.145819,
                "19": 0.15031,
                "20": 0.14606,
                "21": 0.149957,
                "22": 0.146036,
                "23": 0.147306,
                "24": 0.146618,
                "25": 0.148177,
                "26": 0.146344,
                "27": 0.151128,
                "28": 0.147528,
                "29": 0.145798,
                "30": 0.051436
            },
            "validation_accuracy": 0.9474,
            "validation_time": 0.236641,
            "epoch_time": 4.561201810836792
        },
        "4": {
            "steps": {
                "1": 0.146755,
                "2": 0.14616,
                "3": 0.147461,
                "4": 0.146042,
                "5": 0.148465,
                "6": 0.146733,
                "7": 0.148382,
                "8": 0.147568,
                "9": 0.147669,
                "10": 0.14691,
                "11": 0.146961,
                "12": 0.146579,
                "13": 0.147496,
                "14": 0.145991,
                "15": 0.146769,
                "16": 0.146166,
                "17": 0.146046,
                "18": 0.14703,
                "19": 0.147927,
                "20": 0.146238,
                "21": 0.147918,
                "22": 0.146923,
                "23": 0.148956,
                "24": 0.145894,
                "25": 0.146528,
                "26": 0.147209,
                "27": 0.146181,
                "28": 0.145647,
                "29": 0.145881,
                "30": 0.051784
            },
            "validation_accuracy": 0.9639,
            "validation_time": 0.233329,
            "epoch_time": 4.549659729003906
        },
        "5": {
            "steps": {
                "1": 0.153615,
                "2": 0.145688,
                "3": 0.148274,
                "4": 0.146954,
                "5": 0.147598,
                "6": 0.147244,
                "7": 0.146854,
                "8": 0.147205,
                "9": 0.146391,
                "10": 0.147154,
                "11": 0.146039,
                "12": 0.154553,
                "13": 0.145944,
                "14": 0.147197,
                "15": 0.146702,
                "16": 0.147468,
                "17": 0.147274,
                "18": 0.147557,
                "19": 0.146931,
                "20": 0.148316,
                "21": 0.145986,
                "22": 0.147472,
                "23": 0.145766,
                "24": 0.148099,
                "25": 0.147841,
                "26": 0.146906,
                "27": 0.145843,
                "28": 0.147746,
                "29": 0.144525,
                "30": 0.051138
            },
            "validation_accuracy": 0.9755,
            "validation_time": 0.234266,
            "epoch_time": 4.564790964126587
        }
    },
    "computing_system": "p2-1",
    "batch_size": "2048"
}
