{
    "init": 5.095597982406616,
    "total_training": 22.291025877,
    "largest_real_time_delta": 16.240000009536743,
    "fit_time": 17.1031119823,
    "write_model_time": 0.0922799110413,
    "epochs": {
        "1": {
            "steps": {
                "1": 8.8538980484,
                "2": 0.0322380065918,
                "3": 0.0401039123535,
                "4": 0.0323128700256,
                "5": 0.0478510856628,
                "6": 0.03147315979,
                "7": 0.0412511825562,
                "8": 0.0318601131439,
                "9": 0.0403151512146,
                "10": 0.032613992691,
                "11": 0.0419490337372,
                "12": 0.0327680110931,
                "13": 0.0410408973694,
                "14": 0.0324168205261,
                "15": 0.0403230190277,
                "16": 0.0317580699921,
                "17": 0.0411169528961,
                "18": 0.0311391353607,
                "19": 0.0401549339294,
                "20": 0.0315778255463,
                "21": 0.0411520004272,
                "22": 0.0323531627655,
                "23": 0.0402870178223,
                "24": 0.0326189994812,
                "25": 0.0414001941681,
                "26": 0.0315020084381,
                "27": 0.040962934494,
                "28": 0.0318801403046,
                "29": 0.040559053421,
                "30": 0.0323970317841,
                "31": 0.0415410995483,
                "32": 0.031457901001,
                "33": 0.0399839878082,
                "34": 0.0325357913971,
                "35": 0.0398390293121,
                "36": 0.0322189331055,
                "37": 0.0399940013885,
                "38": 0.0320110321045,
                "39": 0.0307638645172,
                "40": 0.17277598381
            },
            "validation_time": 0.157915830612,
            "epoch_time": 10.5739500523
        },
        "2": {
            "steps": {
                "1": 0.0398488044739,
                "2": 0.0312938690186,
                "3": 0.0399961471558,
                "4": 0.0306859016418,
                "5": 0.0391829013824,
                "6": 0.0311899185181,
                "7": 0.0400080680847,
                "8": 0.0349850654602,
                "9": 0.0403101444244,
                "10": 0.0312099456787,
                "11": 0.0404679775238,
                "12": 0.0321328639984,
                "13": 0.0401649475098,
                "14": 0.0313060283661,
                "15": 0.0392451286316,
                "16": 0.0310499668121,
                "17": 0.0398998260498,
                "18": 0.0312840938568,
                "19": 0.0392479896545,
                "20": 0.0306928157806,
                "21": 0.0397710800171,
                "22": 0.0308890342712,
                "23": 0.0393309593201,
                "24": 0.0313379764557,
                "25": 0.0392000675201,
                "26": 0.0308549404144,
                "27": 0.0401558876038,
                "28": 0.0306878089905,
                "29": 0.0403859615326,
                "30": 0.03084897995,
                "31": 0.0391509532928,
                "32": 0.0319449901581,
                "33": 0.0403459072113,
                "34": 0.032222032547,
                "35": 0.0409970283508,
                "36": 0.0309059619904,
                "37": 0.0415179729462,
                "38": 0.0320868492126,
                "39": 0.0321140289307,
                "40": 0.0185840129852
            },
            "validation_time": 0.00777387619019,
            "epoch_time": 1.42445707321
        },
        "3": {
            "steps": {
                "1": 0.0389590263367,
                "2": 0.0321021080017,
                "3": 0.0398700237274,
                "4": 0.0308518409729,
                "5": 0.0387609004974,
                "6": 0.0313758850098,
                "7": 0.0389380455017,
                "8": 0.0319101810455,
                "9": 0.0461850166321,
                "10": 0.03080701828,
                "11": 0.0306570529938,
                "12": 0.0338020324707,
                "13": 0.031121969223,
                "14": 0.0343379974365,
                "15": 0.0307760238647,
                "16": 0.0339088439941,
                "17": 0.030816078186,
                "18": 0.0337460041046,
                "19": 0.0308082103729,
                "20": 0.0403599739075,
                "21": 0.031327009201,
                "22": 0.039528131485,
                "23": 0.0312831401825,
                "24": 0.0466661453247,
                "25": 0.0315999984741,
                "26": 0.046541929245,
                "27": 0.0316820144653,
                "28": 0.0418140888214,
                "29": 0.032222032547,
                "30": 0.0394928455353,
                "31": 0.0319221019745,
                "32": 0.0397961139679,
                "33": 0.0321431159973,
                "34": 0.0402641296387,
                "35": 0.0312881469727,
                "36": 0.0395851135254,
                "37": 0.031191110611,
                "38": 0.0308561325073,
                "39": 0.0321559906006,
                "40": 0.0188038349152
            },
            "validation_time": 0.00687789916992,
            "epoch_time": 1.40658807755
        },
        "4": {
            "steps": {
                "1": 0.0455009937286,
                "2": 0.0330729484558,
                "3": 0.0367021560669,
                "4": 0.031788110733,
                "5": 0.0399918556213,
                "6": 0.0312778949738,
                "7": 0.0395829677582,
                "8": 0.0318949222565,
                "9": 0.039696931839,
                "10": 0.0307309627533,
                "11": 0.0402221679688,
                "12": 0.0306808948517,
                "13": 0.0397388935089,
                "14": 0.0322909355164,
                "15": 0.0391249656677,
                "16": 0.0313820838928,
                "17": 0.0406210422516,
                "18": 0.0315828323364,
                "19": 0.0390200614929,
                "20": 0.0313410758972,
                "21": 0.0392639636993,
                "22": 0.0310909748077,
                "23": 0.0391609668732,
                "24": 0.0310518741608,
                "25": 0.0392889976501,
                "26": 0.032035112381,
                "27": 0.0401298999786,
                "28": 0.0310649871826,
                "29": 0.039608001709,
                "30": 0.0316050052643,
                "31": 0.0392320156097,
                "32": 0.0311551094055,
                "33": 0.0404551029205,
                "34": 0.0305409431458,
                "35": 0.0390958786011,
                "36": 0.0313348770142,
                "37": 0.0395939350128,
                "38": 0.030669927597,
                "39": 0.0317230224609,
                "40": 0.0183749198914
            },
            "validation_time": 0.00726103782654,
            "epoch_time": 1.42236685753
        },
        "5": {
            "steps": {
                "1": 0.0393009185791,
                "2": 0.0309021472931,
                "3": 0.0395050048828,
                "4": 0.0316460132599,
                "5": 0.0396621227264,
                "6": 0.0307879447937,
                "7": 0.0392529964447,
                "8": 0.0316319465637,
                "9": 0.0395519733429,
                "10": 0.0310490131378,
                "11": 0.040185213089,
                "12": 0.0310430526733,
                "13": 0.0390729904175,
                "14": 0.0311999320984,
                "15": 0.0390889644623,
                "16": 0.0315752029419,
                "17": 0.0397200584412,
                "18": 0.0311532020569,
                "19": 0.0394420623779,
                "20": 0.0306000709534,
                "21": 0.0392141342163,
                "22": 0.0318191051483,
                "23": 0.0393738746643,
                "24": 0.0309219360352,
                "25": 0.0394418239594,