{
    "init": -1.0,
    "total_training": 118.84576559066772,
    "largest_real_time_delta": 115.48534512519836,
    "fit_time": 118.84576559066772,
    "write_model_time": -1.0,
    "epochs": {
        "1": {
            "steps": {
                "1": 15.612493,
                "2": 0.172444,
                "3": 0.171309,
                "4": 0.171654,
                "5": 0.170502,
                "6": 0.172441,
                "7": 0.170297,
                "8": 0.169709,
                "9": 0.171905,
                "10": 0.170117,
                "11": 0.173404,
                "12": 0.171209,
                "13": 0.173279,
                "14": 0.169617,
                "15": 0.1706,
                "16": 0.170492,
                "17": 0.168937,
                "18": 0.174033,
                "19": 0.170513,
                "20": 0.169855,
                "21": 0.17212,
                "22": 0.170162,
                "23": 0.172671,
                "24": 0.169379,
                "25": 0.173253,
                "26": 0.17081,
                "27": 0.171034,
                "28": 0.172739,
                "29": 0.171055,
                "30": 0.172876,
                "31": 0.170869,
                "32": 0.172963,
                "33": 0.169955,
                "34": 0.171496,
                "35": 0.170655,
                "36": 0.172023,
                "37": 0.171938,
                "38": 0.17123,
                "39": 0.174239,
                "40": 0.170215,
                "41": 0.173919,
                "42": 0.17099,
                "43": 0.172498,
                "44": 0.171833,
                "45": 0.172026,
                "46": 0.172617,
                "47": 0.170732,
                "48": 0.173476,
                "49": 0.173533,
                "50": 0.172476,
                "51": 0.171263,
                "52": 0.174046,
                "53": 0.173686,
                "54": 0.173405,
                "55": 0.171551,
                "56": 0.173538,
                "57": 0.17218,
                "58": 0.17376,
                "59": 0.172442,
                "60": 0.173414,
                "61": 0.172606,
                "62": 0.173107,
                "63": 0.171114,
                "64": 0.17438,
                "65": 0.172142,
                "66": 0.173671,
                "67": 0.172369,
                "68": 0.173143,
                "69": 0.173432,
                "70": 0.173918,
                "71": 0.172484,
                "72": 0.173239,
                "73": 0.171139,
                "74": 0.17433,
                "75": 0.173959,
                "76": 0.173133,
                "77": 0.173716,
                "78": 0.173633,
                "79": 0.175608,
                "80": 0.173742,
                "81": 0.174596,
                "82": 0.174331,
                "83": 0.175288,
                "84": 0.174328,
                "85": 0.171377,
                "86": 0.174945,
                "87": 0.173311,
                "88": 0.173234,
                "89": 0.173586,
                "90": 0.176128,
                "91": 0.174532,
                "92": 0.172953,
                "93": 0.175781,
                "94": 0.173689,
                "95": 0.175386,
                "96": 0.174335,
                "97": 0.174025,
                "98": 4.103869
            },
            "validation_time": 4.0582,
            "epoch_time": 41.08540177345276,
            "validation_accuracy": 0.062
        },
        "2": {
            "steps": {
                "1": 0.174234,
                "2": 0.174797,
                "3": 0.1745,
                "4": 0.17497,
                "5": 0.174317,
                "6": 0.174492,
                "7": 0.173747,
                "8": 0.174903,
                "9": 0.176535,
                "10": 0.175005,
                "11": 0.1738,
                "12": 0.174201,
                "13": 0.175267,
                "14": 0.175889,
                "15": 0.175241,
                "16": 0.175488,
                "17": 0.177043,
                "18": 0.176893,
                "19": 0.176204,
                "20": 0.169689,
                "21": 0.179179,
                "22": 0.177799,
                "23": 0.179068,
                "24": 0.175505,
                "25": 0.174984,
                "26": 0.178078,
                "27": 0.169041,
                "28": 0.177309,
                "29": 0.180129,
                "30": 0.175433,
                "31": 0.175563,
                "32": 0.176277,
                "33": 0.175597,
                "34": 0.17598,
                "35": 0.177003,
                "36": 0.175531,
                "37": 0.176181,
                "38": 0.176763,
                "39": 0.175544,
                "40": 0.175744,
                "41": 0.177649,
                "42": 0.176714,
                "43": 0.175676,
                "44": 0.178309,
                "45": 0.176168,
                "46": 0.176244,
                "47": 0.17703,
                "48": 0.177445,
                "49": 0.177308,
                "50": 0.176509,
                "51": 0.178274,
                "52": 0.177712,
                "53": 0.176182,
                "54": 0.176327,
                "55": 0.176255,
                "56": 0.177477,
                "57": 0.176785,
                "58": 0.17826,
                "59": 0.176651,
                "60": 0.176281,
                "61": 0.17847,
                "62": 0.176223,
                "63": 0.175887,
                "64": 0.177089,
                "65": 0.177403,
                "66": 0.175827,
                "67": 0.176626,
                "68": 0.178944,
                "69": 0.178197,
                "70": 0.17645,
                "71": 0.176523,
                "72": 0.178549,
                "73": 0.17825,
                "74": 0.176973,
                "75": 0.177061,
                "76": 0.178361,
                "77": 0.17761,
                "78": 0.177831,
                "79": 0.177411,
                "80": 0.179532,
                "81": 0.179999,
                "82": 0.176701,
                "83": 0.176607,
                "84": 0.17822,
                "85": 0.176946,
                "86": 0.17736,
                "87": 0.17669,
                "88": 0.178621,
                "89": 0.177676,
                "90": 0.177205,
                "91": 0.176758,
                "92": 0.179602,
                "93": 0.17852,
                "94": 0.17752,
                "95": 0.177384,
                "96": 0.178853,
                "97": 0.177751,
                "98": 0.13714
            },
            "validation_time": 0.867471,
            "epoch_time": 18.142696142196655,
            "validation_accuracy": 0.0999
        },
        "3": {
            "steps": {
                "1": 0.176662,
                "2": 0.179465,
                "3": 0.178627,
                "4": 0.178998,
                "5": 0.178539,
                "6": 0.177402,
                "7": 0.179272,
                "8": 0.179347,
                "9": 0.178642,
                "10": 0.177269,
                "11": 0.178146,
                "12": 0.180103,
                "13": 0.17958,
                "14": 0.177394,
                "15": 0.178146,
                "16": 0.177035,
                "17": 0.180057,
                "18": 0.179989,
                "19": 0.179372,
                "20": 0.178872,
                "21": 0.177729,
                "22": 0.179272,
                "23": 0.180645,
                "24": 0.179099,
                "25": 0.177377,
                "26": 0.178065,
                "27": 0.179649,
                "28": 0.180227,
                "29": 0.181615,
                "30": 0.179174,
                "31": 0.177636,
                "32": 0.177841,
                "33": 0.179099,
                "34": 0.180388,
                "35": 0.181368,
                "36": 0.182906,