{
    "init": -1.0,
    "total_training": 18.87885570526123,
    "largest_real_time_delta": 15.64245057106018,
    "fit_time": -1.0,
    "write_model_time": -1.0,
    "epochs": {
        "1": {
            "steps": {
                "1": 3.356216,
                "2": 0.071434,
                "3": 0.079482,
                "4": 0.075886,
                "5": 0.074027,
                "6": 0.075133,
                "7": 0.077579,
                "8": 0.075949,
                "9": 0.075098,
                "10": 0.07595,
                "11": 0.077404,
                "12": 0.076146,
                "13": 0.077891,
                "14": 0.074867,
                "15": 0.078351,
                "16": 0.076412,
                "17": 0.077785,
                "18": 0.074803,
                "19": 0.075895,
                "20": 0.077618,
                "21": 0.078192,
                "22": 0.074413,
                "23": 0.075853,
                "24": 0.078298,
                "25": 0.078539,
                "26": 0.076272,
                "27": 0.076231,
                "28": 0.074934,
                "29": 0.076039,
                "30": 0.248405
            },
            "validation_accuracy": 0.8539,
            "validation_time": 0.393732,
            "epoch_time": 6.141047477722168
        },
        "2": {
            "steps": {
                "1": 0.073705,
                "2": 0.076171,
                "3": 0.076969,
                "4": 0.076379,
                "5": 0.074032,
                "6": 0.077011,
                "7": 0.077205,
                "8": 0.078946,
                "9": 0.07473,
                "10": 0.076238,
                "11": 0.077456,
                "12": 0.07845,
                "13": 0.076126,
                "14": 0.076243,
                "15": 0.076661,
                "16": 0.077649,
                "17": 0.077125,
                "18": 0.075134,
                "19": 0.074863,
                "20": 0.078445,
                "21": 0.07933,
                "22": 0.079054,
                "23": 0.074487,
                "24": 0.074953,
                "25": 0.07632,
                "26": 0.077333,
                "27": 0.075084,
                "28": 0.077399,
                "29": 0.075847,
                "30": 0.028226
            },
            "validation_accuracy": 0.9287,
            "validation_time": 0.11584,
            "epoch_time": 2.3669068813323975
        },
        "3": {
            "steps": {
                "1": 0.075323,
                "2": 0.075312,
                "3": 0.074374,
                "4": 0.080458,
                "5": 0.078562,
                "6": 0.078254,
                "7": 0.075155,
                "8": 0.075815,
                "9": 0.077857,
                "10": 0.079276,
                "11": 0.078494,
                "12": 0.07764,
                "13": 0.074679,
                "14": 0.077976,
                "15": 0.077996,
                "16": 0.078803,
                "17": 0.076719,
                "18": 0.075127,
                "19": 0.076673,
                "20": 0.077662,
                "21": 0.076457,
                "22": 0.074988,
                "23": 0.075618,
                "24": 0.07846,
                "25": 0.078644,
                "26": 0.076614,
                "27": 0.074134,
                "28": 0.077159,
                "29": 0.075465,
                "30": 0.02756
            },
            "validation_accuracy": 0.9578,
            "validation_time": 0.115952,
            "epoch_time": 2.3762176036834717
        },
        "4": {
            "steps": {
                "1": 0.074439,
                "2": 0.07541,
                "3": 0.07527,
                "4": 0.077609,
                "5": 0.077006,
                "6": 0.075765,
                "7": 0.075485,
                "8": 0.079082,
                "9": 0.07771,
                "10": 0.076663,
                "11": 0.075577,
                "12": 0.077558,
                "13": 0.078076,
                "14": 0.078315,
                "15": 0.078115,
                "16": 0.074427,
                "17": 0.076784,
                "18": 0.077806,
                "19": 0.07881,
                "20": 0.075748,
                "21": 0.07528,
                "22": 0.076779,
                "23": 0.078243,
                "24": 0.077551,
                "25": 0.075258,
                "26": 0.075224,
                "27": 0.078034,
                "28": 0.07788,
                "29": 0.075446,
                "30": 0.027925
            },
            "validation_accuracy": 0.9645,
            "validation_time": 0.119272,
            "epoch_time": 2.3758797645568848
        },
        "5": {
            "steps": {
                "1": 0.075901,
                "2": 0.075457,
                "3": 0.075481,
                "4": 0.077516,
                "5": 0.077885,
                "6": 0.076661,
                "7": 0.075776,
                "8": 0.076589,
                "9": 0.078749,
                "10": 0.078494,
                "11": 0.078046,
                "12": 0.075231,
                "13": 0.075814,
                "14": 0.077455,
                "15": 0.079269,
                "16": 0.076945,
                "17": 0.074847,
                "18": 0.077086,
                "19": 0.078126,
                "20": 0.077626,
                "21": 0.076413,
                "22": 0.075196,
                "23": 0.077781,
                "24": 0.077808,
                "25": 0.079943,
                "26": 0.076607,
                "27": 0.074738,
                "28": 0.076344,
                "29": 0.077478,
                "30": 0.027723
            },
            "validation_accuracy": 0.9747,
            "validation_time": 0.116156,
            "epoch_time": 2.3785688877105713
        }
    },
    "computing_system": "g4dn-1",
    "batch_size": "2048"
}
