{
    "init": 3.606119155883789,
    "total_training": 16.315815687179565,
    "largest_real_time_delta": 11.781381845474243,
    "epochs": {
        "1": {
            "steps": {
                "1": 8.367755,
                "2": 0.010199,
                "3": 0.010297,
                "4": 0.009815,
                "5": 0.01058,
                "6": 0.010135,
                "7": 0.010691,
                "8": 0.010417,
                "9": 0.010716,
                "10": 0.009572,
                "11": 0.010101,
                "12": 0.009837,
                "13": 0.010607,
                "14": 0.009729,
                "15": 0.010092,
                "16": 0.009285,
                "17": 0.00971,
                "18": 0.009734,
                "19": 0.010808,
                "20": 0.010168,
                "21": 0.010475,
                "22": 0.009766,
                "23": 0.010644,
                "24": 0.010151,
                "25": 0.010799,
                "26": 0.010171,
                "27": 0.010351,
                "28": 0.011097,
                "29": 0.01026,
                "30": 0.01006,
                "31": 0.010008,
                "32": 0.010894,
                "33": 0.009684,
                "34": 0.009871,
                "35": 0.010136,
                "36": 0.010442,
                "37": 0.009944,
                "38": 0.01052,
                "39": 0.00968,
                "40": 0.01017,
                "41": 0.010159,
                "42": 0.01001,
                "43": 0.009226,
                "44": 0.01017,
                "45": 0.009727,
                "46": 0.010231,
                "47": 0.010211,
                "48": 0.01044,
                "49": 0.009743,
                "50": 0.010487,
                "51": 0.009179,
                "52": 0.010714,
                "53": 0.009632,
                "54": 0.010233,
                "55": 0.00977,
                "56": 0.010397,
                "57": 0.010118,
                "58": 0.010077,
                "59": 0.033402
            },
            "validation_time": 0.211524,
            "epoch_time": 9.193415403366089
        },
        "2": {
            "steps": {
                "1": 0.010243,
                "2": 0.010558,
                "3": 0.009684,
                "4": 0.010382,
                "5": 0.010304,
                "6": 0.010872,
                "7": 0.009727,
                "8": 0.009909,
                "9": 0.010445,
                "10": 0.010155,
                "11": 0.010196,
                "12": 0.01009,
                "13": 0.009722,
                "14": 0.009267,
                "15": 0.010113,
                "16": 0.009858,
                "17": 0.010293,
                "18": 0.01079,
                "19": 0.009649,
                "20": 0.009608,
                "21": 0.009811,
                "22": 0.009581,
                "23": 0.010262,
                "24": 0.010002,
                "25": 0.010381,
                "26": 0.009311,
                "27": 0.010142,
                "28": 0.009915,
                "29": 0.010241,
                "30": 0.009542,
                "31": 0.00984,
                "32": 0.010055,
                "33": 0.00997,
                "34": 0.009856,
                "35": 0.010049,
                "36": 0.010555,
                "37": 0.010104,
                "38": 0.009798,
                "39": 0.009987,
                "40": 0.009345,
                "41": 0.010761,
                "42": 0.009838,
                "43": 0.010495,
                "44": 0.01029,
                "45": 0.010229,
                "46": 0.010258,
                "47": 0.010458,
                "48": 0.009412,
                "49": 0.010121,
                "50": 0.009283,
                "51": 0.00995,
                "52": 0.010168,
                "53": 0.009832,
                "54": 0.009726,
                "55": 0.010607,
                "56": 0.010118,
                "57": 0.010018,
                "58": 0.009909,
                "59": 0.009049
            },
            "validation_time": 0.055042,
            "epoch_time": 0.6487979888916016
        },
        "3": {
            "steps": {
                "1": 0.009904,
                "2": 0.010379,
                "3": 0.010245,
                "4": 0.010158,
                "5": 0.009878,
                "6": 0.009404,
                "7": 0.010214,
                "8": 0.009919,
                "9": 0.010507,
                "10": 0.009486,
                "11": 0.0107,
                "12": 0.009638,
                "13": 0.01062,
                "14": 0.009982,
                "15": 0.010239,
                "16": 0.01012,
                "17": 0.009856,
                "18": 0.009831,
                "19": 0.01002,
                "20": 0.010236,
                "21": 0.010292,
                "22": 0.010055,
                "23": 0.00983,
                "24": 0.009868,
                "25": 0.010424,
                "26": 0.009744,
                "27": 0.010021,
                "28": 0.009674,
                "29": 0.009755,
                "30": 0.010227,
                "31": 0.009576,
                "32": 0.00984,
                "33": 0.009681,
                "34": 0.010042,
                "35": 0.009766,
                "36": 0.010784,
                "37": 0.009408,
                "38": 0.010187,
                "39": 0.010165,
                "40": 0.009945,
                "41": 0.009624,
                "42": 0.010327,
                "43": 0.010104,
                "44": 0.009744,
                "45": 0.010408,
                "46": 0.010037,
                "47": 0.009974,
                "48": 0.009624,
                "49": 0.01024,
                "50": 0.010103,
                "51": 0.009977,
                "52": 0.009615,
                "53": 0.010287,
                "54": 0.009301,
                "55": 0.010321,
                "56": 0.009583,
                "57": 0.009724,
                "58": 0.009386,
                "59": 0.009321
            },
            "validation_time": 0.053587,
            "epoch_time": 0.6444706916809082
        },
        "4": {
            "steps": {
                "1": 0.010355,
                "2": 0.010067,
                "3": 0.010203,
                "4": 0.009636,
                "5": 0.009647,
                "6": 0.009585,
                "7": 0.010069,
                "8": 0.009722,
                "9": 0.010679,
                "10": 0.009706,
                "11": 0.010564,
                "12": 0.009908,
                "13": 0.010615,
                "14": 0.009987,
                "15": 0.010445,
                "16": 0.00955,
                "17": 0.010152,
                "18": 0.009773,
                "19": 0.01021,
                "20": 0.009937,
                "21": 0.010239,
                "22": 0.009505,
                "23": 0.009981,
                "24": 0.010075,
                "25": 0.009699,
                "26": 0.009806,
                "27": 0.00966,
                "28": 0.009704,
                "29": 0.010629,
                "30": 0.010178,
                "31": 0.010051,
                "32": 0.009985,
                "33": 0.010595,
                "34": 0.009754,
                "35": 0.009887,
                "36": 0.009909,
                "37": 0.009741,
                "38": 0.009823,
                "39": 0.010002,
                "40": 0.010425,
                "41": 0.010259,
                "42": 0.01037,
                "43": 0.00972,
                "44": 0.009388,
                "45": 0.010391,
                "46": 0.009754,
                "47": 0.010008,
                "48": 0.009746,
                "49": 0.010295,
                "50": 0.01052,
                "51": 0.009953,
                "52": 0.009882,
                "53": 0.010015,
                "54": 0.010214,
                "55": 0.009902,