{
    "init": 5.431737899780273,
    "total_training": 36.9509978294,
    "epochs": {
        "1": {
            "steps": {
                "1": 8.31980705261,
                "2": 0.0589499473572,
                "3": 0.0537729263306,
                "4": 0.0536699295044,
                "5": 0.0539548397064,
                "6": 0.0529429912567,
                "7": 0.053554058075,
                "8": 0.0584619045258,
                "9": 0.0553431510925,
                "10": 0.051787853241,
                "11": 0.0595781803131,
                "12": 0.0535039901733,
                "13": 0.0532848834991,
                "14": 0.0534961223602,
                "15": 0.0533440113068,
                "16": 0.0520029067993,
                "17": 0.0548410415649,
                "18": 0.0522730350494,
                "19": 0.0516328811646,
                "20": 0.0536558628082,
                "21": 0.0529291629791,
                "22": 0.0548632144928,
                "23": 0.0514497756958,
                "24": 0.0511691570282,
                "25": 0.0522940158844,
                "26": 0.051549911499,
                "27": 0.0514879226685,
                "28": 0.0541088581085,
                "29": 0.0517990589142,
                "30": 0.0541570186615,
                "31": 0.0538709163666,
                "32": 0.0551578998566,
                "33": 0.0511629581451,
                "34": 0.0510110855103,
                "35": 0.0523109436035,
                "36": 0.0548288822174,
                "37": 0.0539579391479,
                "38": 0.0540719032288,
                "39": 0.0540070533752,
                "40": 0.0532159805298,
                "41": 0.0525839328766,
                "42": 0.0538132190704,
                "43": 0.0538859367371,
                "44": 0.0525050163269,
                "45": 0.053759098053,
                "46": 0.0519940853119,
                "47": 0.0511240959167,
                "48": 0.0527889728546,
                "49": 0.0618360042572,
                "50": 0.0537829399109,
                "51": 0.0594789981842,
                "52": 0.0539398193359,
                "53": 0.0523250102997,
                "54": 0.0539438724518,
                "55": 0.0537648200989,
                "56": 0.0544898509979,
                "57": 0.0542831420898,
                "58": 0.0527849197388,
                "59": 0.0535299777985,
                "60": 0.0538160800934,
                "61": 0.0534100532532,
                "62": 0.0524890422821,
                "63": 0.0523748397827,
                "64": 0.0518870353699,
                "65": 0.0569100379944,
                "66": 0.0524830818176,
                "67": 0.0537118911743,
                "68": 0.05890583992,
                "69": 0.0531461238861,
                "70": 0.051913022995,
                "71": 0.0527610778809,
                "72": 0.0532200336456,
                "73": 0.0511329174042,
                "74": 0.0552649497986,
                "75": 0.0536060333252,
                "76": 0.0520520210266,
                "77": 0.0534040927887,
                "78": 0.0534820556641,
                "79": 0.0491440296173,
                "80": 0.0985960960388
            },
            "validation_time": 0.27561306953,
            "epoch_time": 12.8893940449
        },
        "2": {
            "steps": {
                "1": 0.0540890693665,
                "2": 0.0513529777527,
                "3": 0.0591630935669,
                "4": 0.0545511245728,
                "5": 0.0600140094757,
                "6": 0.0620229244232,
                "7": 0.0527999401093,
                "8": 0.0538730621338,
                "9": 0.0528149604797,
                "10": 0.0548801422119,
                "11": 0.0534448623657,
                "12": 0.0549821853638,
                "13": 0.051393032074,
                "14": 0.053130865097,
                "15": 0.0516951084137,
                "16": 0.0526549816132,
                "17": 0.05424284935,
                "18": 0.0526189804077,
                "19": 0.0605380535126,
                "20": 0.0540068149567,
                "21": 0.0530791282654,
                "22": 0.0521669387817,
                "23": 0.0515201091766,
                "24": 0.0537638664246,
                "25": 0.0523099899292,
                "26": 0.0542590618134,
                "27": 0.0542070865631,
                "28": 0.0601298809052,
                "29": 0.0532150268555,
                "30": 0.0539391040802,
                "31": 0.0523769855499,
                "32": 0.0543019771576,
                "33": 0.0516760349274,
                "34": 0.0526201725006,
                "35": 0.053857088089,
                "36": 0.0599920749664,
                "37": 0.0517699718475,
                "38": 0.0547578334808,
                "39": 0.0530931949615,
                "40": 0.0539748668671,
                "41": 0.0593161582947,
                "42": 0.053512096405,
                "43": 0.0533649921417,
                "44": 0.0603060722351,
                "45": 0.0600590705872,
                "46": 0.0543391704559,
                "47": 0.0567269325256,
                "48": 0.0525031089783,
                "49": 0.0531959533691,
                "50": 0.0515689849854,
                "51": 0.0514099597931,
                "52": 0.0535700321198,
                "53": 0.0594580173492,
                "54": 0.0532538890839,
                "55": 0.0543580055237,
                "56": 0.0598559379578,
                "57": 0.0538501739502,
                "58": 0.054615020752,
                "59": 0.0535938739777,
                "60": 0.0552179813385,
                "61": 0.055212020874,
                "62": 0.0531449317932,
                "63": 0.0537729263306,
                "64": 0.0548551082611,
                "65": 0.0544240474701,
                "66": 0.0543351173401,
                "67": 0.0518651008606,
                "68": 0.0530958175659,
                "69": 0.0528709888458,
                "70": 0.0540001392365,
                "71": 0.0526430606842,
                "72": 0.0604329109192,
                "73": 0.052050113678,
                "74": 0.0526258945465,
                "75": 0.0532810688019,
                "76": 0.0535390377045,
                "77": 0.0523800849915,
                "78": 0.0520639419556,
                "79": 0.0509190559387,
                "80": 0.0382630825043
            },
            "validation_time": 0.027102947235,
            "epoch_time": 4.36419010162
        },
        "3": {
            "steps": {
                "1": 0.0633180141449,
                "2": 0.0518610477448,
                "3": 0.0539870262146,
                "4": 0.0615651607513,
                "5": 0.05330991745,
                "6": 0.0521349906921,
                "7": 0.0522549152374,
                "8": 0.0514860153198,
                "9": 0.0517590045929,
                "10": 0.0589649677277,
                "11": 0.0526359081268,
                "12": 0.0539090633392,
                "13": 0.0546069145203,
                "14": 0.0550830364227,
                "15": 0.0524230003357,
                "16": 0.0540170669556,
                "17": 0.0522720813751,
                "18": 0.0538189411163,
                "19": 0.0526940822601,
                "20": 0.0520210266113,
                "21": 0.054860830307,
                "22": 0.0531058311462,
                "23": 0.0523781776428,
                "24": 0.0516550540924,
                "25": 0.0536267757416,
                "26": 0.0531768798828,
                "27": 0.0537440776825,
                "28": 0.0521030426025,
                "29": 0.0527920722961,
                "30": 0.0539071559906,
                "31": 0.0550270080566,
                "32": 0.0553350448608,
                "33": 0.0546669960022,
                "34": 0.0541160106659,
                "35": 0.0542349815369,