{
    "init": 0.1991260051727295,
    "total_training": 62.727077961,
    "largest_real_time_delta": 58.6800000667572,
    "fit_time": 62.3915228844,
    "write_model_time": 0.136384963989,
    "epochs": {
        "1": {
            "steps": {
                "1": 7.04468488693,
                "2": 0.24217915535,
                "3": 0.249367952347,
                "4": 0.248312950134,
                "5": 0.243908882141,
                "6": 0.245803117752,
                "7": 0.245852231979,
                "8": 0.244065999985,
                "9": 0.243416070938,
                "10": 0.243437051773,
                "11": 0.240755081177,
                "12": 0.243471860886,
                "13": 0.244594097137,
                "14": 0.242934942245,
                "15": 0.245985984802,
                "16": 0.246758937836,
                "17": 0.243045091629,
                "18": 0.247601985931,
                "19": 0.243816137314,
                "20": 0.242522001266,
                "21": 0.246673822403,
                "22": 0.246116876602,
                "23": 0.243652105331,
                "24": 0.246406078339,
                "25": 0.243335962296,
                "26": 0.24237203598,
                "27": 0.245371818542,
                "28": 0.243253946304,
                "29": 0.242740154266,
                "30": 0.24328494072,
                "31": 0.247481107712,
                "32": 0.246794223785,
                "33": 0.249567985535,
                "34": 0.2435131073,
                "35": 0.243599891663,
                "36": 0.242649078369,
                "37": 0.244001865387,
                "38": 0.246538162231,
                "39": 0.244119167328,
                "40": 2.66186213493
            },
            "validation_time": 0.171837091446,
            "epoch_time": 19.1919531822
        },
        "2": {
            "steps": {
                "1": 0.240754127502,
                "2": 0.245895862579,
                "3": 0.247774124146,
                "4": 0.244536876678,
                "5": 0.246042966843,
                "6": 0.249673843384,
                "7": 0.247587203979,
                "8": 0.247762203217,
                "9": 0.247923851013,
                "10": 0.24396109581,
                "11": 0.246863126755,
                "12": 0.245179891586,
                "13": 0.24568605423,
                "14": 0.24377989769,
                "15": 0.246317863464,
                "16": 0.249253034592,
                "17": 0.251504898071,
                "18": 0.248286008835,
                "19": 0.245465040207,
                "20": 0.246352910995,
                "21": 0.24856710434,
                "22": 0.247287988663,
                "23": 0.252028942108,
                "24": 0.249267101288,
                "25": 0.244572877884,
                "26": 0.245707035065,
                "27": 0.245630025864,
                "28": 0.243454933167,
                "29": 0.247237920761,
                "30": 0.248059988022,
                "31": 0.24901509285,
                "32": 0.247684001923,
                "33": 0.248183965683,
                "34": 0.249584197998,
                "35": 0.248296022415,
                "36": 0.250154972076,
                "37": 0.249681949615,
                "38": 0.246581077576,
                "39": 0.239193916321,
                "40": 0.146497964859
            },
            "validation_time": 0.0162739753723,
            "epoch_time": 9.80813193321
        },
        "3": {
            "steps": {
                "1": 0.249049186707,
                "2": 0.245956897736,
                "3": 0.24769115448,
                "4": 0.248058080673,
                "5": 0.249711990356,
                "6": 0.244452953339,
                "7": 0.248303174973,
                "8": 0.243932008743,
                "9": 0.249937057495,
                "10": 0.247694969177,
                "11": 0.246762990952,
                "12": 0.248528003693,
                "13": 0.246215820312,
                "14": 0.246245861053,
                "15": 0.246751070023,
                "16": 0.246122121811,
                "17": 0.246836900711,
                "18": 0.246901035309,
                "19": 0.244979858398,
                "20": 0.24817609787,
                "21": 0.244262933731,
                "22": 0.246173858643,
                "23": 0.246573925018,
                "24": 0.248186826706,
                "25": 0.247655153275,
                "26": 0.247370004654,
                "27": 0.247548818588,
                "28": 0.246366977692,
                "29": 0.247451066971,
                "30": 0.250959873199,
                "31": 0.247564077377,
                "32": 0.247025966644,
                "33": 0.251017093658,
                "34": 0.248534917831,
                "35": 0.249406099319,
                "36": 0.246887922287,
                "37": 0.247617959976,
                "38": 0.244323015213,
                "39": 0.239650964737,
                "40": 0.142793178558
            },
            "validation_time": 0.0156409740448,
            "epoch_time": 9.81010985374
        },
        "4": {
            "steps": {
                "1": 0.243481874466,
                "2": 0.243294000626,
                "3": 0.247759819031,
                "4": 0.247038841248,
                "5": 0.249198913574,
                "6": 0.248859167099,
                "7": 0.24909901619,
                "8": 0.246253013611,
                "9": 0.250650167465,
                "10": 0.24915099144,
                "11": 0.257104158401,
                "12": 0.250567913055,
                "13": 0.249365091324,
                "14": 0.249346017838,
                "15": 0.252968072891,
                "16": 0.249670982361,
                "17": 0.252412080765,
                "18": 0.249392986298,
                "19": 0.250042200089,
                "20": 0.251810073853,
                "21": 0.254078865051,
                "22": 0.248995065689,
                "23": 0.253628015518,
                "24": 0.248396158218,
                "25": 0.24901008606,
                "26": 0.249225139618,
                "27": 0.252943992615,
                "28": 0.248893976212,
                "29": 0.25328207016,
                "30": 0.248800039291,
                "31": 0.25429391861,
                "32": 0.252389907837,
                "33": 0.249125003815,
                "34": 0.249871969223,
                "35": 0.253581047058,
                "36": 0.248944997787,
                "37": 0.252336025238,
                "38": 0.25068116188,
                "39": 0.241542100906,
                "40": 0.145557880402
            },
            "validation_time": 0.0162358283997,
            "epoch_time": 9.92363595963
        },
        "5": {
            "steps": {
                "1": 0.246721029282,
                "2": 0.249394178391,
                "3": 0.249430179596,
                "4": 0.250990867615,
                "5": 0.249993085861,
                "6": 0.249853849411,
                "7": 0.249311923981,
                "8": 0.248461008072,
                "9": 0.252122163773,
                "10": 0.251487970352,
                "11": 0.246379852295,
                "12": 0.248975038528,
                "13": 0.25216794014,
                "14": 0.24728012085,
                "15": 0.249668836594,
                "16": 0.25000500679,
                "17": 0.252962112427,
                "18": 0.249747991562,
                "19": 0.253385066986,
                "20": 0.248835802078,
                "21": 0.253461122513,
                "22": 0.250393867493,
                "23": 0.252381801605,
                "24": 0.249624013901,
                "25": 0.252763032913,
                "26": 0.249432086945,
                "27": 0.252859830856,
                "28": 0.250451087952,
                "29": 0.253654956818,
                "30": 0.2494161129,