{
    "init": -1.0,
    "total_training": 17.57313561439514,
    "largest_real_time_delta": 14.635417938232422,
    "fit_time": -1.0,
    "write_model_time": -1.0,
    "epochs": {
        "1": {
            "steps": {
                "1": 3.067112,
                "2": 0.072871,
                "3": 0.072915,
                "4": 0.074226,
                "5": 0.070685,
                "6": 0.073483,
                "7": 0.070456,
                "8": 0.075419,
                "9": 0.071969,
                "10": 0.071403,
                "11": 0.071831,
                "12": 0.070587,
                "13": 0.07278,
                "14": 0.070618,
                "15": 0.072371,
                "16": 0.070006,
                "17": 0.07298,
                "18": 0.070307,
                "19": 0.073696,
                "20": 0.070631,
                "21": 0.073435,
                "22": 0.070675,
                "23": 0.072565,
                "24": 0.071696,
                "25": 0.072133,
                "26": 0.07202,
                "27": 0.071143,
                "28": 0.072445,
                "29": 0.069691,
                "30": 0.231277
            },
            "validation_accuracy": 0.8864,
            "validation_time": 0.369636,
            "epoch_time": 5.688893556594849
        },
        "2": {
            "steps": {
                "1": 0.071354,
                "2": 0.072436,
                "3": 0.073954,
                "4": 0.07131,
                "5": 0.073276,
                "6": 0.071245,
                "7": 0.073389,
                "8": 0.07291,
                "9": 0.073858,
                "10": 0.073947,
                "11": 0.070273,
                "12": 0.074023,
                "13": 0.071275,
                "14": 0.072854,
                "15": 0.071658,
                "16": 0.072306,
                "17": 0.072691,
                "18": 0.071041,
                "19": 0.072908,
                "20": 0.071138,
                "21": 0.073432,
                "22": 0.071608,
                "23": 0.072632,
                "24": 0.072235,
                "25": 0.072249,
                "26": 0.072701,
                "27": 0.073337,
                "28": 0.073608,
                "29": 0.071018,
                "30": 0.026006
            },
            "validation_accuracy": 0.9309,
            "validation_time": 0.109123,
            "epoch_time": 2.2388744354248047
        },
        "3": {
            "steps": {
                "1": 0.072498,
                "2": 0.071519,
                "3": 0.072915,
                "4": 0.071373,
                "5": 0.071833,
                "6": 0.073323,
                "7": 0.071086,
                "8": 0.073809,
                "9": 0.071298,
                "10": 0.072914,
                "11": 0.071152,
                "12": 0.072798,
                "13": 0.071682,
                "14": 0.071707,
                "15": 0.073082,
                "16": 0.07078,
                "17": 0.073431,
                "18": 0.070651,
                "19": 0.07319,
                "20": 0.070935,
                "21": 0.07342,
                "22": 0.071995,
                "23": 0.072422,
                "24": 0.073266,
                "25": 0.071126,
                "26": 0.073307,
                "27": 0.070504,
                "28": 0.074188,
                "29": 0.06989,
                "30": 0.026028
            },
            "validation_accuracy": 0.9556,
            "validation_time": 0.108977,
            "epoch_time": 2.2301342487335205
        },
        "4": {
            "steps": {
                "1": 0.07169,
                "2": 0.071065,
                "3": 0.072743,
                "4": 0.070579,
                "5": 0.073775,
                "6": 0.070855,
                "7": 0.073909,
                "8": 0.071724,
                "9": 0.071699,
                "10": 0.072836,
                "11": 0.071336,
                "12": 0.073991,
                "13": 0.070827,
                "14": 0.07448,
                "15": 0.071674,
                "16": 0.072242,
                "17": 0.072937,
                "18": 0.071588,
                "19": 0.072722,
                "20": 0.071737,
                "21": 0.073352,
                "22": 0.071703,
                "23": 0.072778,
                "24": 0.073688,
                "25": 0.071384,
                "26": 0.073789,
                "27": 0.070975,
                "28": 0.073229,
                "29": 0.070796,
                "30": 0.026162
            },
            "validation_accuracy": 0.9609,
            "validation_time": 0.109961,
            "epoch_time": 2.2351722717285156
        },
        "5": {
            "steps": {
                "1": 0.072064,
                "2": 0.072314,
                "3": 0.073404,
                "4": 0.071301,
                "5": 0.074692,
                "6": 0.073072,
                "7": 0.071634,
                "8": 0.073292,
                "9": 0.070855,
                "10": 0.073769,
                "11": 0.071199,
                "12": 0.073398,
                "13": 0.072757,
                "14": 0.071975,
                "15": 0.072989,
                "16": 0.070767,
                "17": 0.073357,
                "18": 0.071445,
                "19": 0.07298,
                "20": 0.073051,
                "21": 0.071642,
                "22": 0.072891,
                "23": 0.070674,
                "24": 0.073002,
                "25": 0.070443,
                "26": 0.074334,
                "27": 0.07154,
                "28": 0.072557,
                "29": 0.071348,
                "30": 0.026229
            },
            "validation_accuracy": 0.9714,
            "validation_time": 0.111368,
            "epoch_time": 2.2395312786102295
        }
    },
    "computing_system": "g4dn8xlarge-1",
    "batch_size": "2048"
}
