{
    "init": 4.3660359382629395,
    "total_training": 38.6499969959,
    "largest_real_time_delta": 32.72000002861023,
    "fit_time": 34.1346299648,
    "write_model_time": 0.149286031723,
    "epochs": {
        "1": {
            "steps": {
                "1": 11.9183609486,
                "2": 0.205555915833,
                "3": 0.198785066605,
                "4": 0.203372001648,
                "5": 0.202254772186,
                "6": 0.203328132629,
                "7": 0.199195861816,
                "8": 0.205034017563,
                "9": 0.201644897461,
                "10": 0.205006122589,
                "11": 0.201673984528,
                "12": 0.205315828323,
                "13": 0.201236963272,
                "14": 0.201215982437,
                "15": 0.203401088715,
                "16": 0.202319145203,
                "17": 0.199177980423,
                "18": 0.198148965836,
                "19": 0.192662000656,
                "20": 1.01586413383
            },
            "validation_accuracy": 0.75,
            "validation_time": 0.281014919281,
            "epoch_time": 16.8775389194
        },
        "2": {
            "steps": {
                "1": 0.198268175125,
                "2": 0.197813987732,
                "3": 0.195631027222,
                "4": 0.200934171677,
                "5": 0.196346998215,
                "6": 0.201740980148,
                "7": 0.199014902115,
                "8": 0.199505090714,
                "9": 0.19864320755,
                "10": 0.201214075089,
                "11": 0.198370218277,
                "12": 0.201461076736,
                "13": 0.197641134262,
                "14": 0.202754974365,
                "15": 0.197293043137,
                "16": 0.201113939285,
                "17": 0.197580099106,
                "18": 0.192914009094,
                "19": 0.190707921982,
                "20": 0.145936012268
            },
            "validation_accuracy": 0.8349,
            "validation_time": 0.0250730514526,
            "epoch_time": 3.97195506096
        },
        "3": {
            "steps": {
                "1": 0.197820186615,
                "2": 0.199469804764,
                "3": 0.198868989944,
                "4": 0.19921708107,
                "5": 0.199896097183,
                "6": 0.201610088348,
                "7": 0.198621034622,
                "8": 0.197867870331,
                "9": 0.197508096695,
                "10": 0.199260950089,
                "11": 0.200506925583,
                "12": 0.196876049042,
                "13": 0.19841003418,
                "14": 0.200479030609,
                "15": 0.199078083038,
                "16": 0.19907617569,
                "17": 0.196395874023,
                "18": 0.197690963745,
                "19": 0.19602394104,
                "20": 0.145848035812
            },
            "validation_accuracy": 0.9057,
            "validation_time": 0.0252439975739,
            "epoch_time": 3.97677779198
        },
        "4": {
            "steps": {
                "1": 0.197682857513,
                "2": 0.202985048294,
                "3": 0.197000980377,
                "4": 0.198770999908,
                "5": 0.195631027222,
                "6": 0.199434995651,
                "7": 0.194031000137,
                "8": 0.197126150131,
                "9": 0.194727897644,
                "10": 0.198018074036,
                "11": 0.195452213287,
                "12": 0.196710109711,
                "13": 0.193422079086,
                "14": 0.199328899384,
                "15": 0.194247961044,
                "16": 0.195061922073,
                "17": 0.193533182144,
                "18": 0.197479963303,
                "19": 0.192279100418,
                "20": 0.147009134293
            },
            "validation_accuracy": 0.9245,
            "validation_time": 0.0251019001007,
            "epoch_time": 3.93613886833
        },
        "5": {
            "steps": {
                "1": 0.194851875305,
                "2": 0.198286056519,
                "3": 0.196079015732,
                "4": 0.195854902267,
                "5": 0.1976749897,
                "6": 0.197471857071,
                "7": 0.196812868118,
                "8": 0.197235107422,
                "9": 0.196319818497,
                "10": 0.200060129166,
                "11": 0.198080062866,
                "12": 0.198193073273,
                "13": 0.197062015533,
                "14": 0.198167085648,
                "15": 0.196844100952,
                "16": 0.200397014618,
                "17": 0.196824073792,
                "18": 0.19934797287,
                "19": 0.193031072617,
                "20": 0.144326210022
            },
            "validation_accuracy": 0.934,
            "validation_time": 0.0261750221252,
            "epoch_time": 3.95044207573
        }
    },
    "computing_system": "p2-8",
    "batch_size": "2048"
}
