{
    "init": -1.0,
    "total_training": 15.867550134658813,
    "largest_real_time_delta": 11.296071767807007,
    "fit_time": -1.0,
    "write_model_time": -1.0,
    "epochs": {
        "1": {
            "steps": {
                "1": 7.805063,
                "2": 0.010162,
                "3": 0.0108,
                "4": 0.010154,
                "5": 0.010603,
                "6": 0.010562,
                "7": 0.010653,
                "8": 0.010034,
                "9": 0.01089,
                "10": 0.010122,
                "11": 0.010479,
                "12": 0.009718,
                "13": 0.01022,
                "14": 0.010051,
                "15": 0.010377,
                "16": 0.010412,
                "17": 0.009968,
                "18": 0.009796,
                "19": 0.009881,
                "20": 0.009414,
                "21": 0.010873,
                "22": 0.010004,
                "23": 0.010527,
                "24": 0.009373,
                "25": 0.009659,
                "26": 0.009851,
                "27": 0.010332,
                "28": 0.010014,
                "29": 0.010231,
                "30": 0.009497,
                "31": 0.010186,
                "32": 0.009393,
                "33": 0.010856,
                "34": 0.010036,
                "35": 0.010712,
                "36": 0.009658,
                "37": 0.010597,
                "38": 0.01006,
                "39": 0.010565,
                "40": 0.009756,
                "41": 0.010773,
                "42": 0.01013,
                "43": 0.011358,
                "44": 0.010216,
                "45": 0.010962,
                "46": 0.009984,
                "47": 0.010608,
                "48": 0.01001,
                "49": 0.010469,
                "50": 0.010192,
                "51": 0.009984,
                "52": 0.009956,
                "53": 0.010805,
                "54": 0.01058,
                "55": 0.010354,
                "56": 0.009092,
                "57": 0.01038,
                "58": 0.008883,
                "59": 0.033006
            },
            "validation_accuracy": 0.9381,
            "validation_time": 0.206294,
            "epoch_time": 8.628227710723877
        },
        "2": {
            "steps": {
                "1": 0.010999,
                "2": 0.010288,
                "3": 0.009671,
                "4": 0.010342,
                "5": 0.010064,
                "6": 0.011029,
                "7": 0.010292,
                "8": 0.010486,
                "9": 0.009825,
                "10": 0.010406,
                "11": 0.010053,
                "12": 0.010202,
                "13": 0.009371,
                "14": 0.010352,
                "15": 0.009841,
                "16": 0.009535,
                "17": 0.010685,
                "18": 0.009866,
                "19": 0.011005,
                "20": 0.009973,
                "21": 0.010915,
                "22": 0.010083,
                "23": 0.010817,
                "24": 0.009568,
                "25": 0.010516,
                "26": 0.009998,
                "27": 0.010451,
                "28": 0.010361,
                "29": 0.010003,
                "30": 0.009627,
                "31": 0.010006,
                "32": 0.010382,
                "33": 0.010067,
                "34": 0.010476,
                "35": 0.010374,
                "36": 0.010273,
                "37": 0.01018,
                "38": 0.0101,
                "39": 0.010106,
                "40": 0.010788,
                "41": 0.010275,
                "42": 0.010476,
                "43": 0.010085,
                "44": 0.010346,
                "45": 0.009585,
                "46": 0.010649,
                "47": 0.010106,
                "48": 0.009818,
                "49": 0.010448,
                "50": 0.010114,
                "51": 0.010757,
                "52": 0.009999,
                "53": 0.010019,
                "54": 0.010394,
                "55": 0.010568,
                "56": 0.010389,
                "57": 0.010396,
                "58": 0.010334,
                "59": 0.009458
            },
            "validation_accuracy": 0.9683,
            "validation_time": 0.053594,
            "epoch_time": 0.6598169803619385
        },
        "3": {
            "steps": {
                "1": 0.01028,
                "2": 0.010521,
                "3": 0.010325,
                "4": 0.010363,
                "5": 0.009982,
                "6": 0.010437,
                "7": 0.009376,
                "8": 0.010787,
                "9": 0.010332,
                "10": 0.010809,
                "11": 0.010496,
                "12": 0.011345,
                "13": 0.009868,
                "14": 0.010008,
                "15": 0.010588,
                "16": 0.010446,
                "17": 0.010273,
                "18": 0.010602,
                "19": 0.009893,
                "20": 0.010622,
                "21": 0.010168,
                "22": 0.009515,
                "23": 0.011231,
                "24": 0.010015,
                "25": 0.011154,
                "26": 0.010248,
                "27": 0.010428,
                "28": 0.010272,
                "29": 0.010165,
                "30": 0.009863,
                "31": 0.010578,
                "32": 0.00929,
                "33": 0.010397,
                "34": 0.009706,
                "35": 0.010295,
                "36": 0.010066,
                "37": 0.010237,
                "38": 0.010356,
                "39": 0.010774,
                "40": 0.009796,
                "41": 0.010204,
                "42": 0.010201,
                "43": 0.010416,
                "44": 0.010724,
                "45": 0.010619,
                "46": 0.009089,
                "47": 0.010469,
                "48": 0.009992,
                "49": 0.010427,
                "50": 0.01,
                "51": 0.010339,
                "52": 0.010656,
                "53": 0.010643,
                "54": 0.009876,
                "55": 0.010894,
                "56": 0.010006,
                "57": 0.01075,
                "58": 0.009831,
                "59": 0.009584
            },
            "validation_accuracy": 0.972,
            "validation_time": 0.054458,
            "epoch_time": 0.6638002395629883
        },
        "4": {
            "steps": {
                "1": 0.010572,
                "2": 0.011091,
                "3": 0.011031,
                "4": 0.010942,
                "5": 0.01021,
                "6": 0.01049,
                "7": 0.010901,
                "8": 0.010369,
                "9": 0.010051,
                "10": 0.009917,
                "11": 0.010209,
                "12": 0.010886,
                "13": 0.011048,
                "14": 0.010907,
                "15": 0.010457,
                "16": 0.010601,
                "17": 0.010478,
                "18": 0.010385,
                "19": 0.010552,
                "20": 0.009593,
                "21": 0.011693,
                "22": 0.010642,
                "23": 0.010119,
                "24": 0.010015,
                "25": 0.010731,
                "26": 0.010444,
                "27": 0.010642,
                "28": 0.010049,
                "29": 0.01062,
                "30": 0.009546,
                "31": 0.010517,
                "32": 0.010181,
                "33": 0.010516,
                "34": 0.010198,
                "35": 0.010214,
                "36": 0.010664,
                "37": 0.009343,
                "38": 0.010825,
                "39": 0.010457,
                "40": 0.010399,
                "41": 0.009794,
                "42": 0.010661,
                "43": 0.010619,
                "44": 0.010276,
                "45": 0.010014,
                "46": 0.010278,
                "47": 0.01104,
                "48": 0.009989,
                "49": 0.010646,
                "50": 0.010193,