{
    "init": -1.0,
    "total_training": 15.237792015075684,
    "largest_real_time_delta": 11.02145504951477,
    "fit_time": -1.0,
    "write_model_time": -1.0,
    "epochs": {
        "1": {
            "steps": {
                "1": 7.484784,
                "2": 0.011564,
                "3": 0.0106,
                "4": 0.010888,
                "5": 0.010826,
                "6": 0.009969,
                "7": 0.010899,
                "8": 0.010373,
                "9": 0.01102,
                "10": 0.010352,
                "11": 0.01055,
                "12": 0.009985,
                "13": 0.011099,
                "14": 0.010789,
                "15": 0.010706,
                "16": 0.010802,
                "17": 0.01095,
                "18": 0.009907,
                "19": 0.011069,
                "20": 0.010436,
                "21": 0.01092,
                "22": 0.010412,
                "23": 0.010941,
                "24": 0.010847,
                "25": 0.010866,
                "26": 0.010328,
                "27": 0.010966,
                "28": 0.010442,
                "29": 0.011156,
                "30": 0.011025,
                "31": 0.011876,
                "32": 0.010413,
                "33": 0.010548,
                "34": 0.010538,
                "35": 0.010657,
                "36": 0.010128,
                "37": 0.010796,
                "38": 0.010066,
                "39": 0.010734,
                "40": 0.010613,
                "41": 0.010634,
                "42": 0.010685,
                "43": 0.011245,
                "44": 0.01026,
                "45": 0.01092,
                "46": 0.010492,
                "47": 0.010597,
                "48": 0.00997,
                "49": 0.010933,
                "50": 0.010467,
                "51": 0.01099,
                "52": 0.010365,
                "53": 0.010924,
                "54": 0.010232,
                "55": 0.010738,
                "56": 0.010095,
                "57": 0.010796,
                "58": 0.010349,
                "59": 0.033126
            },
            "validation_accuracy": 0.9475,
            "validation_time": 0.20272,
            "epoch_time": 8.330897808074951
        },
        "2": {
            "steps": {
                "1": 0.011064,
                "2": 0.010955,
                "3": 0.010557,
                "4": 0.010245,
                "5": 0.010361,
                "6": 0.010515,
                "7": 0.010798,
                "8": 0.010497,
                "9": 0.010356,
                "10": 0.010312,
                "11": 0.010468,
                "12": 0.010339,
                "13": 0.01021,
                "14": 0.010638,
                "15": 0.010411,
                "16": 0.010626,
                "17": 0.010418,
                "18": 0.010384,
                "19": 0.01041,
                "20": 0.010314,
                "21": 0.010445,
                "22": 0.010457,
                "23": 0.01035,
                "24": 0.010645,
                "25": 0.010487,
                "26": 0.010206,
                "27": 0.010631,
                "28": 0.010314,
                "29": 0.010544,
                "30": 0.010298,
                "31": 0.010356,
                "32": 0.010532,
                "33": 0.010418,
                "34": 0.010457,
                "35": 0.010711,
                "36": 0.010497,
                "37": 0.010259,
                "38": 0.010479,
                "39": 0.010552,
                "40": 0.010482,
                "41": 0.011007,
                "42": 0.010387,
                "43": 0.010748,
                "44": 0.010779,
                "45": 0.01045,
                "46": 0.010702,
                "47": 0.010192,
                "48": 0.010492,
                "49": 0.010792,
                "50": 0.010576,
                "51": 0.010525,
                "52": 0.010458,
                "53": 0.01051,
                "54": 0.010433,
                "55": 0.010549,
                "56": 0.010519,
                "57": 0.010174,
                "58": 0.009919,
                "59": 0.00977
            },
            "validation_accuracy": 0.9694,
            "validation_time": 0.052376,
            "epoch_time": 0.6730103492736816
        },
        "3": {
            "steps": {
                "1": 0.010663,
                "2": 0.010857,
                "3": 0.010343,
                "4": 0.010148,
                "5": 0.010427,
                "6": 0.010462,
                "7": 0.010958,
                "8": 0.010337,
                "9": 0.010805,
                "10": 0.010591,
                "11": 0.010583,
                "12": 0.010689,
                "13": 0.010178,
                "14": 0.010362,
                "15": 0.010472,
                "16": 0.010792,
                "17": 0.010196,
                "18": 0.010327,
                "19": 0.010274,
                "20": 0.01009,
                "21": 0.010554,
                "22": 0.010254,
                "23": 0.010227,
                "24": 0.010213,
                "25": 0.010066,
                "26": 0.010265,
                "27": 0.010479,
                "28": 0.010495,
                "29": 0.010444,
                "30": 0.010266,
                "31": 0.010367,
                "32": 0.010436,
                "33": 0.010532,
                "34": 0.010538,
                "35": 0.010107,
                "36": 0.010427,
                "37": 0.010384,
                "38": 0.010301,
                "39": 0.010361,
                "40": 0.010349,
                "41": 0.010733,
                "42": 0.010985,
                "43": 0.010412,
                "44": 0.010055,
                "45": 0.010478,
                "46": 0.010746,
                "47": 0.010486,
                "48": 0.010273,
                "49": 0.010869,
                "50": 0.0104,
                "51": 0.010669,
                "52": 0.010284,
                "53": 0.010346,
                "54": 0.010162,
                "55": 0.010358,
                "56": 0.010514,
                "57": 0.010664,
                "58": 0.009971,
                "59": 0.010051
            },
            "validation_accuracy": 0.9789,
            "validation_time": 0.052325,
            "epoch_time": 0.6700084209442139
        },
        "4": {
            "steps": {
                "1": 0.010479,
                "2": 0.010345,
                "3": 0.010571,
                "4": 0.010217,
                "5": 0.010585,
                "6": 0.010802,
                "7": 0.010272,
                "8": 0.010396,
                "9": 0.01027,
                "10": 0.010331,
                "11": 0.011061,
                "12": 0.010775,
                "13": 0.01057,
                "14": 0.010336,
                "15": 0.010473,
                "16": 0.010461,
                "17": 0.010219,
                "18": 0.010258,
                "19": 0.010197,
                "20": 0.010664,
                "21": 0.010569,
                "22": 0.010527,
                "23": 0.010599,
                "24": 0.010438,
                "25": 0.010592,
                "26": 0.010514,
                "27": 0.010461,
                "28": 0.010242,
                "29": 0.010375,
                "30": 0.010139,
                "31": 0.010366,
                "32": 0.010304,
                "33": 0.010163,
                "34": 0.010108,
                "35": 0.010509,
                "36": 0.010663,
                "37": 0.009998,
                "38": 0.010747,
                "39": 0.010458,
                "40": 0.010407,
                "41": 0.010346,
                "42": 0.010428,
                "43": 0.010239,
                "44": 0.010414,
                "45": 0.010052,
                "46": 0.010898,
                "47": 0.010728,
                "48": 0.010692,
                "49": 0.010534,
                "50": 0.010432,