{
    "init": 0.17941999435424805,
    "total_training": 19.1107320786,
    "largest_real_time_delta": 15.5,
    "fit_time": 18.8111200333,
    "write_model_time": 0.120157957077,
    "epochs": {
        "1": {
            "steps": {
                "1": 3.26724004745,
                "2": 0.0580971240997,
                "3": 0.0584070682526,
                "4": 0.0598499774933,
                "5": 0.0590190887451,
                "6": 0.0593719482422,
                "7": 0.0585000514984,
                "8": 0.0583410263062,
                "9": 0.0583851337433,
                "10": 0.0592110157013,
                "11": 0.05876994133,
                "12": 0.0583040714264,
                "13": 0.0580580234528,
                "14": 0.0591740608215,
                "15": 0.0581290721893,
                "16": 0.0578780174255,
                "17": 0.0578389167786,
                "18": 0.0582129955292,
                "19": 0.0578491687775,
                "20": 0.0581889152527,
                "21": 0.0590488910675,
                "22": 0.0588459968567,
                "23": 0.0581550598145,
                "24": 0.0585420131683,
                "25": 0.0578029155731,
                "26": 0.0585989952087,
                "27": 0.0585570335388,
                "28": 0.0590689182281,
                "29": 0.059779882431,
                "30": 0.0594789981842,
                "31": 0.0585939884186,
                "32": 0.0585839748383,
                "33": 0.0587589740753,
                "34": 0.0590620040894,
                "35": 0.0591471195221,
                "36": 0.0589270591736,
                "37": 0.0592758655548,
                "38": 0.0588018894196,
                "39": 0.0504550933838,
                "40": 0.58088183403
            },
            "validation_accuracy": 0.8019,
            "validation_time": 0.0899639129639,
            "epoch_time": 6.17285609245
        },
        "2": {
            "steps": {
                "1": 0.0586981773376,
                "2": 0.0591142177582,
                "3": 0.0590510368347,
                "4": 0.0580809116364,
                "5": 0.0581929683685,
                "6": 0.0581500530243,
                "7": 0.0586180686951,
                "8": 0.0594730377197,
                "9": 0.0581641197205,
                "10": 0.0578591823578,
                "11": 0.0581569671631,
                "12": 0.0580759048462,
                "13": 0.0584208965302,
                "14": 0.0581350326538,
                "15": 0.0581579208374,
                "16": 0.0596609115601,
                "17": 0.0593168735504,
                "18": 0.0588109493256,
                "19": 0.0588347911835,
                "20": 0.0593781471252,
                "21": 0.0591599941254,
                "22": 0.0585479736328,
                "23": 0.0589609146118,
                "24": 0.0599329471588,
                "25": 0.0594449043274,
                "26": 0.0587840080261,
                "27": 0.0589988231659,
                "28": 0.0585408210754,
                "29": 0.058336019516,
                "30": 0.0579619407654,
                "31": 0.0582900047302,
                "32": 0.0580379962921,
                "33": 0.0583729743958,
                "34": 0.058189868927,
                "35": 0.058032989502,
                "36": 0.0586569309235,
                "37": 0.0581700801849,
                "38": 0.0584468841553,
                "39": 0.0502078533173,
                "40": 0.0290369987488
            },
            "validation_accuracy": 0.9151,
            "validation_time": 0.00431704521179,
            "epoch_time": 2.32482886314
        },
        "3": {
            "steps": {
                "1": 0.0582089424133,
                "2": 0.0599570274353,
                "3": 0.0595941543579,
                "4": 0.0589308738708,
                "5": 0.0585558414459,
                "6": 0.0583279132843,
                "7": 0.0582280158997,
                "8": 0.0583090782166,
                "9": 0.0586140155792,
                "10": 0.058767080307,
                "11": 0.0581698417664,
                "12": 0.058177947998,
                "13": 0.0580749511719,
                "14": 0.0585579872131,
                "15": 0.0589089393616,
                "16": 0.0585579872131,
                "17": 0.0585238933563,
                "18": 0.0584859848022,
                "19": 0.058137178421,
                "20": 0.0598268508911,
                "21": 0.0585608482361,
                "22": 0.0595691204071,
                "23": 0.0585010051727,
                "24": 0.0583171844482,
                "25": 0.0581979751587,
                "26": 0.0582840442657,
                "27": 0.0584349632263,
                "28": 0.0580339431763,
                "29": 0.058130979538,
                "30": 0.0585601329803,
                "31": 0.0584518909454,
                "32": 0.0585119724274,
                "33": 0.0588719844818,
                "34": 0.0583629608154,
                "35": 0.0589530467987,
                "36": 0.0592019557953,
                "37": 0.0609290599823,
                "38": 0.0610218048096,
                "39": 0.0512421131134,
                "40": 0.0300471782684
            },
            "validation_accuracy": 0.9387,
            "validation_time": 0.00439095497131,
            "epoch_time": 2.33121299744
        },
        "4": {
            "steps": {
                "1": 0.0592579841614,
                "2": 0.0590279102325,
                "3": 0.0581982135773,
                "4": 0.0585041046143,
                "5": 0.0593881607056,
                "6": 0.0589017868042,
                "7": 0.0590660572052,
                "8": 0.0583000183105,
                "9": 0.0586640834808,
                "10": 0.0587301254272,
                "11": 0.0584201812744,
                "12": 0.0594329833984,
                "13": 0.0579760074615,
                "14": 0.0590801239014,
                "15": 0.0594480037689,
                "16": 0.0587589740753,
                "17": 0.0586619377136,
                "18": 0.0582499504089,
                "19": 0.0584859848022,
                "20": 0.0586090087891,
                "21": 0.0583629608154,
                "22": 0.0581271648407,
                "23": 0.0582530498505,
                "24": 0.0579829216003,
                "25": 0.0597639083862,
                "26": 0.0587170124054,
                "27": 0.0583200454712,
                "28": 0.058100938797,
                "29": 0.0581090450287,
                "30": 0.057914018631,
                "31": 0.0582129955292,
                "32": 0.0597770214081,
                "33": 0.0598001480103,
                "34": 0.0586678981781,
                "35": 0.05823802948,
                "36": 0.058357000351,
                "37": 0.0583701133728,
                "38": 0.0583748817444,
                "39": 0.0513880252838,
                "40": 0.0296540260315
            },
            "validation_accuracy": 0.9623,
            "validation_time": 0.00419902801514,
            "epoch_time": 2.32771205902
        },
        "5": {
            "steps": {
                "1": 0.0585958957672,
                "2": 0.0587379932404,
                "3": 0.0587160587311,
                "4": 0.0590651035309,
                "5": 0.0586709976196,
                "6": 0.0586221218109,
                "7": 0.057981967926,
                "8": 0.0588691234589,
                "9": 0.0591688156128,
                "10": 0.0587151050568,
                "11": 0.0596091747284,
                "12": 0.0593709945679,
                "13": 0.0581870079041,
                "14": 0.0584101676941,
                "15": 0.0581459999084,
                "16": 0.0582559108734,
                "17": 0.0597047805786,
                "18": 0.0602579116821,
                "19": 0.0588271617889,
                "20": 0.0598900318146,