{
    "init": 0.19495415687561035,
    "total_training": 20.3453171253,
    "largest_real_time_delta": 16.259999990463257,
    "fit_time": 20.0204939842,
    "write_model_time": 0.129822969437,
    "epochs": {
        "1": {
            "steps": {
                "1": 3.57046484947,
                "2": 0.0661690235138,
                "3": 0.0608410835266,
                "4": 0.0628249645233,
                "5": 0.0557270050049,
                "6": 0.0619819164276,
                "7": 0.0567331314087,
                "8": 0.0618920326233,
                "9": 0.0605299472809,
                "10": 0.0626380443573,
                "11": 0.0603311061859,
                "12": 0.0660309791565,
                "13": 0.0561971664429,
                "14": 0.0666728019714,
                "15": 0.0562679767609,
                "16": 0.0618810653687,
                "17": 0.0561151504517,
                "18": 0.0621659755707,
                "19": 0.0610980987549,
                "20": 0.0625479221344,
                "21": 0.0622560977936,
                "22": 0.061695098877,
                "23": 0.0579679012299,
                "24": 0.0645260810852,
                "25": 0.0568859577179,
                "26": 0.0665140151978,
                "27": 0.056009054184,
                "28": 0.0617129802704,
                "29": 0.0557000637054,
                "30": 0.0612900257111,
                "31": 0.0558049678802,
                "32": 0.0612509250641,
                "33": 0.0603919029236,
                "34": 0.0662438869476,
                "35": 0.0560610294342,
                "36": 0.0666370391846,
                "37": 0.0566341876984,
                "38": 0.0620589256287,
                "39": 0.0498878955841,
                "40": 0.584266901016
            },
            "validation_accuracy": 0.7783,
            "validation_time": 0.0945801734924,
            "epoch_time": 6.56607794762
        },
        "2": {
            "steps": {
                "1": 0.0661759376526,
                "2": 0.0564308166504,
                "3": 0.0623281002045,
                "4": 0.0611379146576,
                "5": 0.0617389678955,
                "6": 0.0573098659515,
                "7": 0.0637400150299,
                "8": 0.0579731464386,
                "9": 0.0641849040985,
                "10": 0.0623869895935,
                "11": 0.062912940979,
                "12": 0.0577268600464,
                "13": 0.0675921440125,
                "14": 0.0626990795135,
                "15": 0.0634870529175,
                "16": 0.0620748996735,
                "17": 0.0629980564117,
                "18": 0.0563840866089,
                "19": 0.0620470046997,
                "20": 0.0563788414001,
                "21": 0.0665700435638,
                "22": 0.0564069747925,
                "23": 0.0616838932037,
                "24": 0.0608949661255,
                "25": 0.0615561008453,
                "26": 0.0564589500427,
                "27": 0.0619039535522,
                "28": 0.0561540126801,
                "29": 0.0659391880035,
                "30": 0.0561859607697,
                "31": 0.0618100166321,
                "32": 0.0606169700623,
                "33": 0.0617878437042,
                "34": 0.055722951889,
                "35": 0.0666611194611,
                "36": 0.0561180114746,
                "37": 0.0622081756592,
                "38": 0.0610840320587,
                "39": 0.0554049015045,
                "40": 0.0313060283661
            },
            "validation_accuracy": 0.9245,
            "validation_time": 0.00458216667175,
            "epoch_time": 2.42174291611
        },
        "3": {
            "steps": {
                "1": 0.0663590431213,
                "2": 0.0560688972473,
                "3": 0.0628409385681,
                "4": 0.0568149089813,
                "5": 0.0666618347168,
                "6": 0.0563139915466,
                "7": 0.0665190219879,
                "8": 0.0570809841156,
                "9": 0.0619831085205,
                "10": 0.0563299655914,
                "11": 0.062579870224,
                "12": 0.056795835495,
                "13": 0.0674629211426,
                "14": 0.0608670711517,
                "15": 0.0626192092896,
                "16": 0.0564410686493,
                "17": 0.0627739429474,
                "18": 0.0609910488129,
                "19": 0.0640299320221,
                "20": 0.0565690994263,
                "21": 0.062155008316,
                "22": 0.056202173233,
                "23": 0.0623910427094,
                "24": 0.0596370697021,
                "25": 0.0668358802795,
                "26": 0.0564720630646,
                "27": 0.0682148933411,
                "28": 0.0577390193939,
                "29": 0.0638108253479,
                "30": 0.0627610683441,
                "31": 0.0633819103241,
                "32": 0.057678937912,
                "33": 0.0676250457764,
                "34": 0.057804107666,
                "35": 0.0627970695496,
                "36": 0.0570101737976,
                "37": 0.0621480941772,
                "38": 0.0560781955719,
                "39": 0.0541689395905,
                "40": 0.0316820144653
            },
            "validation_accuracy": 0.9481,
            "validation_time": 0.00455379486084,
            "epoch_time": 2.42226481438
        },
        "4": {
            "steps": {
                "1": 0.0667979717255,
                "2": 0.0610060691833,
                "3": 0.0623071193695,
                "4": 0.0561530590057,
                "5": 0.0618560314178,
                "6": 0.0560300350189,
                "7": 0.065985918045,
                "8": 0.056401014328,
                "9": 0.0668408870697,
                "10": 0.0610098838806,
                "11": 0.0623121261597,
                "12": 0.0564968585968,
                "13": 0.0664250850677,
                "14": 0.0562419891357,
                "15": 0.0615780353546,
                "16": 0.0559408664703,
                "17": 0.0616099834442,
                "18": 0.0606582164764,
                "19": 0.062155008316,
                "20": 0.0565719604492,
                "21": 0.062332868576,
                "22": 0.060928106308,
                "23": 0.0661251544952,
                "24": 0.055820941925,
                "25": 0.0618009567261,
                "26": 0.0561020374298,
                "27": 0.0661110877991,
                "28": 0.0560779571533,
                "29": 0.0624809265137,
                "30": 0.0576450824738,
                "31": 0.0621731281281,
                "32": 0.0563590526581,
                "33": 0.0621490478516,
                "34": 0.056569814682,
                "35": 0.0622799396515,
                "36": 0.0563540458679,
                "37": 0.0624060630798,
                "38": 0.0562767982483,
                "39": 0.0495409965515,
                "40": 0.0310719013214
            },
            "validation_accuracy": 0.9575,
            "validation_time": 0.00446915626526,
            "epoch_time": 2.39246201515
        },
        "5": {
            "steps": {
                "1": 0.0664248466492,
                "2": 0.0611889362335,
                "3": 0.0623798370361,
                "4": 0.0564868450165,
                "5": 0.0661568641663,
                "6": 0.0564610958099,
                "7": 0.062835931778,
                "8": 0.0568699836731,
                "9": 0.062835931778,
                "10": 0.0562169551849,
                "11": 0.0625531673431,
                "12": 0.0607330799103,
                "13": 0.0662949085236,
                "14": 0.0563931465149,
                "15": 0.0666980743408,
                "16": 0.0562338829041,
                "17": 0.0623598098755,
                "18": 0.0570869445801,
                "19": 0.0630240440369,
                "20": 0.0580530166626,