{
    "init": 4.029043197631836,
    "total_training": 23.4065020084,
    "largest_real_time_delta": 18.430000066757202,
    "fit_time": 19.2862899303,
    "write_model_time": 0.0911350250244,
    "epochs": {
        "1": {
            "steps": {
                "1": 8.66661787033,
                "2": 0.0933599472046,
                "3": 0.0915379524231,
                "4": 0.0915138721466,
                "5": 0.0926349163055,
                "6": 0.0912249088287,
                "7": 0.0932929515839,
                "8": 0.092789888382,
                "9": 0.0933408737183,
                "10": 0.0932080745697,
                "11": 0.0942280292511,
                "12": 0.0940239429474,
                "13": 0.0935189723969,
                "14": 0.0931739807129,
                "15": 0.0926721096039,
                "16": 0.0932540893555,
                "17": 0.0928180217743,
                "18": 0.093985080719,
                "19": 0.0895211696625,
                "20": 0.449346065521
            },
            "validation_accuracy": 0.75,
            "validation_time": 0.161625146866,
            "epoch_time": 10.9741339684
        },
        "2": {
            "steps": {
                "1": 0.0929219722748,
                "2": 0.0930368900299,
                "3": 0.093249797821,
                "4": 0.0931420326233,
                "5": 0.093544960022,
                "6": 0.0933141708374,
                "7": 0.0933291912079,
                "8": 0.0946741104126,
                "9": 0.0934171676636,
                "10": 0.093248128891,
                "11": 0.0940799713135,
                "12": 0.0940148830414,
                "13": 0.0938279628754,
                "14": 0.0940158367157,
                "15": 0.0938239097595,
                "16": 0.0939540863037,
                "17": 0.0933001041412,
                "18": 0.0947468280792,
                "19": 0.0889871120453,
                "20": 0.0468800067902
            },
            "validation_accuracy": 0.8774,
            "validation_time": 0.00732707977295,
            "epoch_time": 1.8555700779
        },
        "3": {
            "steps": {
                "1": 0.0944490432739,
                "2": 0.0949440002441,
                "3": 0.0949671268463,
                "4": 0.0954220294952,
                "5": 0.0953280925751,
                "6": 0.0950820446014,
                "7": 0.0934040546417,
                "8": 0.0949649810791,
                "9": 0.0951380729675,
                "10": 0.0962328910828,
                "11": 0.0950689315796,
                "12": 0.0952458381653,
                "13": 0.095057964325,
                "14": 0.094878911972,
                "15": 0.0941669940948,
                "16": 0.0954329967499,
                "17": 0.0950260162354,
                "18": 0.0967381000519,
                "19": 0.088641166687,
                "20": 0.0466220378876
            },
            "validation_accuracy": 0.9151,
            "validation_time": 0.00744390487671,
            "epoch_time": 1.88105106354
        },
        "4": {
            "steps": {
                "1": 0.0941300392151,
                "2": 0.095242023468,
                "3": 0.0933740139008,
                "4": 0.0938379764557,
                "5": 0.0929849147797,
                "6": 0.0930891036987,
                "7": 0.0943741798401,
                "8": 0.0941681861877,
                "9": 0.0939500331879,
                "10": 0.0943059921265,
                "11": 0.0942640304565,
                "12": 0.0931670665741,
                "13": 0.0937249660492,
                "14": 0.0939750671387,
                "15": 0.093209028244,
                "16": 0.0941150188446,
                "17": 0.0939810276031,
                "18": 0.0929980278015,
                "19": 0.0888040065765,
                "20": 0.0466389656067
            },
            "validation_accuracy": 0.934,
            "validation_time": 0.00833415985107,
            "epoch_time": 1.85895586014
        },
        "5": {
            "steps": {
                "1": 0.0939030647278,
                "2": 0.0942142009735,
                "3": 0.0940501689911,
                "4": 0.093132019043,
                "5": 0.0929539203644,
                "6": 0.0941979885101,
                "7": 0.0940110683441,
                "8": 0.0936398506165,
                "9": 0.093642950058,
                "10": 0.0935349464417,
                "11": 0.09428191185,
                "12": 0.0939798355103,
                "13": 0.0946009159088,
                "14": 0.0939810276031,
                "15": 0.0942678451538,
                "16": 0.0942051410675,
                "17": 0.0939748287201,
                "18": 0.0940399169922,
                "19": 0.089047908783,
                "20": 0.0455460548401
            },
            "validation_accuracy": 0.9292,
            "validation_time": 0.00761198997498,
            "epoch_time": 1.85883498192
        }
    },
    "computing_system": "p3-4",
    "batch_size": "2048"
}
