{
    "init": 3.6783740520477295,
    "total_training": 20.3632321358,
    "largest_real_time_delta": 15.740000009536743,
    "fit_time": 16.5957899094,
    "write_model_time": 0.0890309810638,
    "epochs": {
        "1": {
            "steps": {
                "1": 8.46984195709,
                "2": 0.0677309036255,
                "3": 0.0677409172058,
                "4": 0.0672099590302,
                "5": 0.0672369003296,
                "6": 0.0667939186096,
                "7": 0.0668768882751,
                "8": 0.0671679973602,
                "9": 0.0674738883972,
                "10": 0.0676047801971,
                "11": 0.0678479671478,
                "12": 0.0677280426025,
                "13": 0.0674800872803,
                "14": 0.0674619674683,
                "15": 0.0667808055878,
                "16": 0.0671350955963,
                "17": 0.0670459270477,
                "18": 0.0675511360168,
                "19": 0.0645241737366,
                "20": 0.425705909729
            },
            "validation_accuracy": 0.75,
            "validation_time": 0.155415058136,
            "epoch_time": 10.2859320641
        },
        "2": {
            "steps": {
                "1": 0.0686159133911,
                "2": 0.0683550834656,
                "3": 0.0683760643005,
                "4": 0.0680780410767,
                "5": 0.0679280757904,
                "6": 0.0680139064789,
                "7": 0.0673580169678,
                "8": 0.0684721469879,
                "9": 0.0682699680328,
                "10": 0.0669491291046,
                "11": 0.0670120716095,
                "12": 0.0671389102936,
                "13": 0.0672829151154,
                "14": 0.0674240589142,
                "15": 0.0672099590302,
                "16": 0.0672271251678,
                "17": 0.0671920776367,
                "18": 0.0672879219055,
                "19": 0.0593318939209,
                "20": 0.0375189781189
            },
            "validation_accuracy": 0.8491,
            "validation_time": 0.00633811950684,
            "epoch_time": 1.34862995148
        },
        "3": {
            "steps": {
                "1": 0.0881209373474,
                "2": 0.087819814682,
                "3": 0.0868229866028,
                "4": 0.0671510696411,
                "5": 0.0643661022186,
                "6": 0.0674681663513,
                "7": 0.0673389434814,
                "8": 0.0670800209045,
                "9": 0.0671741962433,
                "10": 0.0670390129089,
                "11": 0.0670928955078,
                "12": 0.0672850608826,
                "13": 0.0670330524445,
                "14": 0.0675101280212,
                "15": 0.06769490242,
                "16": 0.067312002182,
                "17": 0.0675740242004,
                "18": 0.0682649612427,
                "19": 0.0630061626434,
                "20": 0.0374581813812
            },
            "validation_accuracy": 0.9104,
            "validation_time": 0.00640106201172,
            "epoch_time": 1.40331983566
        },
        "4": {
            "steps": {
                "1": 0.0669889450073,
                "2": 0.0672988891602,
                "3": 0.0670020580292,
                "4": 0.0669779777527,
                "5": 0.0670940876007,
                "6": 0.067088842392,
                "7": 0.0674839019775,
                "8": 0.0669538974762,
                "9": 0.0673899650574,
                "10": 0.0675940513611,
                "11": 0.0670838356018,
                "12": 0.0670919418335,
                "13": 0.0670619010925,
                "14": 0.0671689510345,
                "15": 0.0675311088562,
                "16": 0.0672240257263,
                "17": 0.0674459934235,
                "18": 0.0674629211426,
                "19": 0.0624449253082,
                "20": 0.0369999408722
            },
            "validation_accuracy": 0.934,
            "validation_time": 0.00637698173523,
            "epoch_time": 1.34165978432
        },
        "5": {
            "steps": {
                "1": 0.0671310424805,
                "2": 0.066684961319,
                "3": 0.0670928955078,
                "4": 0.0683269500732,
                "5": 0.0695009231567,
                "6": 0.0693490505219,
                "7": 0.0697300434113,
                "8": 0.0687849521637,
                "9": 0.0679049491882,
                "10": 0.067323923111,
                "11": 0.0683958530426,
                "12": 0.0680420398712,
                "13": 0.0678269863129,
                "14": 0.0681729316711,
                "15": 0.0680320262909,
                "16": 0.0692019462585,
                "17": 0.0680460929871,
                "18": 0.0681447982788,
                "19": 0.06334400177,
                "20": 0.037575006485
            },
            "validation_accuracy": 0.9481,
            "validation_time": 0.00656414031982,
            "epoch_time": 1.36122202873
        }
    },
    "computing_system": "p3-4",
    "batch_size": "2048"
}
