{
    "init": -1.0,
    "total_training": 249.00314092636108,
    "largest_real_time_delta": 245.23920726776123,
    "fit_time": 249.00314092636108,
    "write_model_time": -1.0,
    "epochs": {
        "1": {
            "steps": {
                "1": 126.662924,
                "2": 0.195268,
                "3": 0.204103,
                "4": 0.164477,
                "5": 0.191655,
                "6": 0.204805,
                "7": 0.164451,
                "8": 0.164779,
                "9": 0.190109,
                "10": 0.204141,
                "11": 0.163971,
                "12": 0.19099,
                "13": 0.2038,
                "14": 0.163762,
                "15": 0.189801,
                "16": 0.204357,
                "17": 0.163012,
                "18": 0.191985,
                "19": 0.20378,
                "20": 0.190192,
                "21": 0.206378,
                "22": 0.163698,
                "23": 0.163299,
                "24": 0.164703,
                "25": 0.189941,
                "26": 0.204361,
                "27": 0.163376,
                "28": 0.191706,
                "29": 0.205644,
                "30": 0.164369,
                "31": 0.191829,
                "32": 0.205063,
                "33": 0.162286,
                "34": 0.163839,
                "35": 0.189714,
                "36": 0.204312,
                "37": 0.163265,
                "38": 0.193711,
                "39": 0.204339,
                "40": 0.164919,
                "41": 0.191669,
                "42": 0.204838,
                "43": 0.164178,
                "44": 0.164018,
                "45": 0.163291,
                "46": 0.190322,
                "47": 0.204332,
                "48": 0.163444,
                "49": 0.191792,
                "50": 0.20568,
                "51": 0.163265,
                "52": 0.189479,
                "53": 0.204204,
                "54": 0.189738,
                "55": 0.204997,
                "56": 0.163946,
                "57": 0.164391,
                "58": 0.192442,
                "59": 0.204801,
                "60": 0.199818,
                "61": 0.163316,
                "62": 0.163935,
                "63": 0.192678,
                "64": 0.206779,
                "65": 0.164396,
                "66": 0.192162,
                "67": 0.205708,
                "68": 0.163353,
                "69": 0.190622,
                "70": 0.20632,
                "71": 0.199625,
                "72": 0.163925,
                "73": 0.163857,
                "74": 0.191082,
                "75": 0.203524,
                "76": 0.19108,
                "77": 0.20408,
                "78": 0.16251,
                "79": 0.163542,
                "80": 0.192079,
                "81": 0.203743,
                "82": 0.18987,
                "83": 0.204823,
                "84": 0.163805,
                "85": 0.163037,
                "86": 0.190936,
                "87": 0.203966,
                "88": 0.191933,
                "89": 0.204724,
                "90": 0.199268,
                "91": 0.191623,
                "92": 0.205521,
                "93": 0.164276,
                "94": 0.190723,
                "95": 0.205958,
                "96": 0.164309,
                "97": 0.162753,
                "98": 5.121258
            },
            "validation_time": 14.95766,
            "epoch_time": 165.80705428123474,
            "validation_accuracy": 0.099
        },
        "2": {
            "steps": {
                "1": 0.164798,
                "2": 0.163715,
                "3": 0.192059,
                "4": 0.2035,
                "5": 0.190845,
                "6": 0.205689,
                "7": 0.198996,
                "8": 0.163665,
                "9": 0.164098,
                "10": 0.190553,
                "11": 0.2035,
                "12": 0.191728,
                "13": 0.20327,
                "14": 0.191186,
                "15": 0.204917,
                "16": 0.189262,
                "17": 0.206677,
                "18": 0.201182,
                "19": 0.199942,
                "20": 0.191069,
                "21": 0.20404,
                "22": 0.162437,
                "23": 0.18992,
                "24": 0.206601,
                "25": 0.198167,
                "26": 0.163647,
                "27": 0.190366,
                "28": 0.205075,
                "29": 0.162885,
                "30": 0.163424,
                "31": 0.191402,
                "32": 0.207817,
                "33": 0.19076,
                "34": 0.204332,
                "35": 0.191888,
                "36": 0.204049,
                "37": 0.193256,
                "38": 0.20625,
                "39": 0.202165,
                "40": 0.200669,
                "41": 0.191157,
                "42": 0.203519,
                "43": 0.191033,
                "44": 0.204464,
                "45": 0.163108,
                "46": 0.190195,
                "47": 0.204465,
                "48": 0.16393,
                "49": 0.164497,
                "50": 0.191159,
                "51": 0.20425,
                "52": 0.19001,
                "53": 0.20488,
                "54": 0.163692,
                "55": 0.192983,
                "56": 0.207321,
                "57": 0.190189,
                "58": 0.204261,
                "59": 0.163583,
                "60": 0.164254,
                "61": 0.164022,
                "62": 0.165065,
                "63": 0.189817,
                "64": 0.207173,
                "65": 0.199005,
                "66": 0.165661,
                "67": 0.191499,
                "68": 0.206535,
                "69": 0.199296,
                "70": 0.163619,
                "71": 0.191645,
                "72": 0.206381,
                "73": 0.164095,
                "74": 0.16436,
                "75": 0.192862,
                "76": 0.207093,
                "77": 0.164567,
                "78": 0.189848,
                "79": 0.204108,
                "80": 0.162764,
                "81": 0.192009,
                "82": 0.207114,
                "83": 0.163172,
                "84": 0.163432,
                "85": 0.189681,
                "86": 0.203844,
                "87": 0.16447,
                "88": 0.190152,
                "89": 0.204546,
                "90": 0.190345,
                "91": 0.206338,
                "92": 0.20156,
                "93": 0.200825,
                "94": 0.163819,
                "95": 0.193073,
                "96": 0.204664,
                "97": 0.163423,
                "98": 0.185533
            },
            "validation_time": 0.721437,
            "epoch_time": 19.229082107543945,
            "validation_accuracy": 0.0997
        },
        "3": {
            "steps": {
                "1": 0.192711,
                "2": 0.204,
                "3": 0.16471,
                "4": 0.191395,
                "5": 0.20559,
                "6": 0.199689,
                "7": 0.191933,
                "8": 0.205772,
                "9": 0.198981,
                "10": 0.192463,
                "11": 0.204051,
                "12": 0.164501,
                "13": 0.19312,
                "14": 0.205765,
                "15": 0.190556,
                "16": 0.206686,
                "17": 0.199033,
                "18": 0.163933,
                "19": 0.190807,
                "20": 0.208638,
                "21": 0.164865,
                "22": 0.189231,
                "23": 0.206822,
                "24": 0.198639,
                "25": 0.189566,
                "26": 0.20443,
                "27": 0.163546,
                "28": 0.163445,
                "29": 0.194994,
                "30": 0.202071,
                "31": 0.164557,
                "32": 0.189964,
                "33": 0.204632,
                "34": 0.190619,
                "35": 0.206654,
                "36": 0.163966,