{
    "init": -1.0,
    "total_training": 240.00549840927124,
    "largest_real_time_delta": 236.04643750190735,
    "fit_time": 240.00549840927124,
    "write_model_time": -1.0,
    "epochs": {
        "1": {
            "steps": {
                "1": 130.944139,
                "2": 0.172191,
                "3": 0.16738,
                "4": 0.167857,
                "5": 0.16687,
                "6": 0.166928,
                "7": 0.167253,
                "8": 0.166706,
                "9": 0.166658,
                "10": 0.167018,
                "11": 0.167279,
                "12": 0.167444,
                "13": 0.166614,
                "14": 0.171973,
                "15": 0.165999,
                "16": 0.166318,
                "17": 0.165723,
                "18": 0.167567,
                "19": 0.16667,
                "20": 0.167754,
                "21": 0.167448,
                "22": 0.167466,
                "23": 0.166956,
                "24": 0.16839,
                "25": 0.166769,
                "26": 0.168343,
                "27": 0.167774,
                "28": 0.168774,
                "29": 0.167691,
                "30": 0.166229,
                "31": 0.166459,
                "32": 0.166878,
                "33": 0.167098,
                "34": 0.166476,
                "35": 0.166775,
                "36": 0.167506,
                "37": 0.166945,
                "38": 0.166742,
                "39": 0.166423,
                "40": 0.168338,
                "41": 0.166522,
                "42": 0.167736,
                "43": 0.165712,
                "44": 0.167442,
                "45": 0.166041,
                "46": 0.16651,
                "47": 0.167407,
                "48": 0.167531,
                "49": 0.166883,
                "50": 0.166862,
                "51": 0.1694,
                "52": 0.166188,
                "53": 0.166502,
                "54": 0.167897,
                "55": 0.16635,
                "56": 0.168065,
                "57": 0.16792,
                "58": 0.167079,
                "59": 0.168538,
                "60": 0.168832,
                "61": 0.16791,
                "62": 0.166985,
                "63": 0.167802,
                "64": 0.167246,
                "65": 0.167156,
                "66": 0.167046,
                "67": 0.167655,
                "68": 0.166449,
                "69": 0.166998,
                "70": 0.165917,
                "71": 0.167015,
                "72": 0.167266,
                "73": 0.166585,
                "74": 0.166965,
                "75": 0.166389,
                "76": 0.166898,
                "77": 0.167691,
                "78": 0.167109,
                "79": 0.166707,
                "80": 0.167379,
                "81": 0.167127,
                "82": 0.167494,
                "83": 0.166715,
                "84": 0.167835,
                "85": 0.166599,
                "86": 0.168038,
                "87": 0.167784,
                "88": 0.167233,
                "89": 0.165945,
                "90": 0.166705,
                "91": 0.16686,
                "92": 0.167086,
                "93": 0.167014,
                "94": 0.168548,
                "95": 0.167489,
                "96": 0.16711,
                "97": 0.166272,
                "98": 5.077154
            },
            "validation_time": 14.331553,
            "epoch_time": 167.46773743629456,
            "validation_accuracy": 0.0
        },
        "2": {
            "steps": {
                "1": 0.168187,
                "2": 0.166627,
                "3": 0.16637,
                "4": 0.16708,
                "5": 0.167552,
                "6": 0.166004,
                "7": 0.165716,
                "8": 0.166821,
                "9": 0.166231,
                "10": 0.166749,
                "11": 0.166129,
                "12": 0.166988,
                "13": 0.167675,
                "14": 0.16692,
                "15": 0.166223,
                "16": 0.16635,
                "17": 0.167307,
                "18": 0.167645,
                "19": 0.167558,
                "20": 0.167383,
                "21": 0.167452,
                "22": 0.167249,
                "23": 0.167522,
                "24": 0.166556,
                "25": 0.168015,
                "26": 0.166612,
                "27": 0.167363,
                "28": 0.167577,
                "29": 0.166747,
                "30": 0.16751,
                "31": 0.16731,
                "32": 0.168205,
                "33": 0.166973,
                "34": 0.167182,
                "35": 0.167756,
                "36": 0.166168,
                "37": 0.168258,
                "38": 0.167339,
                "39": 0.167586,
                "40": 0.166784,
                "41": 0.167467,
                "42": 0.167286,
                "43": 0.167401,
                "44": 0.166382,
                "45": 0.167942,
                "46": 0.166209,
                "47": 0.166195,
                "48": 0.167348,
                "49": 0.166858,
                "50": 0.167842,
                "51": 0.167128,
                "52": 0.168212,
                "53": 0.167587,
                "54": 0.168148,
                "55": 0.166788,
                "56": 0.167048,
                "57": 0.167902,
                "58": 0.165794,
                "59": 0.166275,
                "60": 0.16646,
                "61": 0.167018,
                "62": 0.166756,
                "63": 0.166878,
                "64": 0.166276,
                "65": 0.167826,
                "66": 0.166483,
                "67": 0.166652,
                "68": 0.166949,
                "69": 0.166821,
                "70": 0.167337,
                "71": 0.167173,
                "72": 0.167083,
                "73": 0.165877,
                "74": 0.16765,
                "75": 0.166382,
                "76": 0.167509,
                "77": 0.168089,
                "78": 0.168299,
                "79": 0.168868,
                "80": 0.168655,
                "81": 0.167961,
                "82": 0.168227,
                "83": 0.169727,
                "84": 0.169202,
                "85": 0.168186,
                "86": 0.167883,
                "87": 0.169241,
                "88": 0.169025,
                "89": 0.168103,
                "90": 0.166798,
                "91": 0.168072,
                "92": 0.169262,
                "93": 0.168852,
                "94": 0.167499,
                "95": 0.167593,
                "96": 0.166675,
                "97": 0.166862,
                "98": 0.189837
            },
            "validation_time": 0.735224,
            "epoch_time": 17.162543535232544,
            "validation_accuracy": 0.0997
        },
        "3": {
            "steps": {
                "1": 0.169041,
                "2": 0.166492,
                "3": 0.167422,
                "4": 0.166897,
                "5": 0.168118,
                "6": 0.167118,
                "7": 0.167422,
                "8": 0.167361,
                "9": 0.167831,
                "10": 0.168149,
                "11": 0.165895,
                "12": 0.167728,
                "13": 0.166955,
                "14": 0.167438,
                "15": 0.167212,
                "16": 0.166872,
                "17": 0.165871,
                "18": 0.167042,
                "19": 0.166636,
                "20": 0.166302,
                "21": 0.166722,
                "22": 0.165951,
                "23": 0.166611,
                "24": 0.166828,
                "25": 0.16603,
                "26": 0.167827,
                "27": 0.166433,
                "28": 0.166635,
                "29": 0.166415,
                "30": 0.166771,
                "31": 0.167346,
                "32": 0.167198,
                "33": 0.167401,
                "34": 0.165956,
                "35": 0.165979,
                "36": 0.165513,