{
    "init": -1.0,
    "total_training": 244.59420466423035,
    "largest_real_time_delta": 240.67452716827393,
    "fit_time": 244.59420466423035,
    "write_model_time": -1.0,
    "epochs": {
        "1": {
            "steps": {
                "1": 132.502699,
                "2": 0.198175,
                "3": 0.207005,
                "4": 0.167895,
                "5": 0.166963,
                "6": 0.167782,
                "7": 0.166859,
                "8": 0.167785,
                "9": 0.167652,
                "10": 0.167294,
                "11": 0.167591,
                "12": 0.168458,
                "13": 0.166548,
                "14": 0.166355,
                "15": 0.167133,
                "16": 0.168416,
                "17": 0.166406,
                "18": 0.167472,
                "19": 0.166465,
                "20": 0.167737,
                "21": 0.167011,
                "22": 0.167328,
                "23": 0.166845,
                "24": 0.168092,
                "25": 0.167391,
                "26": 0.166847,
                "27": 0.168016,
                "28": 0.167553,
                "29": 0.168621,
                "30": 0.167917,
                "31": 0.167861,
                "32": 0.168096,
                "33": 0.167631,
                "34": 0.167887,
                "35": 0.166739,
                "36": 0.167875,
                "37": 0.167703,
                "38": 0.167953,
                "39": 0.167818,
                "40": 0.167742,
                "41": 0.167115,
                "42": 0.16753,
                "43": 0.167462,
                "44": 0.167511,
                "45": 0.167267,
                "46": 0.166352,
                "47": 0.167925,
                "48": 0.167044,
                "49": 0.167603,
                "50": 0.167591,
                "51": 0.166923,
                "52": 0.16807,
                "53": 0.168241,
                "54": 0.167497,
                "55": 0.167586,
                "56": 0.166898,
                "57": 0.167376,
                "58": 0.167473,
                "59": 0.167803,
                "60": 0.168417,
                "61": 0.169733,
                "62": 0.167555,
                "63": 0.168337,
                "64": 0.166977,
                "65": 0.168467,
                "66": 0.16899,
                "67": 0.167123,
                "68": 0.167658,
                "69": 0.166412,
                "70": 0.167191,
                "71": 0.169589,
                "72": 0.166993,
                "73": 0.166687,
                "74": 0.16714,
                "75": 0.167912,
                "76": 0.16733,
                "77": 0.167288,
                "78": 0.167172,
                "79": 0.168865,
                "80": 0.167005,
                "81": 0.166913,
                "82": 0.168034,
                "83": 0.168017,
                "84": 0.167729,
                "85": 0.169141,
                "86": 0.168162,
                "87": 0.168863,
                "88": 0.169986,
                "89": 0.167913,
                "90": 0.168363,
                "91": 0.167868,
                "92": 0.168952,
                "93": 0.167521,
                "94": 0.16766,
                "95": 0.166946,
                "96": 0.168622,
                "97": 0.166936,
                "98": 4.802097
            },
            "validation_time": 15.566595,
            "epoch_time": 170.0943899154663,
            "validation_accuracy": 0.0999
        },
        "2": {
            "steps": {
                "1": 0.16916,
                "2": 0.167742,
                "3": 0.168166,
                "4": 0.166146,
                "5": 0.167665,
                "6": 0.167973,
                "7": 0.166587,
                "8": 0.167304,
                "9": 0.168045,
                "10": 0.167922,
                "11": 0.168642,
                "12": 0.167055,
                "13": 0.16794,
                "14": 0.167782,
                "15": 0.167921,
                "16": 0.167838,
                "17": 0.168366,
                "18": 0.166831,
                "19": 0.167555,
                "20": 0.167485,
                "21": 0.167637,
                "22": 0.168134,
                "23": 0.169031,
                "24": 0.167311,
                "25": 0.167483,
                "26": 0.168019,
                "27": 0.167729,
                "28": 0.168081,
                "29": 0.193471,
                "30": 0.207327,
                "31": 0.167277,
                "32": 0.16835,
                "33": 0.167067,
                "34": 0.167254,
                "35": 0.167283,
                "36": 0.167263,
                "37": 0.168503,
                "38": 0.166157,
                "39": 0.167092,
                "40": 0.167321,
                "41": 0.166574,
                "42": 0.168127,
                "43": 0.167212,
                "44": 0.167582,
                "45": 0.168464,
                "46": 0.167869,
                "47": 0.166065,
                "48": 0.166852,
                "49": 0.166798,
                "50": 0.166946,
                "51": 0.168083,
                "52": 0.166523,
                "53": 0.167063,
                "54": 0.167632,
                "55": 0.16668,
                "56": 0.167244,
                "57": 0.166435,
                "58": 0.176991,
                "59": 0.169718,
                "60": 0.167499,
                "61": 0.167023,
                "62": 0.167486,
                "63": 0.166827,
                "64": 0.16614,
                "65": 0.167593,
                "66": 0.167266,
                "67": 0.166707,
                "68": 0.167577,
                "69": 0.16759,
                "70": 0.168015,
                "71": 0.167766,
                "72": 0.166794,
                "73": 0.168301,
                "74": 0.166702,
                "75": 0.167827,
                "76": 0.168878,
                "77": 0.166756,
                "78": 0.166892,
                "79": 0.168138,
                "80": 0.167841,
                "81": 0.166902,
                "82": 0.166884,
                "83": 0.166861,
                "84": 0.167649,
                "85": 0.168093,
                "86": 0.16756,
                "87": 0.168185,
                "88": 0.168479,
                "89": 0.167274,
                "90": 0.167486,
                "91": 0.167473,
                "92": 0.167535,
                "93": 0.1672,
                "94": 0.167174,
                "95": 0.166688,
                "96": 0.168498,
                "97": 0.167016,
                "98": 0.194903
            },
            "validation_time": 0.725431,
            "epoch_time": 17.251578330993652,
            "validation_accuracy": 0.1002
        },
        "3": {
            "steps": {
                "1": 0.16846,
                "2": 0.167912,
                "3": 0.168456,
                "4": 0.168076,
                "5": 0.167364,
                "6": 0.167584,
                "7": 0.168377,
                "8": 0.176841,
                "9": 0.167442,
                "10": 0.170014,
                "11": 0.167118,
                "12": 0.168176,
                "13": 0.167242,
                "14": 0.168484,
                "15": 0.169481,
                "16": 0.167084,
                "17": 0.167404,
                "18": 0.16797,
                "19": 0.168135,
                "20": 0.167226,
                "21": 0.168495,
                "22": 0.166992,
                "23": 0.193992,
                "24": 0.206358,
                "25": 0.167311,
                "26": 0.169312,
                "27": 0.168288,
                "28": 0.167689,
                "29": 0.16781,
                "30": 0.168256,
                "31": 0.167739,
                "32": 0.168338,
                "33": 0.167062,
                "34": 0.168012,
                "35": 0.167423,
                "36": 0.167004,