{
    "init": -1.0,
    "total_training": 18.37088179588318,
    "largest_real_time_delta": 15.503673553466797,
    "fit_time": -1.0,
    "write_model_time": -1.0,
    "epochs": {
        "1": {
            "steps": {
                "1": 2.879218,
                "2": 0.040163,
                "3": 0.039049,
                "4": 0.039584,
                "5": 0.039883,
                "6": 0.03942,
                "7": 0.039421,
                "8": 0.039608,
                "9": 0.039202,
                "10": 0.039668,
                "11": 0.039841,
                "12": 0.03919,
                "13": 0.039695,
                "14": 0.04067,
                "15": 0.039636,
                "16": 0.038704,
                "17": 0.038164,
                "18": 0.038071,
                "19": 0.038778,
                "20": 0.039697,
                "21": 0.040028,
                "22": 0.039275,
                "23": 0.039375,
                "24": 0.039643,
                "25": 0.040692,
                "26": 0.039911,
                "27": 0.039365,
                "28": 0.039475,
                "29": 0.040047,
                "30": 0.04048,
                "31": 0.039363,
                "32": 0.039428,
                "33": 0.039333,
                "34": 0.039117,
                "35": 0.039041,
                "36": 0.038255,
                "37": 0.038112,
                "38": 0.039225,
                "39": 0.040512,
                "40": 0.040743,
                "41": 0.040698,
                "42": 0.039864,
                "43": 0.039952,
                "44": 0.039594,
                "45": 0.039623,
                "46": 0.03921,
                "47": 0.039479,
                "48": 0.039369,
                "49": 0.03984,
                "50": 0.039445,
                "51": 0.039537,
                "52": 0.039739,
                "53": 0.039469,
                "54": 0.039409,
                "55": 0.039071,
                "56": 0.038219,
                "57": 0.038123,
                "58": 0.038699,
                "59": 0.252111
            },
            "validation_accuracy": 0.9381,
            "validation_time": 0.259354,
            "epoch_time": 5.643530607223511
        },
        "2": {
            "steps": {
                "1": 0.040307,
                "2": 0.038819,
                "3": 0.038176,
                "4": 0.038223,
                "5": 0.03958,
                "6": 0.039949,
                "7": 0.039722,
                "8": 0.039977,
                "9": 0.039122,
                "10": 0.040165,
                "11": 0.039787,
                "12": 0.040165,
                "13": 0.03985,
                "14": 0.039757,
                "15": 0.039789,
                "16": 0.039456,
                "17": 0.040982,
                "18": 0.041117,
                "19": 0.040792,
                "20": 0.039964,
                "21": 0.039838,
                "22": 0.03975,
                "23": 0.040231,
                "24": 0.039201,
                "25": 0.039833,
                "26": 0.038749,
                "27": 0.038592,
                "28": 0.03783,
                "29": 0.038894,
                "30": 0.039495,
                "31": 0.039982,
                "32": 0.040069,
                "33": 0.040057,
                "34": 0.039542,
                "35": 0.040308,
                "36": 0.039332,
                "37": 0.039781,
                "38": 0.039913,
                "39": 0.040115,
                "40": 0.039479,
                "41": 0.039863,
                "42": 0.039502,
                "43": 0.039804,
                "44": 0.039106,
                "45": 0.039604,
                "46": 0.038685,
                "47": 0.038476,
                "48": 0.038519,
                "49": 0.040305,
                "50": 0.040432,
                "51": 0.040449,
                "52": 0.03971,
                "53": 0.040088,
                "54": 0.039579,
                "55": 0.039945,
                "56": 0.039552,
                "57": 0.039811,
                "58": 0.039194,
                "59": 0.025513
            },
            "validation_accuracy": 0.9643,
            "validation_time": 0.120783,
            "epoch_time": 2.447816848754883
        },
        "3": {
            "steps": {
                "1": 0.037995,
                "2": 0.039151,
                "3": 0.039904,
                "4": 0.040239,
                "5": 0.039833,
                "6": 0.040696,
                "7": 0.039932,
                "8": 0.040679,
                "9": 0.04032,
                "10": 0.04004,
                "11": 0.039837,
                "12": 0.040147,
                "13": 0.039508,
                "14": 0.039982,
                "15": 0.039999,
                "16": 0.039918,
                "17": 0.039254,
                "18": 0.039694,
                "19": 0.039123,
                "20": 0.038866,
                "21": 0.038272,
                "22": 0.038828,
                "23": 0.041184,
                "24": 0.041042,
                "25": 0.040134,
                "26": 0.040515,
                "27": 0.039921,
                "28": 0.039509,
                "29": 0.039471,
                "30": 0.040655,
                "31": 0.040179,
                "32": 0.04043,
                "33": 0.040102,
                "34": 0.040618,
                "35": 0.040115,
                "36": 0.04042,
                "37": 0.040169,
                "38": 0.039725,
                "39": 0.040086,
                "40": 0.039747,
                "41": 0.039922,
                "42": 0.039661,
                "43": 0.040654,
                "44": 0.040385,
                "45": 0.040301,
                "46": 0.039625,
                "47": 0.040152,
                "48": 0.03956,
                "49": 0.039585,
                "50": 0.039554,
                "51": 0.039723,
                "52": 0.03904,
                "53": 0.038759,
                "54": 0.038026,
                "55": 0.038979,
                "56": 0.040422,
                "57": 0.040247,
                "58": 0.039438,
                "59": 0.025771
            },
            "validation_accuracy": 0.9757,
            "validation_time": 0.119998,
            "epoch_time": 2.458228588104248
        },
        "4": {
            "steps": {
                "1": 0.037806,
                "2": 0.038078,
                "3": 0.039187,
                "4": 0.040157,
                "5": 0.040649,
                "6": 0.040242,
                "7": 0.04072,
                "8": 0.040247,
                "9": 0.041059,
                "10": 0.040393,
                "11": 0.040619,
                "12": 0.040236,
                "13": 0.040524,
                "14": 0.039588,
                "15": 0.040655,
                "16": 0.040092,
                "17": 0.040668,
                "18": 0.039682,
                "19": 0.039696,
                "20": 0.040163,
                "21": 0.040994,
                "22": 0.040328,
                "23": 0.041023,
                "24": 0.040223,
                "25": 0.040565,
                "26": 0.040068,
                "27": 0.039792,
                "28": 0.039515,
                "29": 0.040763,
                "30": 0.039965,
                "31": 0.040477,
                "32": 0.040209,
                "33": 0.040455,
                "34": 0.040093,
                "35": 0.040628,
                "36": 0.039842,
                "37": 0.040234,
                "38": 0.04024,
                "39": 0.040816,
                "40": 0.039963,
                "41": 0.040675,
                "42": 0.03982,
                "43": 0.040205,
                "44": 0.039712,
                "45": 0.039993,
                "46": 0.0403,
                "47": 0.040607,
                "48": 0.040278,
                "49": 0.04035,
                "50": 0.039596,