{
    "init": 7.830712080001831,
    "total_training": 71.1815838814,
    "largest_real_time_delta": 60.549999952316284,
    "fit_time": 63.0229611397,
    "write_model_time": 0.327875852585,
    "epochs": {
        "1": {
            "steps": {
                "1": 21.4785339832,
                "2": 0.0966610908508,
                "3": 0.100130081177,
                "4": 0.0952100753784,
                "5": 0.0931510925293,
                "6": 0.0937330722809,
                "7": 0.0973999500275,
                "8": 0.0955729484558,
                "9": 0.0948610305786,
                "10": 0.0939271450043,
                "11": 0.100980043411,
                "12": 0.0943880081177,
                "13": 0.0949881076813,
                "14": 0.0934319496155,
                "15": 0.101504802704,
                "16": 0.096440076828,
                "17": 0.0947139263153,
                "18": 0.0939559936523,
                "19": 0.100760936737,
                "20": 0.0944418907166,
                "21": 0.0959510803223,
                "22": 0.0935478210449,
                "23": 0.0990209579468,
                "24": 0.0959510803223,
                "25": 0.0955190658569,
                "26": 0.0930230617523,
                "27": 0.101019859314,
                "28": 0.0939269065857,
                "29": 0.0945520401001,
                "30": 0.0935909748077,
                "31": 0.101696014404,
                "32": 0.0945110321045,
                "33": 0.0938467979431,
                "34": 0.0925500392914,
                "35": 0.0989098548889,
                "36": 0.0941870212555,
                "37": 0.0950989723206,
                "38": 0.0923159122467,
                "39": 0.100785017014,
                "40": 0.0938980579376,
                "41": 0.0948600769043,
                "42": 0.0937759876251,
                "43": 0.101427078247,
                "44": 0.0935969352722,
                "45": 0.095743894577,
                "46": 0.0941030979156,
                "47": 0.101386070251,
                "48": 0.094447851181,
                "49": 0.0950748920441,
                "50": 0.0942821502686,
                "51": 0.101411104202,
                "52": 0.0933330059052,
                "53": 0.0948600769043,
                "54": 0.093672990799,
                "55": 0.099681854248,
                "56": 0.0930891036987,
                "57": 0.0951671600342,
                "58": 0.0929291248322,
                "59": 0.0996079444885,
                "60": 0.0936589241028,
                "61": 0.0944249629974,
                "62": 0.0933570861816,
                "63": 0.099898815155,
                "64": 0.0956571102142,
                "65": 0.0948321819305,
                "66": 0.0937390327454,
                "67": 0.0989410877228,
                "68": 0.0942339897156,
                "69": 0.0953090190887,
                "70": 0.0939469337463,
                "71": 0.101542949677,
                "72": 0.094388961792,
                "73": 0.0956828594208,
                "74": 0.0956370830536,
                "75": 0.0999839305878,
                "76": 0.0942161083221,
                "77": 0.0949921607971,
                "78": 0.0943779945374,
                "79": 0.0973031520844,
                "80": 0.117841959
            },
            "validation_accuracy": 0.9151,
            "validation_time": 0.518826007843,
            "epoch_time": 29.6033859253
        },
        "2": {
            "steps": {
                "1": 0.0956358909607,
                "2": 0.0951421260834,
                "3": 0.0950601100922,
                "4": 0.10010099411,
                "5": 0.0953748226166,
                "6": 0.0956511497498,
                "7": 0.0960438251495,
                "8": 0.102864027023,
                "9": 0.0962870121002,
                "10": 0.0958490371704,
                "11": 0.0962121486664,
                "12": 0.100182056427,
                "13": 0.0956749916077,
                "14": 0.0947890281677,
                "15": 0.0968289375305,
                "16": 0.0997550487518,
                "17": 0.0950729846954,
                "18": 0.0964331626892,
                "19": 0.0962619781494,
                "20": 0.100682020187,
                "21": 0.0947089195251,
                "22": 0.0942151546478,
                "23": 0.0956490039825,
                "24": 0.0996840000153,
                "25": 0.0961267948151,
                "26": 0.0950210094452,
                "27": 0.0956449508667,
                "28": 0.0987069606781,
                "29": 0.0950961112976,
                "30": 0.0946781635284,
                "31": 0.0946161746979,
                "32": 0.10133600235,
                "33": 0.0945959091187,
                "34": 0.0953481197357,
                "35": 0.0940001010895,
                "36": 0.0988929271698,
                "37": 0.0939199924469,
                "38": 0.0958018302917,
                "39": 0.0947871208191,
                "40": 0.0990331172943,
                "41": 0.0965139865875,
                "42": 0.096039056778,
                "43": 0.0943810939789,
                "44": 0.0969841480255,
                "45": 0.0955038070679,
                "46": 0.0941140651703,
                "47": 0.0953269004822,
                "48": 0.0989720821381,
                "49": 0.0939989089966,
                "50": 0.0935890674591,
                "51": 0.0962100028992,
                "52": 0.0972850322723,
                "53": 0.0960080623627,
                "54": 0.0937161445618,
                "55": 0.094743013382,
                "56": 0.100122928619,
                "57": 0.0946600437164,
                "58": 0.0936000347137,
                "59": 0.0959119796753,
                "60": 0.0984370708466,
                "61": 0.0953860282898,
                "62": 0.0945639610291,
                "63": 0.0942599773407,
                "64": 0.100719928741,
                "65": 0.09334897995,
                "66": 0.0947749614716,
                "67": 0.0950009822845,
                "68": 0.0985748767853,
                "69": 0.094761133194,
                "70": 0.0958437919617,
                "71": 0.0957281589508,
                "72": 0.0987739562988,
                "73": 0.0973889827728,
                "74": 0.095675945282,
                "75": 0.0956718921661,
                "76": 0.0998041629791,
                "77": 0.0971591472626,
                "78": 0.094621181488,
                "79": 0.0913090705872,
                "80": 0.0730609893799
            },
            "validation_accuracy": 0.9528,
            "validation_time": 0.0413010120392,
            "epoch_time": 7.72156906128
        },
        "3": {
            "steps": {
                "1": 0.100689888,
                "2": 0.0994489192963,
                "3": 0.097158908844,
                "4": 0.0957541465759,
                "5": 0.0951759815216,
                "6": 0.0967271327972,
                "7": 0.0969378948212,
                "8": 0.0968599319458,
                "9": 0.0955810546875,
                "10": 0.097118139267,
                "11": 0.098023891449,
                "12": 0.0972838401794,
                "13": 0.0941240787506,
                "14": 0.095801115036,
                "15": 0.0976929664612,
                "16": 0.0963761806488,
                "17": 0.0958690643311,
                "18": 0.0954320430756,
                "19": 0.097503900528,
                "20": 0.0962281227112,
                "21": 0.0960309505463,
                "22": 0.0962159633636,
                "23": 0.0973191261292,
                "24": 0.0962381362915,
                "25": 0.0963439941406,
                "26": 0.0957701206207,
                "27": 0.0969769954681,
                "28": 0.0961229801178,
                "29": 0.0953361988068,
                "30": 0.0955591201782,