{
    "init": -1.0,
    "total_training": 121.34806680679321,
    "largest_real_time_delta": 117.9905047416687,
    "fit_time": 121.34806680679321,
    "write_model_time": -1.0,
    "epochs": {
        "1": {
            "steps": {
                "1": 17.138369,
                "2": 0.336006,
                "3": 0.332445,
                "4": 0.335436,
                "5": 0.337631,
                "6": 0.335188,
                "7": 0.337231,
                "8": 0.340259,
                "9": 0.336455,
                "10": 0.336203,
                "11": 0.342824,
                "12": 0.32314,
                "13": 0.335963,
                "14": 0.340314,
                "15": 0.329911,
                "16": 0.330093,
                "17": 0.340441,
                "18": 0.337265,
                "19": 0.333977,
                "20": 0.335835,
                "21": 0.338006,
                "22": 0.337575,
                "23": 0.330045,
                "24": 0.338233,
                "25": 0.338004,
                "26": 0.336423,
                "27": 0.337098,
                "28": 0.338295,
                "29": 0.336193,
                "30": 0.33534,
                "31": 0.339581,
                "32": 0.335374,
                "33": 0.339107,
                "34": 0.336124,
                "35": 0.342111,
                "36": 0.341814,
                "37": 0.341131,
                "38": 0.336271,
                "39": 0.33693,
                "40": 0.336556,
                "41": 0.337628,
                "42": 0.343483,
                "43": 0.339091,
                "44": 0.335472,
                "45": 0.343166,
                "46": 0.341308,
                "47": 0.336142,
                "48": 0.342085,
                "49": 6.444421
            },
            "validation_time": 4.744236,
            "epoch_time": 44.92057156562805
        },
        "2": {
            "steps": {
                "1": 0.349977,
                "2": 0.339719,
                "3": 0.341029,
                "4": 0.34571,
                "5": 0.348201,
                "6": 0.341331,
                "7": 0.347809,
                "8": 0.346628,
                "9": 0.344718,
                "10": 0.344025,
                "11": 0.345826,
                "12": 0.343946,
                "13": 0.345251,
                "14": 0.347587,
                "15": 0.34524,
                "16": 0.351719,
                "17": 0.340087,
                "18": 0.3499,
                "19": 0.350924,
                "20": 0.343968,
                "21": 0.350366,
                "22": 0.345742,
                "23": 0.347246,
                "24": 0.348731,
                "25": 0.346776,
                "26": 0.348759,
                "27": 0.347607,
                "28": 0.351434,
                "29": 0.347443,
                "30": 0.350076,
                "31": 0.351466,
                "32": 0.350732,
                "33": 0.347634,
                "34": 0.346943,
                "35": 0.354913,
                "36": 0.352303,
                "37": 0.34728,
                "38": 0.351243,
                "39": 0.351243,
                "40": 0.350105,
                "41": 0.352006,
                "42": 0.348581,
                "43": 0.351592,
                "44": 0.349924,
                "45": 0.354229,
                "46": 0.352121,
                "47": 0.351799,
                "48": 0.351684,
                "49": 0.301656
            },
            "validation_time": 0.827631,
            "epoch_time": 17.846214294433594
        },
        "3": {
            "steps": {
                "1": 0.347354,
                "2": 0.346326,
                "3": 0.357312,
                "4": 0.354593,
                "5": 0.348439,
                "6": 0.351078,
                "7": 0.35531,
                "8": 0.344055,
                "9": 0.353404,
                "10": 0.351714,
                "11": 0.349933,
                "12": 0.3543,
                "13": 0.351854,
                "14": 0.350783,
                "15": 0.352445,
                "16": 0.353067,
                "17": 0.349791,
                "18": 0.353922,
                "19": 0.357805,
                "20": 0.353621,
                "21": 0.353562,
                "22": 0.353351,
                "23": 0.357458,
                "24": 0.352274,
                "25": 0.353281,
                "26": 0.35432,
                "27": 0.350713,
                "28": 0.355789,
                "29": 0.354591,
                "30": 0.355986,
                "31": 0.35673,
                "32": 0.355485,
                "33": 0.353961,
                "34": 0.355137,
                "35": 0.3531,
                "36": 0.353017,
                "37": 0.352377,
                "38": 0.356476,
                "39": 0.35597,
                "40": 0.351448,
                "41": 0.356122,
                "42": 0.35148,
                "43": 0.35485,
                "44": 0.357408,
                "45": 0.354592,
                "46": 0.354525,
                "47": 0.357761,
                "48": 0.35569,
                "49": 0.310217
            },
            "validation_time": 0.833006,
            "epoch_time": 18.111191034317017
        },
        "4": {
            "steps": {
                "1": 0.352215,
                "2": 0.353407,
                "3": 0.363983,
                "4": 0.355687,
                "5": 0.352473,
                "6": 0.359992,
                "7": 0.362163,
                "8": 0.35796,
                "9": 0.359728,
                "10": 0.35852,
                "11": 0.358229,
                "12": 0.361644,
                "13": 0.355724,
                "14": 0.358451,
                "15": 0.357823,
                "16": 0.36099,
                "17": 0.359279,
                "18": 0.362337,
                "19": 0.356807,
                "20": 0.361737,
                "21": 0.360476,
                "22": 0.360147,
                "23": 0.361197,
                "24": 0.359684,
                "25": 0.359336,
                "26": 0.356563,
                "27": 0.360985,
                "28": 0.361827,
                "29": 0.363146,
                "30": 0.363814,
                "31": 0.357141,
                "32": 0.356951,
                "33": 0.360507,
                "34": 0.365266,
                "35": 0.360457,
                "36": 0.363152,
                "37": 0.362263,
                "38": 0.364995,
                "39": 0.363294,
                "40": 0.362351,
                "41": 0.365098,
                "42": 0.360589,
                "43": 0.360927,
                "44": 0.361333,
                "45": 0.360923,
                "46": 0.361442,
                "47": 0.3584,
                "48": 0.361182,
                "49": 0.310945
            },
            "validation_time": 0.845368,
            "epoch_time": 18.4424090385437
        },
        "5": {
            "steps": {
                "1": 0.361183,
                "2": 0.357756,
                "3": 0.36675,
                "4": 0.360791,
                "5": 0.359875,
                "6": 0.366549,
                "7": 0.364088,
                "8": 0.364094,
                "9": 0.36321,
                "10": 0.363262,
                "11": 0.361428,
                "12": 0.362579,
                "13": 0.364832,
                "14": 0.360953,
                "15": 0.364271,
                "16": 0.364824,
                "17": 0.363448,
                "18": 0.36483,
                "19": 0.366601,
                "20": 0.362411,
                "21": 0.366737,
                "22": 0.365286,
                "23": 0.360638,
                "24": 0.36857,
                "25": 0.365417,
                "26": 0.361069,
                "27": 0.365663,
                "28": 0.368113,
                "29": 0.362995,
                "30": 0.359394,