{
    "init": -1.0,
    "total_training": 214.33364748954773,
    "largest_real_time_delta": 210.41452741622925,
    "fit_time": 214.33364748954773,
    "write_model_time": -1.0,
    "epochs": {
        "1": {
            "steps": {
                "1": 138.771746,
                "2": 0.281451,
                "3": 0.280298,
                "4": 0.280818,
                "5": 0.282142,
                "6": 0.360429,
                "7": 0.359324,
                "8": 0.356906,
                "9": 0.356479,
                "10": 0.361487,
                "11": 0.358696,
                "12": 0.365196,
                "13": 0.358595,
                "14": 0.35854,
                "15": 0.360219,
                "16": 0.356438,
                "17": 0.350366,
                "18": 0.356762,
                "19": 0.357169,
                "20": 0.356062,
                "21": 0.363155,
                "22": 0.356095,
                "23": 0.358796,
                "24": 0.357706,
                "25": 7.731597
            },
            "validation_time": 17.21774,
            "epoch_time": 172.86963963508606,
            "validation_accuracy": 0.0
        },
        "2": {
            "steps": {
                "1": 0.283169,
                "2": 0.356372,
                "3": 0.355639,
                "4": 0.354704,
                "5": 0.351821,
                "6": 0.353707,
                "7": 0.362992,
                "8": 0.362591,
                "9": 0.350493,
                "10": 0.358638,
                "11": 0.353155,
                "12": 0.357116,
                "13": 0.363425,
                "14": 0.358009,
                "15": 0.360374,
                "16": 0.364572,
                "17": 0.362308,
                "18": 0.364084,
                "19": 0.357468,
                "20": 0.362928,
                "21": 0.36118,
                "22": 0.362107,
                "23": 0.365917,
                "24": 0.363084,
                "25": 0.334405
            },
            "validation_time": 0.408098,
            "epoch_time": 9.296049118041992,
            "validation_accuracy": 0.0998
        },
        "3": {
            "steps": {
                "1": 0.366251,
                "2": 0.361006,
                "3": 0.357123,
                "4": 0.357256,
                "5": 0.353265,
                "6": 0.362344,
                "7": 0.359275,
                "8": 0.364521,
                "9": 0.366443,
                "10": 0.360829,
                "11": 0.362316,
                "12": 0.358561,
                "13": 0.365636,
                "14": 0.360283,
                "15": 0.364459,
                "16": 0.363058,
                "17": 0.363865,
                "18": 0.361683,
                "19": 0.358483,
                "20": 0.363729,
                "21": 0.361332,
                "22": 0.364628,
                "23": 0.363369,
                "24": 0.357251,
                "25": 0.292141
            },
            "validation_time": 0.409979,
            "epoch_time": 9.38695740699768,
            "validation_accuracy": 0.0
        },
        "4": {
            "steps": {
                "1": 0.35422,
                "2": 0.359855,
                "3": 0.358794,
                "4": 0.365792,
                "5": 0.362409,
                "6": 0.365255,
                "7": 0.363703,
                "8": 0.364182,
                "9": 0.363686,
                "10": 0.361771,
                "11": 0.356622,
                "12": 0.362558,
                "13": 0.364182,
                "14": 0.363773,
                "15": 0.360658,
                "16": 0.364396,
                "17": 0.362351,
                "18": 0.356967,
                "19": 0.356613,
                "20": 0.352268,
                "21": 0.362356,
                "22": 0.364719,
                "23": 0.364791,
                "24": 0.364014,
                "25": 0.329271
            },
            "validation_time": 0.406622,
            "epoch_time": 9.41941213607788,
            "validation_accuracy": 0.1001
        },
        "5": {
            "steps": {
                "1": 0.360317,
                "2": 0.35883,
                "3": 0.360999,
                "4": 0.363692,
                "5": 0.359349,
                "6": 0.361798,
                "7": 0.35692,
                "8": 0.363016,
                "9": 0.362944,
                "10": 0.366088,
                "11": 0.364968,
                "12": 0.364398,
                "13": 0.365094,
                "14": 0.363924,
                "15": 0.364604,
                "16": 0.360113,
                "17": 0.361697,
                "18": 0.3603,
                "19": 0.361139,
                "20": 0.36073,
                "21": 0.363355,
                "22": 0.363497,
                "23": 0.364831,
                "24": 0.361917,
                "25": 0.330097
            },
            "validation_time": 0.408942,
            "epoch_time": 9.441517114639282,
            "validation_accuracy": 0.0998
        }
    },
    "computing_system": "p2-8",
    "batch_size": "2048"
}
