{
    "init": -1.0,
    "total_training": 219.3817310333252,
    "largest_real_time_delta": 215.3440318107605,
    "fit_time": 219.3817310333252,
    "write_model_time": -1.0,
    "epochs": {
        "1": {
            "steps": {
                "1": 142.86532,
                "2": 0.283069,
                "3": 0.357903,
                "4": 0.353791,
                "5": 0.353677,
                "6": 0.354812,
                "7": 0.359113,
                "8": 0.358942,
                "9": 0.354909,
                "10": 0.355692,
                "11": 0.359396,
                "12": 0.357025,
                "13": 0.359028,
                "14": 0.356519,
                "15": 0.355748,
                "16": 0.353834,
                "17": 0.356083,
                "18": 0.356551,
                "19": 0.354997,
                "20": 0.356225,
                "21": 0.357477,
                "22": 0.354753,
                "23": 0.357101,
                "24": 0.351589,
                "25": 8.095623
            },
            "validation_time": 17.783345,
            "epoch_time": 178.09977841377258,
            "validation_accuracy": 0.0
        },
        "2": {
            "steps": {
                "1": 0.281099,
                "2": 0.351503,
                "3": 0.359295,
                "4": 0.35305,
                "5": 0.356479,
                "6": 0.358102,
                "7": 0.35583,
                "8": 0.36003,
                "9": 0.357849,
                "10": 0.355629,
                "11": 0.354242,
                "12": 0.356409,
                "13": 0.358014,
                "14": 0.356319,
                "15": 0.359052,
                "16": 0.351387,
                "17": 0.356375,
                "18": 0.359302,
                "19": 0.357619,
                "20": 0.355362,
                "21": 0.357006,
                "22": 0.358931,
                "23": 0.356866,
                "24": 0.357092,
                "25": 0.33002
            },
            "validation_time": 0.412097,
            "epoch_time": 9.232717514038086,
            "validation_accuracy": 0.0
        },
        "3": {
            "steps": {
                "1": 0.357635,
                "2": 0.360416,
                "3": 0.358227,
                "4": 0.358709,
                "5": 0.349502,
                "6": 0.357606,
                "7": 0.356387,
                "8": 0.359087,
                "9": 0.358213,
                "10": 0.357008,
                "11": 0.352748,
                "12": 0.360233,
                "13": 0.360536,
                "14": 0.357001,
                "15": 0.354282,
                "16": 0.357038,
                "17": 0.358476,
                "18": 0.358099,
                "19": 0.356966,
                "20": 0.358872,
                "21": 0.355995,
                "22": 0.356513,
                "23": 0.358566,
                "24": 0.354652,
                "25": 0.329765
            },
            "validation_time": 0.415173,
            "epoch_time": 9.325607776641846,
            "validation_accuracy": 0.0213
        },
        "4": {
            "steps": {
                "1": 0.359181,
                "2": 0.358925,
                "3": 0.35726,
                "4": 0.355301,
                "5": 0.359853,
                "6": 0.359279,
                "7": 0.35857,
                "8": 0.357808,
                "9": 0.359652,
                "10": 0.360166,
                "11": 0.35869,
                "12": 0.360006,
                "13": 0.357336,
                "14": 0.358922,
                "15": 0.359788,
                "16": 0.358865,
                "17": 0.358564,
                "18": 0.359428,
                "19": 0.358905,
                "20": 0.360139,
                "21": 0.361558,
                "22": 0.360943,
                "23": 0.357881,
                "24": 0.359602,
                "25": 0.291462
            },
            "validation_time": 0.414911,
            "epoch_time": 9.33077073097229,
            "validation_accuracy": 0.0
        },
        "5": {
            "steps": {
                "1": 0.360893,
                "2": 0.360001,
                "3": 0.357654,
                "4": 0.356563,
                "5": 0.359511,
                "6": 0.360725,
                "7": 0.356214,
                "8": 0.356388,
                "9": 0.357097,
                "10": 0.359517,
                "11": 0.361187,
                "12": 0.359878,
                "13": 0.358016,
                "14": 0.358274,
                "15": 0.358919,
                "16": 0.356083,
                "17": 0.358754,
                "18": 0.36064,
                "19": 0.358893,
                "20": 0.359243,
                "21": 0.35893,
                "22": 0.361441,
                "23": 0.355241,
                "24": 0.355942,
                "25": 0.326412
            },
            "validation_time": 0.413526,
            "epoch_time": 9.35418701171875,
            "validation_accuracy": 0.0987
        }
    },
    "computing_system": "p2-8",
    "batch_size": "2048"
}
