{
    "init": -1.0,
    "total_training": 219.49545907974243,
    "largest_real_time_delta": 215.43332171440125,
    "fit_time": 219.49545907974243,
    "write_model_time": -1.0,
    "epochs": {
        "1": {
            "steps": {
                "1": 142.689273,
                "2": 0.359957,
                "3": 0.357934,
                "4": 0.35535,
                "5": 0.355264,
                "6": 0.357243,
                "7": 0.354597,
                "8": 0.356981,
                "9": 0.356337,
                "10": 0.356743,
                "11": 0.357565,
                "12": 0.357004,
                "13": 0.354503,
                "14": 0.354146,
                "15": 0.355175,
                "16": 0.355833,
                "17": 0.356686,
                "18": 0.354962,
                "19": 0.358179,
                "20": 0.356964,
                "21": 0.355965,
                "22": 0.35735,
                "23": 0.357454,
                "24": 0.354605,
                "25": 7.73148
            },
            "validation_time": 18.903606,
            "epoch_time": 178.56807136535645,
            "validation_accuracy": 0.1001
        },
        "2": {
            "steps": {
                "1": 0.278527,
                "2": 0.277745,
                "3": 0.279453,
                "4": 0.278908,
                "5": 0.278765,
                "6": 0.355144,
                "7": 0.352279,
                "8": 0.354201,
                "9": 0.353744,
                "10": 0.354721,
                "11": 0.354128,
                "12": 0.356151,
                "13": 0.353597,
                "14": 0.355785,
                "15": 0.352432,
                "16": 0.350336,
                "17": 0.35108,
                "18": 0.349736,
                "19": 0.356873,
                "20": 0.358146,
                "21": 0.357835,
                "22": 0.359174,
                "23": 0.358066,
                "24": 0.352069,
                "25": 0.338515
            },
            "validation_time": 0.417032,
            "epoch_time": 8.892500638961792,
            "validation_accuracy": 0.0
        },
        "3": {
            "steps": {
                "1": 0.360572,
                "2": 0.356213,
                "3": 0.360289,
                "4": 0.35666,
                "5": 0.356543,
                "6": 0.358338,
                "7": 0.358545,
                "8": 0.359115,
                "9": 0.356246,
                "10": 0.358155,
                "11": 0.358518,
                "12": 0.358725,
                "13": 0.359612,
                "14": 0.359552,
                "15": 0.356363,
                "16": 0.357387,
                "17": 0.355457,
                "18": 0.35656,
                "19": 0.357914,
                "20": 0.357577,
                "21": 0.358681,
                "22": 0.358222,
                "23": 0.358187,
                "24": 0.354808,
                "25": 0.332469
            },
            "validation_time": 0.410335,
            "epoch_time": 9.339221239089966,
            "validation_accuracy": 0.0
        },
        "4": {
            "steps": {
                "1": 0.360358,
                "2": 0.359517,
                "3": 0.355283,
                "4": 0.351959,
                "5": 0.357435,
                "6": 0.353572,
                "7": 0.355055,
                "8": 0.357003,
                "9": 0.355398,
                "10": 0.356794,
                "11": 0.357081,
                "12": 0.358421,
                "13": 0.357018,
                "14": 0.356345,
                "15": 0.353505,
                "16": 0.353069,
                "17": 0.357177,
                "18": 0.360039,
                "19": 0.356497,
                "20": 0.353852,
                "21": 0.3582,
                "22": 0.355672,
                "23": 0.360983,
                "24": 0.356044,
                "25": 0.335004
            },
            "validation_time": 0.415443,
            "epoch_time": 9.315032482147217,
            "validation_accuracy": 0.1001
        },
        "5": {
            "steps": {
                "1": 0.358576,
                "2": 0.357045,
                "3": 0.356113,
                "4": 0.358892,
                "5": 0.358522,
                "6": 0.357654,
                "7": 0.358631,
                "8": 0.357372,
                "9": 0.356558,
                "10": 0.356634,
                "11": 0.358051,
                "12": 0.357117,
                "13": 0.355642,
                "14": 0.355,
                "15": 0.35711,
                "16": 0.356432,
                "17": 0.356499,
                "18": 0.355817,
                "19": 0.35489,
                "20": 0.357522,
                "21": 0.352763,
                "22": 0.358126,
                "23": 0.359369,
                "24": 0.354311,
                "25": 0.331187
            },
            "validation_time": 0.413722,
            "epoch_time": 9.317459106445312,
            "validation_accuracy": 0.1001
        }
    },
    "computing_system": "p2-8",
    "batch_size": "2048"
}
