{
    "init": 7.8729448318481445,
    "total_training": 53.8144519329,
    "largest_real_time_delta": 43.15999984741211,
    "epochs": {
        "1": {
            "steps": {
                "1": 21.8815398216,
                "2": 0.205836057663,
                "3": 0.204979896545,
                "4": 0.206161022186,
                "5": 0.204461812973,
                "6": 0.204688072205,
                "7": 0.204433917999,
                "8": 0.206999063492,
                "9": 0.205436944962,
                "10": 0.205543041229,
                "11": 0.206000089645,
                "12": 0.205962181091,
                "13": 0.204092025757,
                "14": 0.205756902695,
                "15": 0.203797101974,
                "16": 0.206480979919,
                "17": 0.204885005951,
                "18": 0.205599069595,
                "19": 0.199928045273,
                "20": 0.574911117554
            },
            "validation_time": 0.57049202919,
            "epoch_time": 26.7454471588
        },
        "2": {
            "steps": {
                "1": 0.20437002182,
                "2": 0.208428859711,
                "3": 0.203918218613,
                "4": 0.204787969589,
                "5": 0.204793930054,
                "6": 0.208981990814,
                "7": 0.2045109272,
                "8": 0.203444004059,
                "9": 0.205495119095,
                "10": 0.208321809769,
                "11": 0.204385995865,
                "12": 0.203494787216,
                "13": 0.204964160919,
                "14": 0.20813202858,
                "15": 0.204643011093,
                "16": 0.203557014465,
                "17": 0.204648017883,
                "18": 0.207529783249,
                "19": 0.199171066284,
                "20": 0.138878107071
            },
            "validation_time": 0.0409939289093,
            "epoch_time": 4.10480904579
        },
        "3": {
            "steps": {
                "1": 0.20564699173,
                "2": 0.20464015007,
                "3": 0.20643901825,
                "4": 0.203763008118,
                "5": 0.205552101135,
                "6": 0.204330921173,
                "7": 0.20525598526,
                "8": 0.206232070923,
                "9": 0.207399129868,
                "10": 0.205394983292,
                "11": 0.206881999969,
                "12": 0.205492973328,
                "13": 0.207235097885,
                "14": 0.205796003342,
                "15": 0.205282926559,
                "16": 0.205286026001,
                "17": 0.20641708374,
                "18": 0.206408023834,
                "19": 0.200627088547,
                "20": 0.134970903397
            },
            "validation_time": 0.0411732196808,
            "epoch_time": 4.10703396797
        },
        "4": {
            "steps": {
                "1": 0.204097032547,
                "2": 0.203202962875,
                "3": 0.205428123474,
                "4": 0.20866894722,
                "5": 0.20458316803,
                "6": 0.204950809479,
                "7": 0.204012870789,
                "8": 0.207468986511,
                "9": 0.204134941101,
                "10": 0.204451084137,
                "11": 0.205059051514,
                "12": 0.208492994308,
                "13": 0.204082012177,
                "14": 0.205235958099,
                "15": 0.204279899597,
                "16": 0.206393957138,
                "17": 0.203747034073,
                "18": 0.204329967499,
                "19": 0.199404001236,
                "20": 0.135507106781
            },
            "validation_time": 0.0411148071289,
            "epoch_time": 4.0957698822
        },
        "5": {
            "steps": {
                "1": 0.204830884933,
                "2": 0.206201076508,
                "3": 0.206953048706,
                "4": 0.205146074295,
                "5": 0.206218004227,
                "6": 0.204991817474,
                "7": 0.206506967545,
                "8": 0.205796957016,
                "9": 0.204610109329,
                "10": 0.205118894577,
                "11": 0.207023143768,
                "12": 0.20462679863,
                "13": 0.203689098358,
                "14": 0.205312013626,
                "15": 0.206133127213,
                "16": 0.203752040863,
                "17": 0.205082893372,
                "18": 0.204487085342,
                "19": 0.201704025269,
                "20": 0.137609958649
            },
            "validation_time": 0.0407922267914,
            "epoch_time": 4.10335087776
        }
    }
}
