{
    "init": -1.0,
    "total_training": 114.64009380340576,
    "largest_real_time_delta": 111.31376624107361,
    "fit_time": 114.64009380340576,
    "write_model_time": -1.0,
    "epochs": {
        "1": {
            "steps": {
                "1": 15.420754,
                "2": 0.169105,
                "3": 0.167058,
                "4": 0.169503,
                "5": 0.168511,
                "6": 0.167434,
                "7": 0.170718,
                "8": 0.168116,
                "9": 0.16708,
                "10": 0.167261,
                "11": 0.170151,
                "12": 0.168731,
                "13": 0.16776,
                "14": 0.168041,
                "15": 0.169835,
                "16": 0.169354,
                "17": 0.161134,
                "18": 0.169114,
                "19": 0.168522,
                "20": 0.169197,
                "21": 0.169214,
                "22": 0.169452,
                "23": 0.168101,
                "24": 0.168839,
                "25": 0.167895,
                "26": 0.169827,
                "27": 0.168055,
                "28": 0.163529,
                "29": 0.168666,
                "30": 0.168808,
                "31": 0.168681,
                "32": 0.168698,
                "33": 0.167822,
                "34": 0.169573,
                "35": 0.168275,
                "36": 0.166483,
                "37": 0.168679,
                "38": 0.169991,
                "39": 0.169503,
                "40": 0.167719,
                "41": 0.169699,
                "42": 0.16763,
                "43": 0.167318,
                "44": 0.168242,
                "45": 0.169261,
                "46": 0.168495,
                "47": 0.169755,
                "48": 0.16943,
                "49": 0.169306,
                "50": 0.167375,
                "51": 0.1684,
                "52": 0.169589,
                "53": 0.168317,
                "54": 0.167724,
                "55": 0.17018,
                "56": 0.168348,
                "57": 0.168797,
                "58": 0.170339,
                "59": 0.168754,
                "60": 0.167628,
                "61": 0.169795,
                "62": 0.169127,
                "63": 0.169597,
                "64": 0.170208,
                "65": 0.169135,
                "66": 0.167887,
                "67": 0.169458,
                "68": 0.168669,
                "69": 0.167967,
                "70": 0.169108,
                "71": 0.171206,
                "72": 0.169276,
                "73": 0.169212,
                "74": 0.172086,
                "75": 0.169735,
                "76": 0.170968,
                "77": 0.169724,
                "78": 0.168335,
                "79": 0.171236,
                "80": 0.169075,
                "81": 0.167877,
                "82": 0.171397,
                "83": 0.171661,
                "84": 0.168708,
                "85": 0.170835,
                "86": 0.169883,
                "87": 0.170204,
                "88": 0.16998,
                "89": 0.169527,
                "90": 0.170369,
                "91": 0.1703,
                "92": 0.169575,
                "93": 0.171184,
                "94": 0.168184,
                "95": 0.169447,
                "96": 0.1713,
                "97": 0.169747,
                "98": 3.956822
            },
            "validation_time": 3.987821,
            "epoch_time": 40.32477426528931,
            "validation_accuracy": 0.0933
        },
        "2": {
            "steps": {
                "1": 0.168969,
                "2": 0.170885,
                "3": 0.170374,
                "4": 0.158422,
                "5": 0.170876,
                "6": 0.177653,
                "7": 0.170361,
                "8": 0.172089,
                "9": 0.169488,
                "10": 0.17144,
                "11": 0.1617,
                "12": 0.173254,
                "13": 0.170678,
                "14": 0.172169,
                "15": 0.170663,
                "16": 0.172666,
                "17": 0.169792,
                "18": 0.168417,
                "19": 0.170287,
                "20": 0.169277,
                "21": 0.171693,
                "22": 0.169758,
                "23": 0.168923,
                "24": 0.172016,
                "25": 0.169414,
                "26": 0.169011,
                "27": 0.170914,
                "28": 0.17132,
                "29": 0.172191,
                "30": 0.169517,
                "31": 0.170163,
                "32": 0.171016,
                "33": 0.169592,
                "34": 0.172755,
                "35": 0.17073,
                "36": 0.168961,
                "37": 0.170922,
                "38": 0.171323,
                "39": 0.17204,
                "40": 0.170755,
                "41": 0.171906,
                "42": 0.170903,
                "43": 0.169863,
                "44": 0.171245,
                "45": 0.1702,
                "46": 0.170354,
                "47": 0.17096,
                "48": 0.171252,
                "49": 0.171512,
                "50": 0.171105,
                "51": 0.171458,
                "52": 0.171189,
                "53": 0.17038,
                "54": 0.171571,
                "55": 0.170358,
                "56": 0.171225,
                "57": 0.172085,
                "58": 0.171028,
                "59": 0.169044,
                "60": 0.169827,
                "61": 0.1713,
                "62": 0.17031,
                "63": 0.173419,
                "64": 0.17176,
                "65": 0.172086,
                "66": 0.170498,
                "67": 0.169483,
                "68": 0.171326,
                "69": 0.16865,
                "70": 0.1727,
                "71": 0.171623,
                "72": 0.173005,
                "73": 0.170236,
                "74": 0.171246,
                "75": 0.172282,
                "76": 0.170941,
                "77": 0.171221,
                "78": 0.171352,
                "79": 0.171498,
                "80": 0.171575,
                "81": 0.172574,
                "82": 0.170894,
                "83": 0.173202,
                "84": 0.171908,
                "85": 0.170881,
                "86": 0.172058,
                "87": 0.169891,
                "88": 0.172663,
                "89": 0.170982,
                "90": 0.172094,
                "91": 0.17157,
                "92": 0.17146,
                "93": 0.170941,
                "94": 0.169629,
                "95": 0.171884,
                "96": 0.169294,
                "97": 0.174212,
                "98": 0.130209
            },
            "validation_time": 0.838061,
            "epoch_time": 17.544174909591675,
            "validation_accuracy": 0.0997
        },
        "3": {
            "steps": {
                "1": 0.169985,
                "2": 0.173558,
                "3": 0.170485,
                "4": 0.170826,
                "5": 0.171417,
                "6": 0.171337,
                "7": 0.171979,
                "8": 0.172976,
                "9": 0.172207,
                "10": 0.170681,
                "11": 0.172837,
                "12": 0.171651,
                "13": 0.172231,
                "14": 0.172566,
                "15": 0.171563,
                "16": 0.171948,
                "17": 0.172023,
                "18": 0.171401,
                "19": 0.171671,
                "20": 0.171875,
                "21": 0.170304,
                "22": 0.173149,
                "23": 0.169954,
                "24": 0.171711,
                "25": 0.170887,
                "26": 0.174433,
                "27": 0.17115,
                "28": 0.173417,
                "29": 0.171975,
                "30": 0.171962,
                "31": 0.172415,
                "32": 0.172187,
                "33": 0.171923,
                "34": 0.173206,
                "35": 0.171012,
                "36": 0.172767,