{
    "init": 7.174807071685791,
    "total_training": 44.9598531723,
    "largest_real_time_delta": 36.24000000953674,
    "fit_time": 37.6384549141,
    "write_model_time": 0.146545886993,
    "epochs": {
        "1": {
            "steps": {
                "1": 11.3378489017,
                "2": 0.0610799789429,
                "3": 0.0616710186005,
                "4": 0.0598919391632,
                "5": 0.0601060390472,
                "6": 0.0589170455933,
                "7": 0.060672044754,
                "8": 0.0607061386108,
                "9": 0.061007976532,
                "10": 0.0608479976654,
                "11": 0.0608220100403,
                "12": 0.0598549842834,
                "13": 0.0607738494873,
                "14": 0.0595209598541,
                "15": 0.0618100166321,
                "16": 0.0601320266724,
                "17": 0.0605058670044,
                "18": 0.0603559017181,
                "19": 0.0610938072205,
                "20": 0.060271024704,
                "21": 0.0611770153046,
                "22": 0.059937953949,
                "23": 0.0601680278778,
                "24": 0.0598359107971,
                "25": 0.0614800453186,
                "26": 0.0601589679718,
                "27": 0.0605380535126,
                "28": 0.060781955719,
                "29": 0.0614988803864,
                "30": 0.0605230331421,
                "31": 0.0615310668945,
                "32": 0.0602669715881,
                "33": 0.0603158473969,
                "34": 0.0603399276733,
                "35": 0.0601251125336,
                "36": 0.0610210895538,
                "37": 0.0613338947296,
                "38": 0.0599739551544,
                "39": 0.0605120658875,
                "40": 0.0590608119965,
                "41": 0.0609400272369,
                "42": 0.0602791309357,
                "43": 0.0612041950226,
                "44": 0.0597219467163,
                "45": 0.0601441860199,
                "46": 0.0598049163818,
                "47": 0.0612330436707,
                "48": 0.0603530406952,
                "49": 0.0616149902344,
                "50": 0.059818983078,
                "51": 0.0599148273468,
                "52": 0.0598649978638,
                "53": 0.0586400032043,
                "54": 0.0587878227234,
                "55": 0.0612041950226,
                "56": 0.0586590766907,
                "57": 0.0596680641174,
                "58": 0.0600340366364,
                "59": 0.060042142868,
                "60": 0.0598959922791,
                "61": 0.0601060390472,
                "62": 0.0603539943695,
                "63": 0.0607759952545,
                "64": 0.0586860179901,
                "65": 0.060643196106,
                "66": 0.0593152046204,
                "67": 0.0597298145294,
                "68": 0.0600879192352,
                "69": 0.0600440502167,
                "70": 0.0615749359131,
                "71": 0.06072306633,
                "72": 0.0598199367523,
                "73": 0.0609309673309,
                "74": 0.0601050853729,
                "75": 0.0604801177979,
                "76": 0.0592300891876,
                "77": 0.0608031749725,
                "78": 0.0589790344238,
                "79": 0.0562870502472,
                "80": 0.104236125946
            },
            "validation_accuracy": 0.9104,
            "validation_time": 0.278718948364,
            "epoch_time": 16.4292349815
        },
        "2": {
            "steps": {
                "1": 0.067883014679,
                "2": 0.0650191307068,
                "3": 0.0623550415039,
                "4": 0.0600769519806,
                "5": 0.0619959831238,
                "6": 0.0624380111694,
                "7": 0.062744140625,
                "8": 0.0628719329834,
                "9": 0.0612771511078,
                "10": 0.0622758865356,
                "11": 0.0629589557648,
                "12": 0.0620861053467,
                "13": 0.0626239776611,
                "14": 0.0630760192871,
                "15": 0.0623300075531,
                "16": 0.0627369880676,
                "17": 0.0622308254242,
                "18": 0.062628030777,
                "19": 0.062047958374,
                "20": 0.0633070468903,
                "21": 0.0613739490509,
                "22": 0.0604860782623,
                "23": 0.062616109848,
                "24": 0.0638210773468,
                "25": 0.0622451305389,
                "26": 0.0615339279175,
                "27": 0.0666198730469,
                "28": 0.0606758594513,
                "29": 0.0605189800262,
                "30": 0.0625748634338,
                "31": 0.0633778572083,
                "32": 0.0616748332977,
                "33": 0.0623078346252,
                "34": 0.0612449645996,
                "35": 0.063080072403,
                "36": 0.0635659694672,
                "37": 0.0607099533081,
                "38": 0.0612769126892,
                "39": 0.062332868576,
                "40": 0.0624940395355,
                "41": 0.0634300708771,
                "42": 0.0614099502563,
                "43": 0.0625479221344,
                "44": 0.0609929561615,
                "45": 0.0653100013733,
                "46": 0.0616209506989,
                "47": 0.0631308555603,
                "48": 0.0626769065857,
                "49": 0.0610699653625,
                "50": 0.0609619617462,
                "51": 0.0605809688568,
                "52": 0.0600559711456,
                "53": 0.0598499774933,
                "54": 0.0636098384857,
                "55": 0.063013792038,
                "56": 0.0617198944092,
                "57": 0.0632491111755,
                "58": 0.0625700950623,
                "59": 0.0631608963013,
                "60": 0.0625948905945,
                "61": 0.0616340637207,
                "62": 0.0617241859436,
                "63": 0.0625250339508,
                "64": 0.0621831417084,
                "65": 0.061164855957,
                "66": 0.0635900497437,
                "67": 0.062225818634,
                "68": 0.0619120597839,
                "69": 0.061695098877,
                "70": 0.0626730918884,
                "71": 0.06130194664,
                "72": 0.0621838569641,
                "73": 0.0619509220123,
                "74": 0.061919927597,
                "75": 0.0621230602264,
                "76": 0.0617690086365,
                "77": 0.0615110397339,
                "78": 0.0629110336304,
                "79": 0.0590949058533,
                "80": 0.0404360294342
            },
            "validation_accuracy": 0.9434,
            "validation_time": 0.0242910385132,
            "epoch_time": 4.99076795578
        },
        "3": {
            "steps": {
                "1": 0.0669620037079,
                "2": 0.0615699291229,
                "3": 0.0630240440369,
                "4": 0.0630538463593,
                "5": 0.0635750293732,
                "6": 0.0617160797119,
                "7": 0.0629889965057,
                "8": 0.0619070529938,
                "9": 0.0607581138611,
                "10": 0.0631811618805,
                "11": 0.0625450611115,
                "12": 0.0626940727234,
                "13": 0.0617051124573,
                "14": 0.0621700286865,
                "15": 0.0624630451202,
                "16": 0.0599999427795,
                "17": 0.0626530647278,
                "18": 0.0608630180359,
                "19": 0.0619039535522,
                "20": 0.0612788200378,
                "21": 0.0622248649597,
                "22": 0.0617771148682,
                "23": 0.0614418983459,
                "24": 0.0622878074646,
                "25": 0.0620069503784,
                "26": 0.0605299472809,
                "27": 0.0619168281555,
                "28": 0.0616838932037,
                "29": 0.0614039897919,
                "30": 0.0608370304108,