{
    "init": 6.346072196960449,
    "total_training": 41.2283158302,
    "largest_real_time_delta": 33.37000012397766,
    "fit_time": 34.7390911579,
    "write_model_time": 0.143119096756,
    "epochs": {
        "1": {
            "steps": {
                "1": 11.2840259075,
                "2": 0.0540089607239,
                "3": 0.054071187973,
                "4": 0.0536048412323,
                "5": 0.054162979126,
                "6": 0.0536861419678,
                "7": 0.0547437667847,
                "8": 0.0542280673981,
                "9": 0.054034948349,
                "10": 0.0539348125458,
                "11": 0.0540180206299,
                "12": 0.0539100170135,
                "13": 0.0542109012604,
                "14": 0.0530529022217,
                "15": 0.0547680854797,
                "16": 0.054386138916,
                "17": 0.0540599822998,
                "18": 0.0541031360626,
                "19": 0.0542979240417,
                "20": 0.0548570156097,
                "21": 0.0543839931488,
                "22": 0.0539300441742,
                "23": 0.054233789444,
                "24": 0.0542550086975,
                "25": 0.0542929172516,
                "26": 0.053689956665,
                "27": 0.0543730258942,
                "28": 0.0534820556641,
                "29": 0.0545978546143,
                "30": 0.053897857666,
                "31": 0.0546491146088,
                "32": 0.0537800788879,
                "33": 0.0543460845947,
                "34": 0.053680896759,
                "35": 0.0538740158081,
                "36": 0.0550739765167,
                "37": 0.0546238422394,
                "38": 0.053512096405,
                "39": 0.0545809268951,
                "40": 0.0542809963226,
                "41": 0.0541350841522,
                "42": 0.0537412166595,
                "43": 0.054347038269,
                "44": 0.0542318820953,
                "45": 0.0545091629028,
                "46": 0.0537219047546,
                "47": 0.0541858673096,
                "48": 0.0541269779205,
                "49": 0.0539510250092,
                "50": 0.0534470081329,
                "51": 0.0528709888458,
                "52": 0.0537359714508,
                "53": 0.0544419288635,
                "54": 0.0539841651917,
                "55": 0.0545561313629,
                "56": 0.0545129776001,
                "57": 0.0542271137238,
                "58": 0.0540380477905,
                "59": 0.0542850494385,
                "60": 0.0537779331207,
                "61": 0.0541679859161,
                "62": 0.0535850524902,
                "63": 0.0547018051147,
                "64": 0.0541779994965,
                "65": 0.0543260574341,
                "66": 0.0538761615753,
                "67": 0.0543978214264,
                "68": 0.0538070201874,
                "69": 0.0540499687195,
                "70": 0.0535640716553,
                "71": 0.054416179657,
                "72": 0.0541489124298,
                "73": 0.054379940033,
                "74": 0.0537710189819,
                "75": 0.054594039917,
                "76": 0.0539119243622,
                "77": 0.0539140701294,
                "78": 0.0529320240021,
                "79": 0.0510470867157,
                "80": 0.105605125427
            },
            "validation_time": 0.2764980793,
            "epoch_time": 15.888324976
        },
        "2": {
            "steps": {
                "1": 0.063196182251,
                "2": 0.0547821521759,
                "3": 0.0555200576782,
                "4": 0.0537588596344,
                "5": 0.055223941803,
                "6": 0.0542480945587,
                "7": 0.0551600456238,
                "8": 0.0540010929108,
                "9": 0.0552082061768,
                "10": 0.0543072223663,
                "11": 0.0556690692902,
                "12": 0.0537688732147,
                "13": 0.0550699234009,
                "14": 0.0540249347687,
                "15": 0.0549879074097,
                "16": 0.0539319515228,
                "17": 0.0556888580322,
                "18": 0.0542318820953,
                "19": 0.0558800697327,
                "20": 0.0539901256561,
                "21": 0.0558848381042,
                "22": 0.0542600154877,
                "23": 0.0553858280182,
                "24": 0.0537769794464,
                "25": 0.0563311576843,
                "26": 0.0538671016693,
                "27": 0.058168888092,
                "28": 0.0539059638977,
                "29": 0.0554528236389,
                "30": 0.0560851097107,
                "31": 0.0558068752289,
                "32": 0.0538878440857,
                "33": 0.0561990737915,
                "34": 0.0545880794525,
                "35": 0.0550820827484,
                "36": 0.0533030033112,
                "37": 0.0543990135193,
                "38": 0.0535900592804,
                "39": 0.0544979572296,
                "40": 0.0539119243622,
                "41": 0.0555448532104,
                "42": 0.0540311336517,
                "43": 0.0564181804657,
                "44": 0.0544450283051,
                "45": 0.0558910369873,
                "46": 0.054141998291,
                "47": 0.0556709766388,
                "48": 0.0538890361786,
                "49": 0.0557029247284,
                "50": 0.0549020767212,
                "51": 0.0557260513306,
                "52": 0.0541379451752,
                "53": 0.0547459125519,
                "54": 0.0542860031128,
                "55": 0.0555040836334,
                "56": 0.0538778305054,
                "57": 0.0552101135254,
                "58": 0.0540277957916,
                "59": 0.0556039810181,
                "60": 0.0543780326843,
                "61": 0.0568730831146,
                "62": 0.055034160614,
                "63": 0.055675983429,
                "64": 0.0536558628082,
                "65": 0.0554280281067,
                "66": 0.0543282032013,
                "67": 0.054927110672,
                "68": 0.0535168647766,
                "69": 0.0554549694061,
                "70": 0.0541319847107,
                "71": 0.0564370155334,
                "72": 0.054710149765,
                "73": 0.0554311275482,
                "74": 0.0544250011444,
                "75": 0.0556399822235,
                "76": 0.0547690391541,
                "77": 0.0551581382751,
                "78": 0.0552198886871,
                "79": 0.0524199008942,
                "80": 0.0382070541382
            },
            "validation_time": 0.0227091312408,
            "epoch_time": 4.40920114517
        },
        "3": {
            "steps": {
                "1": 0.0547549724579,
                "2": 0.0543031692505,
                "3": 0.0550491809845,
                "4": 0.0546009540558,
                "5": 0.054988861084,
                "6": 0.0538709163666,
                "7": 0.054486989975,
                "8": 0.0535979270935,
                "9": 0.0544970035553,
                "10": 0.0541150569916,
                "11": 0.0550320148468,
                "12": 0.0532751083374,
                "13": 0.0549809932709,
                "14": 0.0533411502838,
                "15": 0.0548460483551,
                "16": 0.0529630184174,
                "17": 0.0542988777161,
                "18": 0.0540900230408,
                "19": 0.0562269687653,
                "20": 0.0540769100189,
                "21": 0.0539309978485,
                "22": 0.0577030181885,
                "23": 0.0527579784393,
                "24": 0.0531680583954,
                "25": 0.0526049137115,
                "26": 0.0602629184723,
                "27": 0.0532410144806,
                "28": 0.0564250946045,
                "29": 0.0522072315216,
                "30": 0.0549430847168,
                "31": 0.0520529747009,
                "32": 0.0548210144043,