{
    "init": 7.6149070262908936,
    "total_training": 59.7343969345,
    "largest_real_time_delta": 49.33999991416931,
    "fit_time": 51.7907021046,
    "write_model_time": 0.328752994537,
    "epochs": {
        "1": {
            "steps": {
                "1": 21.856913805,
                "2": 0.264569997787,
                "3": 0.266511201859,
                "4": 0.265032052994,
                "5": 0.264293909073,
                "6": 0.262709140778,
                "7": 0.266964197159,
                "8": 0.263481140137,
                "9": 0.267184019089,
                "10": 0.264628887177,
                "11": 0.26894903183,
                "12": 0.266299009323,
                "13": 0.265556097031,
                "14": 0.264732122421,
                "15": 0.267359018326,
                "16": 0.264943122864,
                "17": 0.26710486412,
                "18": 0.264189004898,
                "19": 0.261856079102,
                "20": 0.64044713974
            },
            "validation_accuracy": 0.75,
            "validation_time": 0.579330921173,
            "epoch_time": 27.880423069
        },
        "2": {
            "steps": {
                "1": 0.258502960205,
                "2": 0.271481990814,
                "3": 0.258908987045,
                "4": 0.271951913834,
                "5": 0.259361028671,
                "6": 0.26987195015,
                "7": 0.259614944458,
                "8": 0.272229909897,
                "9": 0.259254932404,
                "10": 0.270220994949,
                "11": 0.2589199543,
                "12": 0.272737026215,
                "13": 0.259181976318,
                "14": 0.270992040634,
                "15": 0.258095979691,
                "16": 0.273196935654,
                "17": 0.259718894958,
                "18": 0.271342039108,
                "19": 0.254062891006,
                "20": 0.211450099945
            },
            "validation_accuracy": 0.8349,
            "validation_time": 0.0538229942322,
            "epoch_time": 5.32246899605
        },
        "3": {
            "steps": {
                "1": 0.270606994629,
                "2": 0.26523399353,
                "3": 0.269364118576,
                "4": 0.264744997025,
                "5": 0.269681930542,
                "6": 0.266354084015,
                "7": 0.270200967789,
                "8": 0.26312494278,
                "9": 0.270831823349,
                "10": 0.264919042587,
                "11": 0.269526004791,
                "12": 0.265691995621,
                "13": 0.271572113037,
                "14": 0.262700080872,
                "15": 0.26985502243,
                "16": 0.271350860596,
                "17": 0.271996974945,
                "18": 0.264185190201,
                "19": 0.264992952347,
                "20": 0.218755960464
            },
            "validation_accuracy": 0.9009,
            "validation_time": 0.0553297996521,
            "epoch_time": 5.38746190071
        },
        "4": {
            "steps": {
                "1": 0.265550136566,
                "2": 0.273210048676,
                "3": 0.261918067932,
                "4": 0.269354104996,
                "5": 0.264001846313,
                "6": 0.272454023361,
                "7": 0.263448953629,
                "8": 0.27025604248,
                "9": 0.263373851776,
                "10": 0.271605014801,
                "11": 0.263334035873,
                "12": 0.269255161285,
                "13": 0.262163877487,
                "14": 0.271167039871,
                "15": 0.261039018631,
                "16": 0.269675016403,
                "17": 0.265246868134,
                "18": 0.273550987244,
                "19": 0.255948066711,
                "20": 0.214809894562
            },
            "validation_accuracy": 0.9245,
            "validation_time": 0.053731918335,
            "epoch_time": 5.3616938591
        },
        "5": {
            "steps": {
                "1": 0.268351793289,
                "2": 0.268752098083,
                "3": 0.26920580864,
                "4": 0.268696069717,
                "5": 0.266834020615,
                "6": 0.269249916077,
                "7": 0.268764972687,
                "8": 0.268187046051,
                "9": 0.268174886703,
                "10": 0.268913030624,
                "11": 0.268343925476,
                "12": 0.268617153168,
                "13": 0.269589185715,
                "14": 0.268708944321,
                "15": 0.268634796143,
                "16": 0.268867015839,
                "17": 0.267247915268,
                "18": 0.267806053162,
                "19": 0.263808012009,
                "20": 0.214036941528
            },
            "validation_accuracy": 0.934,
            "validation_time": 0.0541200637817,
            "epoch_time": 5.39178204536
        }
    },
    "computing_system": "p2-16",
    "batch_size": "2048"
}
