{
    "init": 8.137717962265015,
    "total_training": 54.9490880966,
    "largest_real_time_delta": 43.94999980926514,
    "fit_time": 46.4758090973,
    "write_model_time": 0.335523843765,
    "epochs": {
        "1": {
            "steps": {
                "1": 22.30428195,
                "2": 0.205280065536,
                "3": 0.206496953964,
                "4": 0.206461906433,
                "5": 0.20653295517,
                "6": 0.203783035278,
                "7": 0.205835819244,
                "8": 0.205814123154,
                "9": 0.207407951355,
                "10": 0.2053399086,
                "11": 0.207783937454,
                "12": 0.205539941788,
                "13": 0.207889080048,
                "14": 0.20439696312,
                "15": 0.205882072449,
                "16": 0.208194971085,
                "17": 0.208990097046,
                "18": 0.207985162735,
                "19": 0.203122138977,
                "20": 0.603887081146
            },
            "validation_accuracy": 0.75,
            "validation_time": 0.569406032562,
            "epoch_time": 27.2178959846
        },
        "2": {
            "steps": {
                "1": 0.208619117737,
                "2": 0.208395957947,
                "3": 0.206369876862,
                "4": 0.2099609375,
                "5": 0.208889007568,
                "6": 0.212023019791,
                "7": 0.207966804504,
                "8": 0.213889122009,
                "9": 0.206199169159,
                "10": 0.207765102386,
                "11": 0.206756830215,
                "12": 0.210206985474,
                "13": 0.207720041275,
                "14": 0.208778142929,
                "15": 0.203998088837,
                "16": 0.209546089172,
                "17": 0.206776857376,
                "18": 0.208208084106,
                "19": 0.201496124268,
                "20": 0.16384100914
            },
            "validation_accuracy": 0.8774,
            "validation_time": 0.0431389808655,
            "epoch_time": 4.18853998184
        },
        "3": {
            "steps": {
                "1": 0.208631038666,
                "2": 0.208410978317,
                "3": 0.208070993423,
                "4": 0.205627918243,
                "5": 0.211097955704,
                "6": 0.210465908051,
                "7": 0.20530796051,
                "8": 0.205394983292,
                "9": 0.212131023407,
                "10": 0.207903146744,
                "11": 0.206362009048,
                "12": 0.207637071609,
                "13": 0.211785078049,
                "14": 0.206179857254,
                "15": 0.209316968918,
                "16": 0.206359863281,
                "17": 0.210624933243,
                "18": 0.205039024353,
                "19": 0.201710939407,
                "20": 0.164026975632
            },
            "validation_accuracy": 0.9151,
            "validation_time": 0.042270898819,
            "epoch_time": 4.18203115463
        },
        "4": {
            "steps": {
                "1": 0.208145141602,
                "2": 0.210510015488,
                "3": 0.206964015961,
                "4": 0.209809064865,
                "5": 0.20781493187,
                "6": 0.2120449543,
                "7": 0.205795049667,
                "8": 0.207608938217,
                "9": 0.206208944321,
                "10": 0.211497068405,
                "11": 0.206350803375,
                "12": 0.208375930786,
                "13": 0.207725048065,
                "14": 0.211004972458,
                "15": 0.207669019699,
                "16": 0.207446098328,
                "17": 0.208545923233,
                "18": 0.212611913681,
                "19": 0.201740026474,
                "20": 0.16392993927
            },
            "validation_accuracy": 0.9292,
            "validation_time": 0.043182849884,
            "epoch_time": 4.19194698334
        },
        "5": {
            "steps": {
                "1": 0.205637931824,
                "2": 0.205416917801,
                "3": 0.208532094955,
                "4": 0.205679178238,
                "5": 0.207191944122,
                "6": 0.205991983414,
                "7": 0.210146903992,
                "8": 0.207419157028,
                "9": 0.205857992172,
                "10": 0.203658819199,
                "11": 0.210973024368,
                "12": 0.206155776978,
                "13": 0.208194971085,
                "14": 0.207026958466,
                "15": 0.21036195755,
                "16": 0.206699848175,
                "17": 0.209533929825,
                "18": 0.207625150681,
                "19": 0.202913999557,
                "20": 0.164273023605
            },
            "validation_accuracy": 0.934,
            "validation_time": 0.0430958271027,
            "epoch_time": 4.16907596588
        }
    },
    "computing_system": "p2-16",
    "batch_size": "2048"
}
