{
    "init": -1.0,
    "total_training": 156.44138932228088,
    "largest_real_time_delta": 152.29622673988342,
    "fit_time": 156.44138932228088,
    "write_model_time": -1.0,
    "epochs": {
        "1": {
            "steps": {
                "1": 126.598659,
                "2": 0.076873,
                "3": 0.076905,
                "4": 0.079401,
                "5": 0.073122,
                "6": 0.07706,
                "7": 0.072456,
                "8": 0.073367,
                "9": 0.075603,
                "10": 0.073834,
                "11": 0.072937,
                "12": 0.073477,
                "13": 0.078677,
                "14": 0.074474,
                "15": 0.074617,
                "16": 0.077649,
                "17": 0.079799,
                "18": 0.073705,
                "19": 0.081514,
                "20": 0.079248,
                "21": 0.080642,
                "22": 0.07375,
                "23": 0.072807,
                "24": 0.072241,
                "25": 1.386335
            },
            "validation_time": 11.913515,
            "epoch_time": 142.65330123901367,
            "validation_accuracy": 0.0
        },
        "2": {
            "steps": {
                "1": 0.077436,
                "2": 0.073897,
                "3": 0.078344,
                "4": 0.077485,
                "5": 0.071878,
                "6": 0.074591,
                "7": 0.074711,
                "8": 0.079887,
                "9": 0.074184,
                "10": 0.073763,
                "11": 0.074927,
                "12": 0.071758,
                "13": 0.075827,
                "14": 0.076988,
                "15": 0.073592,
                "16": 0.080036,
                "17": 0.08005,
                "18": 0.075131,
                "19": 0.076641,
                "20": 0.075809,
                "21": 0.075416,
                "22": 0.073836,
                "23": 0.072117,
                "24": 0.07848,
                "25": 0.227403
            },
            "validation_time": 0.349059,
            "epoch_time": 2.4012904167175293,
            "validation_accuracy": 0.0
        },
        "3": {
            "steps": {
                "1": 0.085106,
                "2": 0.075271,
                "3": 0.077208,
                "4": 0.077445,
                "5": 0.079351,
                "6": 0.074952,
                "7": 0.080006,
                "8": 0.078532,
                "9": 0.073585,
                "10": 0.076531,
                "11": 0.075186,
                "12": 0.072207,
                "13": 0.073127,
                "14": 0.076091,
                "15": 0.074797,
                "16": 0.07375,
                "17": 0.082455,
                "18": 0.079326,
                "19": 0.072613,
                "20": 0.079825,
                "21": 0.073806,
                "22": 0.078827,
                "23": 0.077547,
                "24": 0.078764,
                "25": 0.220434
            },
            "validation_time": 0.326056,
            "epoch_time": 2.4007458686828613,
            "validation_accuracy": 0.0
        },
        "4": {
            "steps": {
                "1": 0.084501,
                "2": 0.076681,
                "3": 0.076645,
                "4": 0.075827,
                "5": 0.074789,
                "6": 0.079218,
                "7": 0.074966,
                "8": 0.076266,
                "9": 0.076791,
                "10": 0.075074,
                "11": 0.07666,
                "12": 0.079655,
                "13": 0.077617,
                "14": 0.077488,
                "15": 0.076348,
                "16": 0.077044,
                "17": 0.083123,
                "18": 0.081267,
                "19": 0.078662,
                "20": 0.07746,
                "21": 0.075076,
                "22": 0.077761,
                "23": 0.078725,
                "24": 0.072616,
                "25": 0.226895
            },
            "validation_time": 0.343323,
            "epoch_time": 2.4389984607696533,
            "validation_accuracy": 0.0998
        },
        "5": {
            "steps": {
                "1": 0.081789,
                "2": 0.076682,
                "3": 0.074952,
                "4": 0.075222,
                "5": 0.078308,
                "6": 0.071953,
                "7": 0.07266,
                "8": 0.07288,
                "9": 0.075524,
                "10": 0.074201,
                "11": 0.073168,
                "12": 0.076958,
                "13": 0.076311,
                "14": 0.07716,
                "15": 0.074573,
                "16": 0.073317,
                "17": 0.07441,
                "18": 0.074128,
                "19": 0.082247,
                "20": 0.075837,
                "21": 0.078912,
                "22": 0.076257,
                "23": 0.080919,
                "24": 0.074556,
                "25": 0.227651
            },
            "validation_time": 0.341687,
            "epoch_time": 2.4008960723876953,
            "validation_accuracy": 0.00083089
        }
    },
    "computing_system": "p3-8",
    "batch_size": "2048"
}
