{
    "init": -1.0,
    "total_training": 122.7885160446167,
    "largest_real_time_delta": 118.28047132492065,
    "fit_time": 122.7885160446167,
    "write_model_time": -1.0,
    "epochs": {
        "1": {
            "steps": {
                "1": 20.3673,
                "2": 0.667251,
                "3": 0.661637,
                "4": 0.625082,
                "5": 0.672189,
                "6": 0.662062,
                "7": 0.659078,
                "8": 0.667291,
                "9": 0.671873,
                "10": 0.653656,
                "11": 0.663754,
                "12": 0.662915,
                "13": 0.664004,
                "14": 0.670189,
                "15": 0.66398,
                "16": 0.657566,
                "17": 0.667803,
                "18": 0.669161,
                "19": 0.656732,
                "20": 0.66394,
                "21": 0.657154,
                "22": 0.663703,
                "23": 0.636542,
                "24": 0.669397,
                "25": 6.078226
            },
            "validation_time": 5.15548,
            "epoch_time": 47.5471453666687,
            "validation_accuracy": 0.0
        },
        "2": {
            "steps": {
                "1": 0.669531,
                "2": 0.665327,
                "3": 0.67784,
                "4": 0.672473,
                "5": 0.666339,
                "6": 0.681618,
                "7": 0.672764,
                "8": 0.670915,
                "9": 0.672834,
                "10": 0.671528,
                "11": 0.6746,
                "12": 0.678005,
                "13": 0.67328,
                "14": 0.672162,
                "15": 0.673708,
                "16": 0.677053,
                "17": 0.682852,
                "18": 0.670159,
                "19": 0.676004,
                "20": 0.680371,
                "21": 0.676004,
                "22": 0.66868,
                "23": 0.6752,
                "24": 0.678921,
                "25": 0.30746
            },
            "validation_time": 0.888465,
            "epoch_time": 17.377459287643433,
            "validation_accuracy": 0.0
        },
        "3": {
            "steps": {
                "1": 0.670538,
                "2": 0.683989,
                "3": 0.681693,
                "4": 0.684833,
                "5": 0.686849,
                "6": 0.674954,
                "7": 0.678102,
                "8": 0.675424,
                "9": 0.687492,
                "10": 0.684826,
                "11": 0.674978,
                "12": 0.686303,
                "13": 0.682781,
                "14": 0.68113,
                "15": 0.681946,
                "16": 0.682493,
                "17": 0.676787,
                "18": 0.688269,
                "19": 0.685654,
                "20": 0.68773,
                "21": 0.660444,
                "22": 0.691838,
                "23": 0.692026,
                "24": 0.65109,
                "25": 0.311359
            },
            "validation_time": 0.895959,
            "epoch_time": 17.5429470539093,
            "validation_accuracy": 0.0
        },
        "4": {
            "steps": {
                "1": 0.680699,
                "2": 0.683861,
                "3": 0.683579,
                "4": 0.682212,
                "5": 0.68787,
                "6": 0.685789,
                "7": 0.692215,
                "8": 0.683521,
                "9": 0.696724,
                "10": 0.695594,
                "11": 0.69042,
                "12": 0.691443,
                "13": 0.695515,
                "14": 0.688564,
                "15": 0.684085,
                "16": 0.696151,
                "17": 0.687799,
                "18": 0.69793,
                "19": 0.695382,
                "20": 0.689228,
                "21": 0.697343,
                "22": 0.686656,
                "23": 0.69342,
                "24": 0.688692,
                "25": 0.318139
            },
            "validation_time": 0.892365,
            "epoch_time": 17.768688678741455,
            "validation_accuracy": 0.1001
        },
        "5": {
            "steps": {
                "1": 0.683766,
                "2": 0.705631,
                "3": 0.699416,
                "4": 0.694423,
                "5": 0.690661,
                "6": 0.706921,
                "7": 0.702875,
                "8": 0.706545,
                "9": 0.703518,
                "10": 0.704623,
                "11": 0.703697,
                "12": 0.698895,
                "13": 0.702815,
                "14": 0.701948,
                "15": 0.699915,
                "16": 0.703995,
                "17": 0.67845,
                "18": 0.702779,
                "19": 0.704982,
                "20": 0.69865,
                "21": 0.709688,
                "22": 0.710386,
                "23": 0.700691,
                "24": 0.70115,
                "25": 0.316321
            },
            "validation_time": 0.907345,
            "epoch_time": 18.043510913848877,
            "validation_accuracy": 0.0913
        }
    },
    "computing_system": "g4dnxlarge-1",
    "batch_size": "2048"
}
