{
    "init": -1.0,
    "total_training": 39.98920226097107,
    "largest_real_time_delta": 30.042308807373047,
    "fit_time": -1.0,
    "write_model_time": -1.0,
    "epochs": {
        "1": {
            "steps": {
                "1": 22.436146,
                "2": 0.0423,
                "3": 0.04437,
                "4": 0.042109,
                "5": 0.046037,
                "6": 0.041212,
                "7": 0.043751,
                "8": 0.041511,
                "9": 0.0442,
                "10": 0.040936,
                "11": 0.042602,
                "12": 0.041459,
                "13": 0.043896,
                "14": 0.040847,
                "15": 0.044693,
                "16": 0.041083,
                "17": 0.044076,
                "18": 0.040905,
                "19": 0.04413,
                "20": 0.041981,
                "21": 0.043885,
                "22": 0.041761,
                "23": 0.043239,
                "24": 0.041263,
                "25": 0.04389,
                "26": 0.040895,
                "27": 0.04309,
                "28": 0.041184,
                "29": 0.041164,
                "30": 0.049549
            },
            "validation_accuracy": 0.8848,
            "validation_time": 0.689659,
            "epoch_time": 24.3718581199646
        },
        "2": {
            "steps": {
                "1": 0.046005,
                "2": 0.042124,
                "3": 0.043689,
                "4": 0.040819,
                "5": 0.042961,
                "6": 0.041474,
                "7": 0.043523,
                "8": 0.04193,
                "9": 0.043224,
                "10": 0.041139,
                "11": 0.044981,
                "12": 0.04164,
                "13": 0.043664,
                "14": 0.04132,
                "15": 0.043619,
                "16": 0.04062,
                "17": 0.043694,
                "18": 0.042454,
                "19": 0.043198,
                "20": 0.041618,
                "21": 0.045141,
                "22": 0.040922,
                "23": 0.043275,
                "24": 0.041483,
                "25": 0.043697,
                "26": 0.041433,
                "27": 0.043932,
                "28": 0.041234,
                "29": 0.042449,
                "30": 0.029852
            },
            "validation_accuracy": 0.9237,
            "validation_time": 0.143325,
            "epoch_time": 1.4141004085540771
        },
        "3": {
            "steps": {
                "1": 0.044244,
                "2": 0.041715,
                "3": 0.043586,
                "4": 0.041619,
                "5": 0.043003,
                "6": 0.041533,
                "7": 0.043811,
                "8": 0.041648,
                "9": 0.044398,
                "10": 0.042417,
                "11": 0.043947,
                "12": 0.041629,
                "13": 0.043616,
                "14": 0.04085,
                "15": 0.044293,
                "16": 0.041703,
                "17": 0.045052,
                "18": 0.041137,
                "19": 0.044597,
                "20": 0.041383,
                "21": 0.044772,
                "22": 0.041101,
                "23": 0.043293,
                "24": 0.041999,
                "25": 0.044055,
                "26": 0.04158,
                "27": 0.044416,
                "28": 0.041237,
                "29": 0.041587,
                "30": 0.029648
            },
            "validation_accuracy": 0.9439,
            "validation_time": 0.14371,
            "epoch_time": 1.4171340465545654
        },
        "4": {
            "steps": {
                "1": 0.044639,
                "2": 0.041826,
                "3": 0.043845,
                "4": 0.041636,
                "5": 0.042397,
                "6": 0.040911,
                "7": 0.047781,
                "8": 0.041668,
                "9": 0.045369,
                "10": 0.043092,
                "11": 0.04358,
                "12": 0.04248,
                "13": 0.043695,
                "14": 0.041495,
                "15": 0.043916,
                "16": 0.040345,
                "17": 0.043346,
                "18": 0.041588,
                "19": 0.044187,
                "20": 0.041232,
                "21": 0.044373,
                "22": 0.04084,
                "23": 0.043786,
                "24": 0.041323,
                "25": 0.044749,
                "26": 0.042011,
                "27": 0.043693,
                "28": 0.04083,
                "29": 0.041548,
                "30": 0.029131
            },
            "validation_accuracy": 0.9669,
            "validation_time": 0.142026,
            "epoch_time": 1.4169261455535889
        },
        "5": {
            "steps": {
                "1": 0.043219,
                "2": 0.041907,
                "3": 0.043873,
                "4": 0.041108,
                "5": 0.043216,
                "6": 0.040555,
                "7": 0.045812,
                "8": 0.040899,
                "9": 0.044139,
                "10": 0.042145,
                "11": 0.04357,
                "12": 0.040547,
                "13": 0.044163,
                "14": 0.041809,
                "15": 0.043683,
                "16": 0.0424,
                "17": 0.046151,
                "18": 0.042779,
                "19": 0.04489,
                "20": 0.041085,
                "21": 0.044279,
                "22": 0.042575,
                "23": 0.04318,
                "24": 0.042995,
                "25": 0.0433,
                "26": 0.041749,
                "27": 0.044914,
                "28": 0.041035,
                "29": 0.04059,
                "30": 0.029829
            },
            "validation_accuracy": 0.9716,
            "validation_time": 0.141907,
            "epoch_time": 1.4178738594055176
        }
    },
    "computing_system": "p2-16",
    "batch_size": "2048"
}
