{
    "init": -1.0,
    "total_training": 45.52376437187195,
    "largest_real_time_delta": 34.60717749595642,
    "fit_time": -1.0,
    "write_model_time": -1.0,
    "epochs": {
        "1": {
            "steps": {
                "1": 23.438601,
                "2": 0.031336,
                "3": 0.033461,
                "4": 0.031946,
                "5": 0.032585,
                "6": 0.031443,
                "7": 0.033226,
                "8": 0.032176,
                "9": 0.033897,
                "10": 0.030529,
                "11": 0.033812,
                "12": 0.031441,
                "13": 0.033351,
                "14": 0.031971,
                "15": 0.033375,
                "16": 0.031209,
                "17": 0.033368,
                "18": 0.03184,
                "19": 0.032949,
                "20": 0.032025,
                "21": 0.033088,
                "22": 0.03178,
                "23": 0.033047,
                "24": 0.032196,
                "25": 0.033961,
                "26": 0.032293,
                "27": 0.033169,
                "28": 0.031675,
                "29": 0.033669,
                "30": 0.032377,
                "31": 0.032654,
                "32": 0.032595,
                "33": 0.033494,
                "34": 0.031899,
                "35": 0.033233,
                "36": 0.032126,
                "37": 0.033834,
                "38": 0.031573,
                "39": 0.033372,
                "40": 0.031608,
                "41": 0.032803,
                "42": 0.031754,
                "43": 0.033569,
                "44": 0.032253,
                "45": 0.034173,
                "46": 0.031818,
                "47": 0.032856,
                "48": 0.032161,
                "49": 0.033748,
                "50": 0.032887,
                "51": 0.033446,
                "52": 0.031546,
                "53": 0.033678,
                "54": 0.031941,
                "55": 0.033828,
                "56": 0.031854,
                "57": 0.032919,
                "58": 0.031198,
                "59": 0.050311
            },
            "validation_accuracy": 0.942,
            "validation_time": 0.739376,
            "epoch_time": 26.089265823364258
        },
        "2": {
            "steps": {
                "1": 0.032484,
                "2": 0.032093,
                "3": 0.032809,
                "4": 0.031196,
                "5": 0.03219,
                "6": 0.031712,
                "7": 0.031662,
                "8": 0.033541,
                "9": 0.0321,
                "10": 0.033437,
                "11": 0.032489,
                "12": 0.030328,
                "13": 0.033226,
                "14": 0.032269,
                "15": 0.0327,
                "16": 0.031666,
                "17": 0.032272,
                "18": 0.031977,
                "19": 0.03368,
                "20": 0.031819,
                "21": 0.033418,
                "22": 0.032426,
                "23": 0.032099,
                "24": 0.032469,
                "25": 0.033105,
                "26": 0.032017,
                "27": 0.033441,
                "28": 0.032785,
                "29": 0.032616,
                "30": 0.033211,
                "31": 0.032386,
                "32": 0.033143,
                "33": 0.031414,
                "34": 0.031784,
                "35": 0.032772,
                "36": 0.033444,
                "37": 0.031939,
                "38": 0.032929,
                "39": 0.032438,
                "40": 0.033337,
                "41": 0.032238,
                "42": 0.033184,
                "43": 0.032303,
                "44": 0.031618,
                "45": 0.032412,
                "46": 0.032115,
                "47": 0.034154,
                "48": 0.031626,
                "49": 0.033445,
                "50": 0.032234,
                "51": 0.031894,
                "52": 0.033037,
                "53": 0.03341,
                "54": 0.031901,
                "55": 0.033412,
                "56": 0.03189,
                "57": 0.034067,
                "58": 0.030616,
                "59": 0.029763
            },
            "validation_accuracy": 0.9697,
            "validation_time": 0.19579,
            "epoch_time": 2.113283157348633
        },
        "3": {
            "steps": {
                "1": 0.0335,
                "2": 0.033142,
                "3": 0.032776,
                "4": 0.031284,
                "5": 0.033076,
                "6": 0.034312,
                "7": 0.031086,
                "8": 0.033705,
                "9": 0.031959,
                "10": 0.033722,
                "11": 0.033188,
                "12": 0.034408,
                "13": 0.032397,
                "14": 0.033145,
                "15": 0.032727,
                "16": 0.033013,
                "17": 0.032394,
                "18": 0.033719,
                "19": 0.032776,
                "20": 0.032443,
                "21": 0.033146,
                "22": 0.033166,
                "23": 0.032125,
                "24": 0.033201,
                "25": 0.031966,
                "26": 0.033423,
                "27": 0.032103,
                "28": 0.032424,
                "29": 0.032564,
                "30": 0.033289,
                "31": 0.031388,
                "32": 0.034174,
                "33": 0.033378,
                "34": 0.03353,
                "35": 0.032581,
                "36": 0.033534,
                "37": 0.031895,
                "38": 0.033606,
                "39": 0.03229,
                "40": 0.03413,
                "41": 0.033121,
                "42": 0.033032,
                "43": 0.032834,
                "44": 0.03366,
                "45": 0.033091,
                "46": 0.032727,
                "47": 0.032088,
                "48": 0.033007,
                "49": 0.031722,
                "50": 0.033798,
                "51": 0.032576,
                "52": 0.033262,
                "53": 0.032666,
                "54": 0.033601,
                "55": 0.031948,
                "56": 0.034048,
                "57": 0.032603,
                "58": 0.032919,
                "59": 0.029775
            },
            "validation_accuracy": 0.9783,
            "validation_time": 0.195513,
            "epoch_time": 2.137904405593872
        },
        "4": {
            "steps": {
                "1": 0.032589,
                "2": 0.033434,
                "3": 0.031709,
                "4": 0.033417,
                "5": 0.031658,
                "6": 0.033189,
                "7": 0.032551,
                "8": 0.033072,
                "9": 0.030775,
                "10": 0.034416,
                "11": 0.032408,
                "12": 0.033825,
                "13": 0.032818,
                "14": 0.032292,
                "15": 0.031864,
                "16": 0.032906,
                "17": 0.0329,
                "18": 0.032008,
                "19": 0.032167,
                "20": 0.03221,
                "21": 0.031252,
                "22": 0.032874,
                "23": 0.032494,
                "24": 0.034584,
                "25": 0.032016,
                "26": 0.033775,
                "27": 0.031841,
                "28": 0.033111,
                "29": 0.032314,
                "30": 0.033131,
                "31": 0.032076,
                "32": 0.034442,
                "33": 0.032886,
                "34": 0.033214,
                "35": 0.033318,
                "36": 0.033538,
                "37": 0.033558,
                "38": 0.033448,
                "39": 0.033949,
                "40": 0.032255,
                "41": 0.034463,
                "42": 0.032414,
                "43": 0.034132,
                "44": 0.032916,
                "45": 0.03385,
                "46": 0.031621,
                "47": 0.032935,
                "48": 0.033399,
                "49": 0.03422,
                "50": 0.032526,