{
    "init": 5.1074419021606445,
    "total_training": 35.1609668732,
    "largest_real_time_delta": 28.600000143051147,
    "fit_time": 29.911206007,
    "write_model_time": 0.142284154892,
    "epochs": {
        "1": {
            "steps": {
                "1": 15.8282449245,
                "2": 0.0310328006744,
                "3": 0.0319359302521,
                "4": 0.0302999019623,
                "5": 0.0315680503845,
                "6": 0.0302038192749,
                "7": 0.0311889648438,
                "8": 0.0297350883484,
                "9": 0.0316438674927,
                "10": 0.0294020175934,
                "11": 0.0313329696655,
                "12": 0.0300149917603,
                "13": 0.0319368839264,
                "14": 0.0325469970703,
                "15": 0.0299351215363,
                "16": 0.0305860042572,
                "17": 0.0312378406525,
                "18": 0.031998872757,
                "19": 0.030266046524,
                "20": 0.033478975296,
                "21": 0.0318548679352,
                "22": 0.0296981334686,
                "23": 0.0310270786285,
                "24": 0.0294599533081,
                "25": 0.0307538509369,
                "26": 0.0300409793854,
                "27": 0.0310637950897,
                "28": 0.030003786087,
                "29": 0.0301530361176,
                "30": 0.029746055603,
                "31": 0.0317270755768,
                "32": 0.0293700695038,
                "33": 0.0323688983917,
                "34": 0.0303239822388,
                "35": 0.0330491065979,
                "36": 0.0317709445953,
                "37": 0.0323770046234,
                "38": 0.0305759906769,
                "39": 0.0308759212494,
                "40": 0.0326449871063,
                "41": 0.0311789512634,
                "42": 0.0307610034943,
                "43": 0.0293638706207,
                "44": 0.030825138092,
                "45": 0.033716917038,
                "46": 0.0313401222229,
                "47": 0.0302979946136,
                "48": 0.0308790206909,
                "49": 0.0330219268799,
                "50": 0.0314440727234,
                "51": 0.0316390991211,
                "52": 0.0318720340729,
                "53": 0.0301578044891,
                "54": 0.0314781665802,
                "55": 0.0294868946075,
                "56": 0.0315051078796,
                "57": 0.0309429168701,
                "58": 0.0327491760254,
                "59": 0.0315458774567,
                "60": 0.0318231582642,
                "61": 0.0301039218903,
                "62": 0.0316150188446,
                "63": 0.0302081108093,
                "64": 0.031201839447,
                "65": 0.0297868251801,
                "66": 0.0309870243073,
                "67": 0.0300571918488,
                "68": 0.0313489437103,
                "69": 0.0307950973511,
                "70": 0.0312519073486,
                "71": 0.0300641059875,
                "72": 0.0322179794312,
                "73": 0.0316190719604,
                "74": 0.0322098731995,
                "75": 0.0306520462036,
                "76": 0.0328860282898,
                "77": 0.0313830375671,
                "78": 0.0326209068298,
                "79": 0.0271780490875,
                "80": 0.0452589988708
            },
            "validation_time": 0.25960111618,
            "epoch_time": 18.5628750324
        },
        "2": {
            "steps": {
                "1": 0.030100107193,
                "2": 0.0302550792694,
                "3": 0.0299410820007,
                "4": 0.0297389030457,
                "5": 0.0282030105591,
                "6": 0.0306031703949,
                "7": 0.0296099185944,
                "8": 0.0286591053009,
                "9": 0.0295860767365,
                "10": 0.0296540260315,
                "11": 0.0285520553589,
                "12": 0.0305869579315,
                "13": 0.029510974884,
                "14": 0.0278160572052,
                "15": 0.0298669338226,
                "16": 0.0316300392151,
                "17": 0.0311110019684,
                "18": 0.0299158096313,
                "19": 0.0318410396576,
                "20": 0.0298149585724,
                "21": 0.0316641330719,
                "22": 0.0320799350739,
                "23": 0.030543088913,
                "24": 0.0305278301239,
                "25": 0.0315601825714,
                "26": 0.0302789211273,
                "27": 0.0299139022827,
                "28": 0.0316021442413,
                "29": 0.0294680595398,
                "30": 0.0312309265137,
                "31": 0.0300951004028,
                "32": 0.0306379795074,
                "33": 0.0313899517059,
                "34": 0.0311148166656,
                "35": 0.0311281681061,
                "36": 0.0322058200836,
                "37": 0.0324420928955,
                "38": 0.0310728549957,
                "39": 0.030769109726,
                "40": 0.0298938751221,
                "41": 0.0303621292114,
                "42": 0.0305089950562,
                "43": 0.0333139896393,
                "44": 0.0312361717224,
                "45": 0.0305409431458,
                "46": 0.0304398536682,
                "47": 0.0321810245514,
                "48": 0.0313928127289,
                "49": 0.0321831703186,
                "50": 0.0306558609009,
                "51": 0.0310671329498,
                "52": 0.0303661823273,
                "53": 0.0328722000122,
                "54": 0.0303881168365,
                "55": 0.0314860343933,
                "56": 0.0292389392853,
                "57": 0.0298581123352,
                "58": 0.0324301719666,
                "59": 0.0297219753265,
                "60": 0.0301489830017,
                "61": 0.0297899246216,
                "62": 0.0309548377991,
                "63": 0.0316309928894,
                "64": 0.0309221744537,
                "65": 0.0312030315399,
                "66": 0.0303921699524,
                "67": 0.0322659015656,
                "68": 0.0312869548798,
                "69": 0.031800031662,
                "70": 0.0311560630798,
                "71": 0.0298202037811,
                "72": 0.0302879810333,
                "73": 0.0302560329437,
                "74": 0.030720949173,
                "75": 0.0326337814331,
                "76": 0.0316100120544,
                "77": 0.0313861370087,
                "78": 0.0337109565735,
                "79": 0.0285489559174,
                "80": 0.023099899292
            },
            "validation_time": 0.0140829086304,
            "epoch_time": 2.47188186646
        },
        "3": {
            "steps": {
                "1": 0.0310389995575,
                "2": 0.0314970016479,
                "3": 0.0319390296936,
                "4": 0.0328640937805,
                "5": 0.0329339504242,
                "6": 0.0305590629578,
                "7": 0.0335278511047,
                "8": 0.0304090976715,
                "9": 0.0327310562134,
                "10": 0.032369852066,
                "11": 0.0326840877533,
                "12": 0.0325939655304,
                "13": 0.0329539775848,
                "14": 0.0327579975128,
                "15": 0.0310459136963,
                "16": 0.0327801704407,
                "17": 0.032154083252,
                "18": 0.0313239097595,
                "19": 0.0307450294495,
                "20": 0.0320799350739,
                "21": 0.031571149826,
                "22": 0.030935049057,
                "23": 0.0301649570465,
                "24": 0.0304760932922,
                "25": 0.0339460372925,
                "26": 0.0321500301361,
                "27": 0.0327451229095,
                "28": 0.0317718982697,
                "29": 0.0320658683777,
                "30": 0.0305089950562,
                "31": 0.0318219661713,
                "32": 0.0312089920044,