{
    "init": 5.231451034545898,
    "total_training": 36.8390951157,
    "largest_real_time_delta": 30.170000076293945,
    "fit_time": 31.4681680202,
    "write_model_time": 0.139443874359,
    "epochs": {
        "1": {
            "steps": {
                "1": 15.7028660774,
                "2": 0.0356209278107,
                "3": 0.0355179309845,
                "4": 0.036062002182,
                "5": 0.0360999107361,
                "6": 0.0361621379852,
                "7": 0.0360460281372,
                "8": 0.0356101989746,
                "9": 0.0363080501556,
                "10": 0.0364859104156,
                "11": 0.0369830131531,
                "12": 0.0360119342804,
                "13": 0.0366199016571,
                "14": 0.0364439487457,
                "15": 0.036700963974,
                "16": 0.0366230010986,
                "17": 0.0364639759064,
                "18": 0.0365481376648,
                "19": 0.0374510288239,
                "20": 0.0365591049194,
                "21": 0.0370390415192,
                "22": 0.0365989208221,
                "23": 0.0365600585938,
                "24": 0.0362160205841,
                "25": 0.0362339019775,
                "26": 0.0366570949554,
                "27": 0.0368409156799,
                "28": 0.0367538928986,
                "29": 0.0373940467834,
                "30": 0.0364079475403,
                "31": 0.037565946579,
                "32": 0.0363991260529,
                "33": 0.0376489162445,
                "34": 0.0366718769073,
                "35": 0.0366249084473,
                "36": 0.0368318557739,
                "37": 0.0366830825806,
                "38": 0.0361590385437,
                "39": 0.0362751483917,
                "40": 0.035924911499,
                "41": 0.0355961322784,
                "42": 0.0370769500732,
                "43": 0.0361330509186,
                "44": 0.0363028049469,
                "45": 0.0364279747009,
                "46": 0.0363819599152,
                "47": 0.037544965744,
                "48": 0.036691904068,
                "49": 0.0362460613251,
                "50": 0.0367081165314,
                "51": 0.0365588665009,
                "52": 0.0362040996552,
                "53": 0.0372400283813,
                "54": 0.0360958576202,
                "55": 0.0364511013031,
                "56": 0.0360891819,
                "57": 0.0362498760223,
                "58": 0.0365419387817,
                "59": 0.0367519855499,
                "60": 0.036493062973,
                "61": 0.036682844162,
                "62": 0.0369379520416,
                "63": 0.0364151000977,
                "64": 0.0363891124725,
                "65": 0.0367019176483,
                "66": 0.03644490242,
                "67": 0.0381109714508,
                "68": 0.037211894989,
                "69": 0.0365540981293,
                "70": 0.0363259315491,
                "71": 0.036288022995,
                "72": 0.0354871749878,
                "73": 0.0364170074463,
                "74": 0.036581993103,
                "75": 0.0358371734619,
                "76": 0.0356271266937,
                "77": 0.0369191169739,
                "78": 0.0363488197327,
                "79": 0.032811164856,
                "80": 0.0484571456909
            },
            "validation_time": 0.25636100769,
            "epoch_time": 18.8576037884
        },
        "2": {
            "steps": {
                "1": 0.0361568927765,
                "2": 0.0356729030609,
                "3": 0.03586602211,
                "4": 0.0357301235199,
                "5": 0.0353548526764,
                "6": 0.0360178947449,
                "7": 0.0348119735718,
                "8": 0.0353710651398,
                "9": 0.0346670150757,
                "10": 0.035856962204,
                "11": 0.0353300571442,
                "12": 0.0356249809265,
                "13": 0.0347740650177,
                "14": 0.0345480442047,
                "15": 0.0349130630493,
                "16": 0.0355021953583,
                "17": 0.0344829559326,
                "18": 0.0353870391846,
                "19": 0.0347158908844,
                "20": 0.0357298851013,
                "21": 0.0353150367737,
                "22": 0.0353171825409,
                "23": 0.0352389812469,
                "24": 0.035758972168,
                "25": 0.0358369350433,
                "26": 0.0356729030609,
                "27": 0.0348289012909,
                "28": 0.0362529754639,
                "29": 0.034099817276,
                "30": 0.035120010376,
                "31": 0.0352330207825,
                "32": 0.0356340408325,
                "33": 0.0352230072021,
                "34": 0.0369920730591,
                "35": 0.0353140830994,
                "36": 0.0372850894928,
                "37": 0.0356650352478,
                "38": 0.0364549160004,
                "39": 0.0356178283691,
                "40": 0.0353600978851,
                "41": 0.0355501174927,
                "42": 0.0354790687561,
                "43": 0.0349929332733,
                "44": 0.0352928638458,
                "45": 0.0350410938263,
                "46": 0.0353670120239,
                "47": 0.035462141037,
                "48": 0.0352411270142,
                "49": 0.0347669124603,
                "50": 0.0348582267761,
                "51": 0.0350680351257,
                "52": 0.0359289646149,
                "53": 0.0351850986481,
                "54": 0.0362820625305,
                "55": 0.0351550579071,
                "56": 0.0356090068817,
                "57": 0.0357270240784,
                "58": 0.0354318618774,
                "59": 0.0348720550537,
                "60": 0.0361080169678,
                "61": 0.0347409248352,
                "62": 0.0347609519958,
                "63": 0.0355529785156,
                "64": 0.0358581542969,
                "65": 0.0346260070801,
                "66": 0.0358870029449,
                "67": 0.0352320671082,
                "68": 0.0362460613251,
                "69": 0.035413980484,
                "70": 0.0362150669098,
                "71": 0.0349321365356,
                "72": 0.0358052253723,
                "73": 0.0352251529694,
                "74": 0.035453081131,
                "75": 0.0368800163269,
                "76": 0.0353600978851,
                "77": 0.035197019577,
                "78": 0.0354859828949,
                "79": 0.0312850475311,
                "80": 0.0288600921631
            },
            "validation_time": 0.0168929100037,
            "epoch_time": 2.84858012199
        },
        "3": {
            "steps": {
                "1": 0.0359630584717,
                "2": 0.0359351634979,
                "3": 0.034961938858,
                "4": 0.0355308055878,
                "5": 0.0355980396271,
                "6": 0.0351600646973,
                "7": 0.0345828533173,
                "8": 0.0352599620819,
                "9": 0.0351049900055,
                "10": 0.0345408916473,
                "11": 0.0347299575806,
                "12": 0.0354759693146,
                "13": 0.034943819046,
                "14": 0.0363891124725,
                "15": 0.0361840724945,
                "16": 0.0361888408661,
                "17": 0.0346829891205,
                "18": 0.0344591140747,
                "19": 0.0341310501099,
                "20": 0.0357439517975,
                "21": 0.0337910652161,
                "22": 0.0335910320282,
                "23": 0.0350379943848,
                "24": 0.035160779953,
                "25": 0.0345661640167,
                "26": 0.0346801280975,
                "27": 0.0333762168884,
                "28": 0.0353271961212,
                "29": 0.0350470542908,
                "30": 0.0355889797211,
                "31": 0.0349941253662,
                "32": 0.0349068641663,