{
    "init": 5.708440065383911,
    "total_training": 32.8694679737,
    "largest_real_time_delta": 25.69000005722046,
    "fit_time": 27.0207631588,
    "write_model_time": 0.140229940414,
    "epochs": {
        "1": {
            "steps": {
                "1": 15.9666128159,
                "2": 0.0925140380859,
                "3": 0.0946829319,
                "4": 0.0925698280334,
                "5": 0.0958979129791,
                "6": 0.0955770015717,
                "7": 0.0955109596252,
                "8": 0.0913970470428,
                "9": 0.0900869369507,
                "10": 0.0917091369629,
                "11": 0.0920820236206,
                "12": 0.0933828353882,
                "13": 0.093211889267,
                "14": 0.0949308872223,
                "15": 0.0954089164734,
                "16": 0.0952439308167,
                "17": 0.0958309173584,
                "18": 0.0895459651947,
                "19": 0.0873589515686,
                "20": 0.253890991211
            },
            "validation_accuracy": 0.75,
            "validation_time": 0.298283100128,
            "epoch_time": 18.2227218151
        },
        "2": {
            "steps": {
                "1": 0.091628074646,
                "2": 0.0946259498596,
                "3": 0.0912997722626,
                "4": 0.0944170951843,
                "5": 0.0938029289246,
                "6": 0.0910398960114,
                "7": 0.0924389362335,
                "8": 0.0940721035004,
                "9": 0.09543800354,
                "10": 0.0925481319427,
                "11": 0.0920021533966,
                "12": 0.0951941013336,
                "13": 0.0920860767365,
                "14": 0.0919909477234,
                "15": 0.0941548347473,
                "16": 0.0981950759888,
                "17": 0.0945389270782,
                "18": 0.0949099063873,
                "19": 0.0875370502472,
                "20": 0.0494470596313
            },
            "validation_accuracy": 0.8349,
            "validation_time": 0.014897108078,
            "epoch_time": 1.86321496964
        },
        "3": {
            "steps": {
                "1": 0.0924699306488,
                "2": 0.0941758155823,
                "3": 0.0921819210052,
                "4": 0.0924029350281,
                "5": 0.0911111831665,
                "6": 0.0908491611481,
                "7": 0.0973329544067,
                "8": 0.0951581001282,
                "9": 0.0928421020508,
                "10": 0.0965418815613,
                "11": 0.0956988334656,
                "12": 0.0912289619446,
                "13": 0.0917620658875,
                "14": 0.0906631946564,
                "15": 0.0919930934906,
                "16": 0.0925500392914,
                "17": 0.0906310081482,
                "18": 0.0925619602203,
                "19": 0.0850780010223,
                "20": 0.0479619503021
            },
            "validation_accuracy": 0.9057,
            "validation_time": 0.0147948265076,
            "epoch_time": 1.84679198265
        },
        "4": {
            "steps": {
                "1": 0.0939190387726,
                "2": 0.0952019691467,
                "3": 0.092080116272,
                "4": 0.0916621685028,
                "5": 0.0920901298523,
                "6": 0.0930111408234,
                "7": 0.0936899185181,
                "8": 0.0919699668884,
                "9": 0.0955018997192,
                "10": 0.0957560539246,
                "11": 0.0949168205261,
                "12": 0.0944662094116,
                "13": 0.0928189754486,
                "14": 0.0929119586945,
                "15": 0.0972321033478,
                "16": 0.0915338993073,
                "17": 0.0959548950195,
                "18": 0.096009016037,
                "19": 0.0902440547943,
                "20": 0.0479590892792
            },
            "validation_accuracy": 0.9198,
            "validation_time": 0.015410900116,
            "epoch_time": 1.87127804756
        },
        "5": {
            "steps": {
                "1": 0.0941908359528,
                "2": 0.0949709415436,
                "3": 0.0963821411133,
                "4": 0.0955450534821,
                "5": 0.0954129695892,
                "6": 0.0953149795532,
                "7": 0.090882062912,
                "8": 0.0941920280457,
                "9": 0.09202003479,
                "10": 0.0956358909607,
                "11": 0.0955231189728,
                "12": 0.0959420204163,
                "13": 0.0950360298157,
                "14": 0.0973119735718,
                "15": 0.0930621623993,
                "16": 0.094780921936,
                "17": 0.0934870243073,
                "18": 0.094544172287,
                "19": 0.0893230438232,
                "20": 0.0484960079193
            },
            "validation_accuracy": 0.9434,
            "validation_time": 0.0151550769806,
            "epoch_time": 1.88423514366
        }
    },
    "computing_system": "p3-8",
    "batch_size": "2048"
}
