{
    "init": 5.217824935913086,
    "total_training": 32.427282095,
    "largest_real_time_delta": 25.740000009536743,
    "fit_time": 27.0708589554,
    "write_model_time": 0.138563871384,
    "epochs": {
        "1": {
            "steps": {
                "1": 15.8530580997,
                "2": 0.0735530853271,
                "3": 0.0715520381927,
                "4": 0.072676897049,
                "5": 0.0743598937988,
                "6": 0.0740561485291,
                "7": 0.0738739967346,
                "8": 0.0748829841614,
                "9": 0.0746428966522,
                "10": 0.0760860443115,
                "11": 0.0742192268372,
                "12": 0.071494102478,
                "13": 0.0739531517029,
                "14": 0.0743429660797,
                "15": 0.0757989883423,
                "16": 0.076101064682,
                "17": 0.0755679607391,
                "18": 0.07435297966,
                "19": 0.0702619552612,
                "20": 0.249101161957
            },
            "validation_time": 0.301983833313,
            "epoch_time": 17.7642090321
        },
        "2": {
            "steps": {
                "1": 0.100700139999,
                "2": 0.10644698143,
                "3": 0.10623216629,
                "4": 0.101653814316,
                "5": 0.10461306572,
                "6": 0.102159976959,
                "7": 0.106920957565,
                "8": 0.106018066406,
                "9": 0.108675003052,
                "10": 0.102233171463,
                "11": 0.106514930725,
                "12": 0.105695962906,
                "13": 0.104265928268,
                "14": 0.102612018585,
                "15": 0.103510141373,
                "16": 0.100673913956,
                "17": 0.0984950065613,
                "18": 0.100229024887,
                "19": 0.0924899578094,
                "20": 0.0420558452606
            },
            "validation_time": 0.0128488540649,
            "epoch_time": 2.04222917557
        },
        "3": {
            "steps": {
                "1": 0.0973889827728,
                "2": 0.0978569984436,
                "3": 0.0992548465729,
                "4": 0.0976338386536,
                "5": 0.0978760719299,
                "6": 0.0973699092865,
                "7": 0.0981121063232,
                "8": 0.0987119674683,
                "9": 0.099328994751,
                "10": 0.0995638370514,
                "11": 0.0978701114655,
                "12": 0.0980830192566,
                "13": 0.0984499454498,
                "14": 0.0998690128326,
                "15": 0.0993020534515,
                "16": 0.101197004318,
                "17": 0.0999979972839,
                "18": 0.0999329090118,
                "19": 0.0941729545593,
                "20": 0.0420160293579
            },
            "validation_time": 0.0130989551544,
            "epoch_time": 1.95380711555
        },
        "4": {
            "steps": {
                "1": 0.0983650684357,
                "2": 0.0996470451355,
                "3": 0.0987129211426,
                "4": 0.0996510982513,
                "5": 0.0989909172058,
                "6": 0.101151943207,
                "7": 0.10396194458,
                "8": 0.106463909149,
                "9": 0.105112075806,
                "10": 0.106887817383,
                "11": 0.103511095047,
                "12": 0.103307008743,
                "13": 0.099760055542,
                "14": 0.0999898910522,
                "15": 0.0991139411926,
                "16": 0.100923061371,
                "17": 0.102391958237,
                "18": 0.1028881073,
                "19": 0.0968399047852,
                "20": 0.0432760715485
            },
            "validation_time": 0.0128149986267,
            "epoch_time": 2.01069998741
        },
        "5": {
            "steps": {
                "1": 0.101784944534,
                "2": 0.10284614563,
                "3": 0.101859092712,
                "4": 0.0995228290558,
                "5": 0.0989849567413,
                "6": 0.100120067596,
                "7": 0.09867811203,
                "8": 0.0992498397827,
                "9": 0.0997920036316,
                "10": 0.0976650714874,
                "11": 0.0983431339264,
                "12": 0.0978691577911,
                "13": 0.0979080200195,
                "14": 0.0983169078827,
                "15": 0.0985519886017,
                "16": 0.0982539653778,
                "17": 0.0973510742188,
                "18": 0.0984511375427,
                "19": 0.0934247970581,
                "20": 0.0432860851288
            },
            "validation_time": 0.0135679244995,
            "epoch_time": 1.96239805222
        }
    }
}
