{
    "init": 3.6356496810913086,
    "total_training": 15.419222593307495,
    "largest_real_time_delta": 10.866716146469116,
    "epochs": {
        "1": {
            "steps": {
                "1": 8.364174,
                "2": 0.014217,
                "3": 0.013647,
                "4": 0.01435,
                "5": 0.013718,
                "6": 0.013745,
                "7": 0.013873,
                "8": 0.013596,
                "9": 0.013847,
                "10": 0.013752,
                "11": 0.013544,
                "12": 0.01383,
                "13": 0.014132,
                "14": 0.014483,
                "15": 0.01422,
                "16": 0.01557,
                "17": 0.013711,
                "18": 0.01337,
                "19": 0.013512,
                "20": 0.013539,
                "21": 0.013656,
                "22": 0.013677,
                "23": 0.01368,
                "24": 0.015135,
                "25": 0.013817,
                "26": 0.01525,
                "27": 0.013763,
                "28": 0.013825,
                "29": 0.012201,
                "30": 0.034199
            },
            "validation_time": 0.205913,
            "epoch_time": 8.997556209564209
        },
        "2": {
            "steps": {
                "1": 0.014802,
                "2": 0.013835,
                "3": 0.013856,
                "4": 0.014281,
                "5": 0.013848,
                "6": 0.014576,
                "7": 0.013669,
                "8": 0.01442,
                "9": 0.013873,
                "10": 0.014749,
                "11": 0.013431,
                "12": 0.014771,
                "13": 0.013852,
                "14": 0.014124,
                "15": 0.01387,
                "16": 0.014231,
                "17": 0.015152,
                "18": 0.014795,
                "19": 0.013173,
                "20": 0.014962,
                "21": 0.013906,
                "22": 0.014654,
                "23": 0.01353,
                "24": 0.017524,
                "25": 0.013633,
                "26": 0.0147,
                "27": 0.014016,
                "28": 0.014408,
                "29": 0.01234,
                "30": 0.010508
            },
            "validation_time": 0.041023,
            "epoch_time": 0.46799182891845703
        },
        "3": {
            "steps": {
                "1": 0.013994,
                "2": 0.014492,
                "3": 0.013715,
                "4": 0.014682,
                "5": 0.013866,
                "6": 0.015125,
                "7": 0.013839,
                "8": 0.014828,
                "9": 0.013506,
                "10": 0.014828,
                "11": 0.014771,
                "12": 0.014746,
                "13": 0.013555,
                "14": 0.014949,
                "15": 0.013855,
                "16": 0.014611,
                "17": 0.013749,
                "18": 0.014685,
                "19": 0.013993,
                "20": 0.014644,
                "21": 0.015476,
                "22": 0.016303,
                "23": 0.013457,
                "24": 0.014166,
                "25": 0.013754,
                "26": 0.014283,
                "27": 0.013562,
                "28": 0.014147,
                "29": 0.012637,
                "30": 0.011113
            },
            "validation_time": 0.040976,
            "epoch_time": 0.469954252243042
        },
        "4": {
            "steps": {
                "1": 0.013883,
                "2": 0.015973,
                "3": 0.01328,
                "4": 0.014229,
                "5": 0.013361,
                "6": 0.015647,
                "7": 0.013431,
                "8": 0.014231,
                "9": 0.013789,
                "10": 0.014134,
                "11": 0.013268,
                "12": 0.014554,
                "13": 0.013967,
                "14": 0.014105,
                "15": 0.01344,
                "16": 0.014485,
                "17": 0.013378,
                "18": 0.014062,
                "19": 0.013293,
                "20": 0.014186,
                "21": 0.013294,
                "22": 0.014453,
                "23": 0.013202,
                "24": 0.014467,
                "25": 0.013517,
                "26": 0.014568,
                "27": 0.013349,
                "28": 0.01464,
                "29": 0.011957,
                "30": 0.010981
            },
            "validation_time": 0.042276,
            "epoch_time": 0.46100568771362305
        },
        "5": {
            "steps": {
                "1": 0.013707,
                "2": 0.014491,
                "3": 0.013496,
                "4": 0.014524,
                "5": 0.013889,
                "6": 0.014971,
                "7": 0.013793,
                "8": 0.01509,
                "9": 0.013841,
                "10": 0.014467,
                "11": 0.014049,
                "12": 0.015291,
                "13": 0.014159,
                "14": 0.014982,
                "15": 0.013578,
                "16": 0.014613,
                "17": 0.013624,
                "18": 0.014154,
                "19": 0.013686,
                "20": 0.014114,
                "21": 0.013587,
                "22": 0.014057,
                "23": 0.01332,
                "24": 0.014629,
                "25": 0.013715,
                "26": 0.014355,
                "27": 0.013405,
                "28": 0.015885,
                "29": 0.012368,
                "30": 0.010713
            },
            "validation_time": 0.042193,
            "epoch_time": 0.4663546085357666
        }
    }
}
