{
    "init": -1.0,
    "total_training": 15.917455434799194,
    "largest_real_time_delta": 11.138277053833008,
    "fit_time": -1.0,
    "write_model_time": -1.0,
    "epochs": {
        "1": {
            "steps": {
                "1": 8.21222,
                "2": 0.017975,
                "3": 0.01831,
                "4": 0.015729,
                "5": 0.017001,
                "6": 0.016743,
                "7": 0.017409,
                "8": 0.015541,
                "9": 0.017077,
                "10": 0.015879,
                "11": 0.016871,
                "12": 0.015437,
                "13": 0.016859,
                "14": 0.015959,
                "15": 0.016778,
                "16": 0.017235,
                "17": 0.017131,
                "18": 0.015797,
                "19": 0.016899,
                "20": 0.016062,
                "21": 0.017189,
                "22": 0.017068,
                "23": 0.016817,
                "24": 0.017095,
                "25": 0.016796,
                "26": 0.015136,
                "27": 0.017019,
                "28": 0.015845,
                "29": 0.015377,
                "30": 0.037731
            },
            "validation_accuracy": 0.9058,
            "validation_time": 0.221439,
            "epoch_time": 8.941102743148804
        },
        "2": {
            "steps": {
                "1": 0.018238,
                "2": 0.017152,
                "3": 0.017305,
                "4": 0.017381,
                "5": 0.016656,
                "6": 0.016598,
                "7": 0.017653,
                "8": 0.015692,
                "9": 0.016652,
                "10": 0.015706,
                "11": 0.01864,
                "12": 0.016206,
                "13": 0.017801,
                "14": 0.01606,
                "15": 0.017612,
                "16": 0.017196,
                "17": 0.015854,
                "18": 0.017851,
                "19": 0.017755,
                "20": 0.017625,
                "21": 0.015799,
                "22": 0.016794,
                "23": 0.017252,
                "24": 0.019645,
                "25": 0.016013,
                "26": 0.01756,
                "27": 0.015603,
                "28": 0.016849,
                "29": 0.015851,
                "30": 0.011438
            },
            "validation_accuracy": 0.939,
            "validation_time": 0.047565,
            "epoch_time": 0.5567770004272461
        },
        "3": {
            "steps": {
                "1": 0.018869,
                "2": 0.016772,
                "3": 0.01647,
                "4": 0.017038,
                "5": 0.017925,
                "6": 0.017727,
                "7": 0.015751,
                "8": 0.016793,
                "9": 0.015814,
                "10": 0.016841,
                "11": 0.015307,
                "12": 0.016269,
                "13": 0.015604,
                "14": 0.017714,
                "15": 0.016391,
                "16": 0.016404,
                "17": 0.017235,
                "18": 0.01734,
                "19": 0.020729,
                "20": 0.01652,
                "21": 0.017187,
                "22": 0.01751,
                "23": 0.016753,
                "24": 0.016812,
                "25": 0.015172,
                "26": 0.016373,
                "27": 0.015873,
                "28": 0.016827,
                "29": 0.01452,
                "30": 0.01187
            },
            "validation_accuracy": 0.9621,
            "validation_time": 0.04595,
            "epoch_time": 0.5489053726196289
        },
        "4": {
            "steps": {
                "1": 0.018058,
                "2": 0.015809,
                "3": 0.018981,
                "4": 0.015697,
                "5": 0.016806,
                "6": 0.017379,
                "7": 0.018248,
                "8": 0.015801,
                "9": 0.017591,
                "10": 0.015809,
                "11": 0.016832,
                "12": 0.016823,
                "13": 0.016644,
                "14": 0.01545,
                "15": 0.016654,
                "16": 0.016588,
                "17": 0.017476,
                "18": 0.015092,
                "19": 0.018422,
                "20": 0.015449,
                "21": 0.01614,
                "22": 0.015366,
                "23": 0.016227,
                "24": 0.015919,
                "25": 0.017369,
                "26": 0.016335,
                "27": 0.016582,
                "28": 0.017105,
                "29": 0.014719,
                "30": 0.011772
            },
            "validation_accuracy": 0.9711,
            "validation_time": 0.045274,
            "epoch_time": 0.5430593490600586
        },
        "5": {
            "steps": {
                "1": 0.017655,
                "2": 0.017838,
                "3": 0.016087,
                "4": 0.017136,
                "5": 0.016682,
                "6": 0.017049,
                "7": 0.016508,
                "8": 0.015328,
                "9": 0.01738,
                "10": 0.015688,
                "11": 0.017402,
                "12": 0.015571,
                "13": 0.01639,
                "14": 0.015682,
                "15": 0.017157,
                "16": 0.015273,
                "17": 0.016359,
                "18": 0.016697,
                "19": 0.018145,
                "20": 0.015449,
                "21": 0.017411,
                "22": 0.015119,
                "23": 0.016914,
                "24": 0.015665,
                "25": 0.016769,
                "26": 0.016094,
                "27": 0.015768,
                "28": 0.018876,
                "29": 0.015159,
                "30": 0.011831
            },
            "validation_accuracy": 0.9743,
            "validation_time": 0.048223,
            "epoch_time": 0.5438234806060791
        }
    },
    "computing_system": "p3-4",
    "batch_size": "2048"
}
