{
    "init": -1.0,
    "total_training": 16.055460929870605,
    "largest_real_time_delta": 11.227675199508667,
    "fit_time": -1.0,
    "write_model_time": -1.0,
    "epochs": {
        "1": {
            "steps": {
                "1": 8.437866,
                "2": 0.017507,
                "3": 0.016277,
                "4": 0.014878,
                "5": 0.015469,
                "6": 0.016385,
                "7": 0.016555,
                "8": 0.016066,
                "9": 0.016557,
                "10": 0.016558,
                "11": 0.015618,
                "12": 0.01639,
                "13": 0.016839,
                "14": 0.016129,
                "15": 0.016285,
                "16": 0.016748,
                "17": 0.015974,
                "18": 0.016757,
                "19": 0.015783,
                "20": 0.016521,
                "21": 0.015646,
                "22": 0.017298,
                "23": 0.015508,
                "24": 0.016518,
                "25": 0.01667,
                "26": 0.015789,
                "27": 0.016535,
                "28": 0.015629,
                "29": 0.015341,
                "30": 0.033612
            },
            "validation_accuracy": 0.9087,
            "validation_time": 0.20423,
            "epoch_time": 9.133782148361206
        },
        "2": {
            "steps": {
                "1": 0.017024,
                "2": 0.016026,
                "3": 0.017105,
                "4": 0.015929,
                "5": 0.016866,
                "6": 0.015619,
                "7": 0.016654,
                "8": 0.015397,
                "9": 0.016496,
                "10": 0.015575,
                "11": 0.016428,
                "12": 0.016229,
                "13": 0.01723,
                "14": 0.015587,
                "15": 0.016739,
                "16": 0.015426,
                "17": 0.016986,
                "18": 0.015251,
                "19": 0.016233,
                "20": 0.01526,
                "21": 0.016487,
                "22": 0.015681,
                "23": 0.016405,
                "24": 0.015732,
                "25": 0.016775,
                "26": 0.015421,
                "27": 0.016348,
                "28": 0.015741,
                "29": 0.014929,
                "30": 0.010567
            },
            "validation_accuracy": 0.9404,
            "validation_time": 0.042701,
            "epoch_time": 0.5243813991546631
        },
        "3": {
            "steps": {
                "1": 0.016639,
                "2": 0.015478,
                "3": 0.016582,
                "4": 0.015274,
                "5": 0.016444,
                "6": 0.015345,
                "7": 0.016392,
                "8": 0.01509,
                "9": 0.016962,
                "10": 0.015353,
                "11": 0.016778,
                "12": 0.015282,
                "13": 0.016728,
                "14": 0.015272,
                "15": 0.016652,
                "16": 0.015813,
                "17": 0.017161,
                "18": 0.015552,
                "19": 0.016541,
                "20": 0.01553,
                "21": 0.016705,
                "22": 0.015205,
                "23": 0.016347,
                "24": 0.015449,
                "25": 0.016799,
                "26": 0.015176,
                "27": 0.016616,
                "28": 0.015419,
                "29": 0.014816,
                "30": 0.010555
            },
            "validation_accuracy": 0.9605,
            "validation_time": 0.042474,
            "epoch_time": 0.5199151039123535
        },
        "4": {
            "steps": {
                "1": 0.016618,
                "2": 0.015301,
                "3": 0.01674,
                "4": 0.015821,
                "5": 0.016901,
                "6": 0.01534,
                "7": 0.016612,
                "8": 0.015856,
                "9": 0.016814,
                "10": 0.015813,
                "11": 0.016725,
                "12": 0.015671,
                "13": 0.01688,
                "14": 0.015425,
                "15": 0.016966,
                "16": 0.015462,
                "17": 0.017182,
                "18": 0.015488,
                "19": 0.016482,
                "20": 0.015615,
                "21": 0.016408,
                "22": 0.015369,
                "23": 0.016731,
                "24": 0.015559,
                "25": 0.01633,
                "26": 0.015402,
                "27": 0.016425,
                "28": 0.015654,
                "29": 0.015279,
                "30": 0.010639
            },
            "validation_accuracy": 0.9719,
            "validation_time": 0.041652,
            "epoch_time": 0.522646427154541
        },
        "5": {
            "steps": {
                "1": 0.017007,
                "2": 0.015545,
                "3": 0.016633,
                "4": 0.015363,
                "5": 0.016527,
                "6": 0.015874,
                "7": 0.016727,
                "8": 0.015825,
                "9": 0.016214,
                "10": 0.015499,
                "11": 0.016746,
                "12": 0.015559,
                "13": 0.016656,
                "14": 0.015202,
                "15": 0.016767,
                "16": 0.015547,
                "17": 0.016322,
                "18": 0.015889,
                "19": 0.016945,
                "20": 0.015628,
                "21": 0.016717,
                "22": 0.015704,
                "23": 0.016282,
                "24": 0.015584,
                "25": 0.016587,
                "26": 0.015186,
                "27": 0.016354,
                "28": 0.015789,
                "29": 0.01537,
                "30": 0.010687
            },
            "validation_accuracy": 0.9744,
            "validation_time": 0.042788,
            "epoch_time": 0.5230052471160889
        }
    },
    "computing_system": "p3-4",
    "batch_size": "2048"
}
