{
    "init": -1.0,
    "total_training": 18.152990579605103,
    "largest_real_time_delta": 15.312303304672241,
    "fit_time": -1.0,
    "write_model_time": -1.0,
    "epochs": {
        "1": {
            "steps": {
                "1": 2.640568,
                "2": 0.021298,
                "3": 0.020279,
                "4": 0.020491,
                "5": 0.020235,
                "6": 0.020455,
                "7": 0.020268,
                "8": 0.020413,
                "9": 0.02051,
                "10": 0.020483,
                "11": 0.020431,
                "12": 0.020251,
                "13": 0.020541,
                "14": 0.020341,
                "15": 0.020215,
                "16": 0.020357,
                "17": 0.02026,
                "18": 0.02042,
                "19": 0.020363,
                "20": 0.02045,
                "21": 0.020186,
                "22": 0.020409,
                "23": 0.020135,
                "24": 0.02029,
                "25": 0.020173,
                "26": 0.020194,
                "27": 0.020103,
                "28": 0.020291,
                "29": 0.020037,
                "30": 0.020262,
                "31": 0.020216,
                "32": 0.020293,
                "33": 0.020442,
                "34": 0.021352,
                "35": 0.021121,
                "36": 0.021016,
                "37": 0.020659,
                "38": 0.020324,
                "39": 0.020412,
                "40": 0.020266,
                "41": 0.020504,
                "42": 0.02059,
                "43": 0.020745,
                "44": 0.02053,
                "45": 0.020875,
                "46": 0.021014,
                "47": 0.021145,
                "48": 0.020943,
                "49": 0.02078,
                "50": 0.020817,
                "51": 0.02086,
                "52": 0.020757,
                "53": 0.020549,
                "54": 0.020442,
                "55": 0.020425,
                "56": 0.020383,
                "57": 0.020253,
                "58": 0.020179,
                "59": 0.020216,
                "60": 0.020194,
                "61": 0.020163,
                "62": 0.020386,
                "63": 0.02015,
                "64": 0.020297,
                "65": 0.020195,
                "66": 0.019986,
                "67": 0.020006,
                "68": 0.020108,
                "69": 0.020019,
                "70": 0.02033,
                "71": 0.020124,
                "72": 0.020298,
                "73": 0.020019,
                "74": 0.020149,
                "75": 0.020037,
                "76": 0.020235,
                "77": 0.019965,
                "78": 0.02034,
                "79": 0.020468,
                "80": 0.020789,
                "81": 0.020727,
                "82": 0.020666,
                "83": 0.020493,
                "84": 0.020427,
                "85": 0.020243,
                "86": 0.020043,
                "87": 0.020063,
                "88": 0.0199,
                "89": 0.020008,
                "90": 0.019926,
                "91": 0.020371,
                "92": 0.020231,
                "93": 0.020021,
                "94": 0.020479,
                "95": 0.020343,
                "96": 0.020419,
                "97": 0.020377,
                "98": 0.020297,
                "99": 0.020353,
                "100": 0.02035,
                "101": 0.020293,
                "102": 0.020411,
                "103": 0.02034,
                "104": 0.020079,
                "105": 0.019955,
                "106": 0.020229,
                "107": 0.020271,
                "108": 0.02029,
                "109": 0.020145,
                "110": 0.020109,
                "111": 0.020127,
                "112": 0.020282,
                "113": 0.019954,
                "114": 0.020088,
                "115": 0.020213,
                "116": 0.02021,
                "117": 0.019724,
                "118": 0.0435
            },
            "validation_time": 0.197934,
            "epoch_time": 5.245438098907471
        },
        "2": {
            "steps": {
                "1": 0.02162,
                "2": 0.02085,
                "3": 0.020412,
                "4": 0.020182,
                "5": 0.020267,
                "6": 0.02005,
                "7": 0.020184,
                "8": 0.02021,
                "9": 0.019953,
                "10": 0.020041,
                "11": 0.019995,
                "12": 0.020154,
                "13": 0.020183,
                "14": 0.020393,
                "15": 0.020156,
                "16": 0.020479,
                "17": 0.02018,
                "18": 0.020137,
                "19": 0.020299,
                "20": 0.020098,
                "21": 0.020111,
                "22": 0.020323,
                "23": 0.020062,
                "24": 0.019981,
                "25": 0.020179,
                "26": 0.019893,
                "27": 0.019977,
                "28": 0.020173,
                "29": 0.020079,
                "30": 0.020217,
                "31": 0.02007,
                "32": 0.020156,
                "33": 0.020077,
                "34": 0.019986,
                "35": 0.020404,
                "36": 0.020723,
                "37": 0.021204,
                "38": 0.020819,
                "39": 0.02078,
                "40": 0.02062,
                "41": 0.020398,
                "42": 0.020318,
                "43": 0.020335,
                "44": 0.019993,
                "45": 0.020073,
                "46": 0.020221,
                "47": 0.020001,
                "48": 0.020103,
                "49": 0.020021,
                "50": 0.020041,
                "51": 0.020139,
                "52": 0.020069,
                "53": 0.020129,
                "54": 0.019936,
                "55": 0.019934,
                "56": 0.020342,
                "57": 0.020082,
                "58": 0.020027,
                "59": 0.020362,
                "60": 0.020105,
                "61": 0.020234,
                "62": 0.020123,
                "63": 0.020177,
                "64": 0.020405,
                "65": 0.020379,
                "66": 0.02009,
                "67": 0.020137,
                "68": 0.020095,
                "69": 0.020114,
                "70": 0.020187,
                "71": 0.020135,
                "72": 0.020088,
                "73": 0.020291,
                "74": 0.02035,
                "75": 0.020281,
                "76": 0.020479,
                "77": 0.020303,
                "78": 0.019995,
                "79": 0.020174,
                "80": 0.020149,
                "81": 0.020278,
                "82": 0.020482,
                "83": 0.02069,
                "84": 0.02058,
                "85": 0.020459,
                "86": 0.020415,
                "87": 0.020282,
                "88": 0.020509,
                "89": 0.020182,
                "90": 0.020272,
                "91": 0.020229,
                "92": 0.020059,
                "93": 0.020273,
                "94": 0.020172,
                "95": 0.020074,
                "96": 0.02025,
                "97": 0.02015,
                "98": 0.020211,
                "99": 0.020072,
                "100": 0.020062,
                "101": 0.019958,
                "102": 0.020014,
                "103": 0.020338,
                "104": 0.019993,
                "105": 0.020095,
                "106": 0.020293,
                "107": 0.019985,
                "108": 0.020097,
                "109": 0.020022,
                "110": 0.020254,
                "111": 0.02045,
                "112": 0.020336,
                "113": 0.020471,
                "114": 0.020099,
                "115": 0.020321,
                "116": 0.020025,
                "117": 0.019791,
                "118": 0.007386
            },
            "validation_time": 0.127081,