{
    "init": 0.2130749225616455,
    "total_training": 63.1292870045,
    "largest_real_time_delta": 58.31000018119812,
    "fit_time": 62.7816410065,
    "write_model_time": 0.134526968002,
    "epochs": {
        "1": {
            "steps": {
                "1": 7.02395796776,
                "2": 0.245735883713,
                "3": 0.245037078857,
                "4": 0.245328903198,
                "5": 0.242865085602,
                "6": 0.24490404129,
                "7": 0.242934942245,
                "8": 0.241497039795,
                "9": 0.241062164307,
                "10": 0.239987850189,
                "11": 0.240980148315,
                "12": 0.242933034897,
                "13": 0.242274045944,
                "14": 0.24183011055,
                "15": 0.251348018646,
                "16": 0.241836071014,
                "17": 0.241206169128,
                "18": 0.241577148438,
                "19": 0.242959976196,
                "20": 0.241691112518,
                "21": 0.242892980576,
                "22": 0.248761892319,
                "23": 0.244476079941,
                "24": 0.241978883743,
                "25": 0.244400024414,
                "26": 0.245028972626,
                "27": 0.242166042328,
                "28": 0.243749141693,
                "29": 0.247051954269,
                "30": 0.242201089859,
                "31": 0.244385957718,
                "32": 0.241402864456,
                "33": 0.243218898773,
                "34": 0.242025136948,
                "35": 0.241349935532,
                "36": 0.242490053177,
                "37": 0.247414112091,
                "38": 0.247704029083,
                "39": 0.24640917778,
                "40": 2.64769983292
            },
            "validation_accuracy": 0.8726,
            "validation_time": 0.16800904274,
            "epoch_time": 19.1113359928
        },
        "2": {
            "steps": {
                "1": 0.242458105087,
                "2": 0.241587877274,
                "3": 0.249707937241,
                "4": 0.242150068283,
                "5": 0.242485046387,
                "6": 0.242078065872,
                "7": 0.241773843765,
                "8": 0.242434024811,
                "9": 0.24124789238,
                "10": 0.244169950485,
                "11": 0.247758865356,
                "12": 0.242939949036,
                "13": 0.239711046219,
                "14": 0.246542930603,
                "15": 0.244807958603,
                "16": 0.242681980133,
                "17": 0.24840092659,
                "18": 0.241878032684,
                "19": 0.242105007172,
                "20": 0.242239952087,
                "21": 0.241014957428,
                "22": 0.245135068893,
                "23": 0.244946956635,
                "24": 0.245755910873,
                "25": 0.249400138855,
                "26": 0.241465091705,
                "27": 0.241858005524,
                "28": 0.243658065796,
                "29": 0.241799116135,
                "30": 0.24565410614,
                "31": 0.254670858383,
                "32": 0.243183135986,
                "33": 0.243197202682,
                "34": 0.244328975677,
                "35": 0.243394851685,
                "36": 0.241253137589,
                "37": 0.24610710144,
                "38": 0.253875017166,
                "39": 0.23814702034,
                "40": 0.138961076736
            },
            "validation_accuracy": 0.9245,
            "validation_time": 0.0146820545197,
            "epoch_time": 9.68671989441
        },
        "3": {
            "steps": {
                "1": 0.240129947662,
                "2": 0.245084047318,
                "3": 0.241677999496,
                "4": 0.243520021439,
                "5": 0.245269060135,
                "6": 0.251647949219,
                "7": 0.242828845978,
                "8": 0.242347955704,
                "9": 0.245584964752,
                "10": 0.241381883621,
                "11": 0.245978116989,
                "12": 0.244791984558,
                "13": 0.244184017181,
                "14": 0.249625921249,
                "15": 0.249217033386,
                "16": 0.246084928513,
                "17": 0.242708921432,
                "18": 0.244369983673,
                "19": 0.245786905289,
                "20": 0.354196071625,
                "21": 0.246134996414,
                "22": 0.242594957352,
                "23": 0.242929935455,
                "24": 0.242486000061,
                "25": 0.241791009903,
                "26": 0.246193170547,
                "27": 0.247041940689,
                "28": 0.252636909485,
                "29": 0.244929075241,
                "30": 0.244085788727,
                "31": 0.244776010513,
                "32": 0.245537042618,
                "33": 0.243546009064,
                "34": 0.244474887848,
                "35": 0.248881101608,
                "36": 0.24835395813,
                "37": 0.243791103363,
                "38": 0.243489027023,
                "39": 0.234384059906,
                "40": 0.138550043106
            },
            "validation_accuracy": 0.9387,
            "validation_time": 0.015477180481,
            "epoch_time": 9.82322001457
        },
        "4": {
            "steps": {
                "1": 0.245358943939,
                "2": 0.246953964233,
                "3": 0.25076007843,
                "4": 0.244568824768,
                "5": 0.244227170944,
                "6": 0.243977069855,
                "7": 0.244112014771,
                "8": 0.244282007217,
                "9": 0.243738889694,
                "10": 0.300534963608,
                "11": 0.285369873047,
                "12": 0.241317987442,
                "13": 0.244749069214,
                "14": 0.242280006409,
                "15": 0.244009017944,
                "16": 0.245517969131,
                "17": 0.245054960251,
                "18": 0.251768827438,
                "19": 0.242294073105,
                "20": 0.243977069855,
                "21": 0.248821020126,
                "22": 0.243813991547,
                "23": 0.243230104446,
                "24": 0.243661880493,
                "25": 0.244027137756,
                "26": 0.247832775116,
                "27": 0.250944137573,
                "28": 0.245553016663,
                "29": 0.247550010681,
                "30": 0.247039079666,
                "31": 0.24566411972,
                "32": 0.241528987885,
                "33": 0.248915195465,
                "34": 0.253482818604,
                "35": 0.244044065475,
                "36": 0.243348836899,
                "37": 0.243234157562,
                "38": 0.243791818619,
                "39": 0.239394187927,
                "40": 0.139940977097
            },
            "validation_accuracy": 0.9575,
            "validation_time": 0.0148839950562,
            "epoch_time": 9.83086204529
        },
        "5": {
            "steps": {
                "1": 0.241772174835,
                "2": 0.242770195007,
                "3": 0.258199214935,
                "4": 0.251830101013,
                "5": 0.245703935623,
                "6": 0.245705842972,
                "7": 0.243824958801,
                "8": 0.243793964386,
                "9": 0.242770910263,
                "10": 0.245168924332,
                "11": 0.247075080872,
                "12": 0.256419897079,
                "13": 0.246014118195,
                "14": 0.246572971344,
                "15": 0.244681119919,
                "16": 0.244095087051,
                "17": 0.244520902634,
                "18": 0.244101047516,
                "19": 0.249653100967,
                "20": 0.253719091415,
                "21": 0.243985891342,
                "22": 0.245721101761,
                "23": 0.243995904922,
                "24": 0.245812177658,
                "25": 0.244304895401,